time_s,r_0_cm,r_0.1_cm,r_0.2_cm,r_0.3_cm,r_0.4_cm,r_0.5_cm,r_0.6_cm,r_0.7_cm,r_0.8_cm,r_0.9_cm,r_1_cm,r_1.1_cm,r_1.2_cm,r_1.3_cm,r_1.4_cm,r_1.5_cm,r_1.6_cm,r_1.7_cm,r_1.8_cm,r_1.9_cm,r_2_cm
1,2.5500,2.5500,2.5500,2.5500,2.5500,2.5500,2.5500,2.5500,2.5500,2.5500,2.5500,2.5500,2.5500,2.5500,2.5500,2.5500,2.5500,2.5500,2.5500,2.5500,2.5267
2,2.5500,2.5500,2.5500,2.5500,2.5500,2.5500,2.5500,2.5500,2.5500,2.5500,2.5500,2.5500,2.5500,2.5500,2.5500,2.5500,2.5500,2.5500,2.5500,2.5500,2.5112
3,2.5500,2.5500,2.5500,2.5500,2.5500,2.5500,2.5500,2.5500,2.5500,2.5500,2.5500,2.5500,2.5500,2.5500,2.5500,2.5500,2.5500,2.5500,2.5500,2.5500,2.4997
4,2.5500,2.5500,2.5500,2.5500,2.5500,2.5500,2.5500,2.5500,2.5500,2.5500,2.5500,2.5500,2.5500,2.5500,2.5500,2.5500,2.5500,2.5500,2.5500,2.5500,2.4903
5,2.5500,2.5500,2.5500,2.5500,2.5500,2.5500,2.5500,2.5500,2.5500,2.5500,2.5500,2.5500,2.5500,2.5500,2.5500,2.5500,2.5500,2.5500,2.5500,2.5500,2.4823
6,2.5500,2.5500,2.5500,2.5500,2.5500,2.5500,2.5500,2.5500,2.5500,2.5500,2.5500,2.5500,2.5500,2.5500,2.5500,2.5500,2.5500,2.5500,2.5500,2.5500,2.4752
7,2.5500,2.5500,2.5500,2.5500,2.5500,2.5500,2.5500,2.5500,2.5500,2.5500,2.5500,2.5500,2.5500,2.5500,2.5500,2.5500,2.5500,2.5500,2.5500,2.5500,2.4687
8,2.5500,2.5500,2.5500,2.5500,2.5500,2.5500,2.5500,2.5500,2.5500,2.5500,2.5500,2.5500,2.5500,2.5500,2.5500,2.5500,2.5500,2.5500,2.5500,2.5499,2.4628
9,2.5500,2.5500,2.5500,2.5500,2.5500,2.5500,2.5500,2.5500,2.5500,2.5500,2.5500,2.5500,2.5500,2.5500,2.5500,2.5500,2.5500,2.5500,2.5500,2.5499,2.4572
10,2.5500,2.5500,2.5500,2.5500,2.5500,2.5500,2.5500,2.5500,2.5500,2.5500,2.5500,2.5500,2.5500,2.5500,2.5500,2.5500,2.5500,2.5500,2.5500,2.5498,2.4520
11,2.5500,2.5500,2.5500,2.5500,2.5500,2.5500,2.5500,2.5500,2.5500,2.5500,2.5500,2.5500,2.5500,2.5500,2.5500,2.5500,2.5500,2.5500,2.5500,2.5498,2.4471
12,2.5500,2.5500,2.5500,2.5500,2.5500,2.5500,2.5500,2.5500,2.5500,2.5500,2.5500,2.5500,2.5500,2.5500,2.5500,2.5500,2.5500,2.5500,2.5500,2.5497,2.4424
13,2.5500,2.5500,2.5500,2.5500,2.5500,2.5500,2.5500,2.5500,2.5500,2.5500,2.5500,2.5500,2.5500,2.5500,2.5500,2.5500,2.5500,2.5500,2.5500,2.5496,2.4380
14,2.5500,2.5500,2.5500,2.5500,2.5500,2.5500,2.5500,2.5500,2.5500,2.5500,2.5500,2.5500,2.5500,2.5500,2.5500,2.5500,2.5500,2.5500,2.5500,2.5494,2.4337
15,2.5500,2.5500,2.5500,2.5500,2.5500,2.5500,2.5500,2.5500,2.5500,2.5500,2.5500,2.5500,2.5500,2.5500,2.5500,2.5500,2.5500,2.5500,2.5500,2.5493,2.4296
16,2.5500,2.5500,2.5500,2.5500,2.5500,2.5500,2.5500,2.5500,2.5500,2.5500,2.5500,2.5500,2.5500,2.5500,2.5500,2.5500,2.5500,2.5500,2.5500,2.5491,2.4256
17,2.5500,2.5500,2.5500,2.5500,2.5500,2.5500,2.5500,2.5500,2.5500,2.5500,2.5500,2.5500,2.5500,2.5500,2.5500,2.5500,2.5500,2.5500,2.5500,2.5489,2.4217
18,2.5500,2.5500,2.5500,2.5500,2.5500,2.5500,2.5500,2.5500,2.5500,2.5500,2.5500,2.5500,2.5500,2.5500,2.5500,2.5500,2.5500,2.5500,2.5500,2.5487,2.4180
19,2.5500,2.5500,2.5500,2.5500,2.5500,2.5500,2.5500,2.5500,2.5500,2.5500,2.5500,2.5500,2.5500,2.5500,2.5500,2.5500,2.5500,2.5500,2.5500,2.5484,2.4144
20,2.5500,2.5500,2.5500,2.5500,2.5500,2.5500,2.5500,2.5500,2.5500,2.5500,2.5500,2.5500,2.5500,2.5500,2.5500,2.5500,2.5500,2.5500,2.5500,2.5481,2.4109
21,2.5500,2.5500,2.5500,2.5500,2.5500,2.5500,2.5500,2.5500,2.5500,2.5500,2.5500,2.5500,2.5500,2.5500,2.5500,2.5500,2.5500,2.5500,2.5500,2.5478,2.4075
22,2.5500,2.5500,2.5500,2.5500,2.5500,2.5500,2.5500,2.5500,2.5500,2.5500,2.5500,2.5500,2.5500,2.5500,2.5500,2.5500,2.5500,2.5500,2.5500,2.5475,2.4042
23,2.5500,2.5500,2.5500,2.5500,2.5500,2.5500,2.5500,2.5500,2.5500,2.5500,2.5500,2.5500,2.5500,2.5500,2.5500,2.5500,2.5500,2.5500,2.5500,2.5471,2.4009
24,2.5500,2.5500,2.5500,2.5500,2.5500,2.5500,2.5500,2.5500,2.5500,2.5500,2.5500,2.5500,2.5500,2.5500,2.5500,2.5500,2.5500,2.5500,2.5500,2.5467,2.3978
25,2.5500,2.5500,2.5500,2.5500,2.5500,2.5500,2.5500,2.5500,2.5500,2.5500,2.5500,2.5500,2.5500,2.5500,2.5500,2.5500,2.5500,2.5500,2.5500,2.5463,2.3947
26,2.5500,2.5500,2.5500,2.5500,2.5500,2.5500,2.5500,2.5500,2.5500,2.5500,2.5500,2.5500,2.5500,2.5500,2.5500,2.5500,2.5500,2.5500,2.5500,2.5459,2.3917
27,2.5500,2.5500,2.5500,2.5500,2.5500,2.5500,2.5500,2.5500,2.5500,2.5500,2.5500,2.5500,2.5500,2.5500,2.5500,2.5500,2.5500,2.5500,2.5500,2.5454,2.3887
28,2.5500,2.5500,2.5500,2.5500,2.5500,2.5500,2.5500,2.5500,2.5500,2.5500,2.5500,2.5500,2.5500,2.5500,2.5500,2.5500,2.5500,2.5500,2.5500,2.5449,2.3858
29,2.5500,2.5500,2.5500,2.5500,2.5500,2.5500,2.5500,2.5500,2.5500,2.5500,2.5500,2.5500,2.5500,2.5500,2.5500,2.5500,2.5500,2.5500,2.5500,2.5444,2.3829
30,2.5500,2.5500,2.5500,2.5500,2.5500,2.5500,2.5500,2.5500,2.5500,2.5500,2.5500,2.5500,2.5500,2.5500,2.5500,2.5500,2.5500,2.5500,2.5500,2.5439,2.3801
31,2.5500,2.5500,2.5500,2.5500,2.5500,2.5500,2.5500,2.5500,2.5500,2.5500,2.5500,2.5500,2.5500,2.5500,2.5500,2.5500,2.5500,2.5500,2.5500,2.5434,2.3774
32,2.5500,2.5500,2.5500,2.5500,2.5500,2.5500,2.5500,2.5500,2.5500,2.5500,2.5500,2.5500,2.5500,2.5500,2.5500,2.5500,2.5500,2.5500,2.5500,2.5428,2.3747
33,2.5500,2.5500,2.5500,2.5500,2.5500,2.5500,2.5500,2.5500,2.5500,2.5500,2.5500,2.5500,2.5500,2.5500,2.5500,2.5500,2.5500,2.5500,2.5499,2.5422,2.3720
34,2.5500,2.5500,2.5500,2.5500,2.5500,2.5500,2.5500,2.5500,2.5500,2.5500,2.5500,2.5500,2.5500,2.5500,2.5500,2.5500,2.5500,2.5500,2.5499,2.5416,2.3694
35,2.5500,2.5500,2.5500,2.5500,2.5500,2.5500,2.5500,2.5500,2.5500,2.5500,2.5500,2.5500,2.5500,2.5500,2.5500,2.5500,2.5500,2.5500,2.5499,2.5410,2.3669
36,2.5500,2.5500,2.5500,2.5500,2.5500,2.5500,2.5500,2.5500,2.5500,2.5500,2.5500,2.5500,2.5500,2.5500,2.5500,2.5500,2.5500,2.5500,2.5499,2.5404,2.3643
37,2.5500,2.5500,2.5500,2.5500,2.5500,2.5500,2.5500,2.5500,2.5500,2.5500,2.5500,2.5500,2.5500,2.5500,2.5500,2.5500,2.5500,2.5500,2.5499,2.5397,2.3619
38,2.5500,2.5500,2.5500,2.5500,2.5500,2.5500,2.5500,2.5500,2.5500,2.5500,2.5500,2.5500,2.5500,2.5500,2.5500,2.5500,2.5500,2.5500,2.5499,2.5391,2.3594
39,2.5500,2.5500,2.5500,2.5500,2.5500,2.5500,2.5500,2.5500,2.5500,2.5500,2.5500,2.5500,2.5500,2.5500,2.5500,2.5500,2.5500,2.5500,2.5499,2.5384,2.3570
40,2.5500,2.5500,2.5500,2.5500,2.5500,2.5500,2.5500,2.5500,2.5500,2.5500,2.5500,2.5500,2.5500,2.5500,2.5500,2.5500,2.5500,2.5500,2.5498,2.5377,2.3546
41,2.5500,2.5500,2.5500,2.5500,2.5500,2.5500,2.5500,2.5500,2.5500,2.5500,2.5500,2.5500,2.5500,2.5500,2.5500,2.5500,2.5500,2.5500,2.5498,2.5370,2.3523
42,2.5500,2.5500,2.5500,2.5500,2.5500,2.5500,2.5500,2.5500,2.5500,2.5500,2.5500,2.5500,2.5500,2.5500,2.5500,2.5500,2.5500,2.5500,2.5498,2.5363,2.3500
43,2.5500,2.5500,2.5500,2.5500,2.5500,2.5500,2.5500,2.5500,2.5500,2.5500,2.5500,2.5500,2.5500,2.5500,2.5500,2.5500,2.5500,2.5500,2.5498,2.5356,2.3477
44,2.5500,2.5500,2.5500,2.5500,2.5500,2.5500,2.5500,2.5500,2.5500,2.5500,2.5500,2.5500,2.5500,2.5500,2.5500,2.5500,2.5500,2.5500,2.5497,2.5348,2.3454
45,2.5500,2.5500,2.5500,2.5500,2.5500,2.5500,2.5500,2.5500,2.5500,2.5500,2.5500,2.5500,2.5500,2.5500,2.5500,2.5500,2.5500,2.5500,2.5497,2.5341,2.3432
46,2.5500,2.5500,2.5500,2.5500,2.5500,2.5500,2.5500,2.5500,2.5500,2.5500,2.5500,2.5500,2.5500,2.5500,2.5500,2.5500,2.5500,2.5500,2.5497,2.5333,2.3410
47,2.5500,2.5500,2.5500,2.5500,2.5500,2.5500,2.5500,2.5500,2.5500,2.5500,2.5500,2.5500,2.5500,2.5500,2.5500,2.5500,2.5500,2.5500,2.5497,2.5326,2.3388
48,2.5500,2.5500,2.5500,2.5500,2.5500,2.5500,2.5500,2.5500,2.5500,2.5500,2.5500,2.5500,2.5500,2.5500,2.5500,2.5500,2.5500,2.5500,2.5496,2.5318,2.3366
49,2.5500,2.5500,2.5500,2.5500,2.5500,2.5500,2.5500,2.5500,2.5500,2.5500,2.5500,2.5500,2.5500,2.5500,2.5500,2.5500,2.5500,2.5500,2.5496,2.5310,2.3345
50,2.5500,2.5500,2.5500,2.5500,2.5500,2.5500,2.5500,2.5500,2.5500,2.5500,2.5500,2.5500,2.5500,2.5500,2.5500,2.5500,2.5500,2.5500,2.5495,2.5302,2.3324
51,2.5500,2.5500,2.5500,2.5500,2.5500,2.5500,2.5500,2.5500,2.5500,2.5500,2.5500,2.5500,2.5500,2.5500,2.5500,2.5500,2.5500,2.5500,2.5495,2.5294,2.3303
52,2.5500,2.5500,2.5500,2.5500,2.5500,2.5500,2.5500,2.5500,2.5500,2.5500,2.5500,2.5500,2.5500,2.5500,2.5500,2.5500,2.5500,2.5500,2.5494,2.5286,2.3283
53,2.5500,2.5500,2.5500,2.5500,2.5500,2.5500,2.5500,2.5500,2.5500,2.5500,2.5500,2.5500,2.5500,2.5500,2.5500,2.5500,2.5500,2.5500,2.5494,2.5278,2.3263
54,2.5500,2.5500,2.5500,2.5500,2.5500,2.5500,2.5500,2.5500,2.5500,2.5500,2.5500,2.5500,2.5500,2.5500,2.5500,2.5500,2.5500,2.5500,2.5493,2.5270,2.3242
55,2.5500,2.5500,2.5500,2.5500,2.5500,2.5500,2.5500,2.5500,2.5500,2.5500,2.5500,2.5500,2.5500,2.5500,2.5500,2.5500,2.5500,2.5500,2.5493,2.5261,2.3222
56,2.5500,2.5500,2.5500,2.5500,2.5500,2.5500,2.5500,2.5500,2.5500,2.5500,2.5500,2.5500,2.5500,2.5500,2.5500,2.5500,2.5500,2.5500,2.5492,2.5253,2.3203
57,2.5500,2.5500,2.5500,2.5500,2.5500,2.5500,2.5500,2.5500,2.5500,2.5500,2.5500,2.5500,2.5500,2.5500,2.5500,2.5500,2.5500,2.5500,2.5491,2.5245,2.3183
58,2.5500,2.5500,2.5500,2.5500,2.5500,2.5500,2.5500,2.5500,2.5500,2.5500,2.5500,2.5500,2.5500,2.5500,2.5500,2.5500,2.5500,2.5500,2.5491,2.5236,2.3164
59,2.5500,2.5500,2.5500,2.5500,2.5500,2.5500,2.5500,2.5500,2.5500,2.5500,2.5500,2.5500,2.5500,2.5500,2.5500,2.5500,2.5500,2.5500,2.5490,2.5228,2.3145
60,2.5500,2.5500,2.5500,2.5500,2.5500,2.5500,2.5500,2.5500,2.5500,2.5500,2.5500,2.5500,2.5500,2.5500,2.5500,2.5500,2.5500,2.5500,2.5489,2.5219,2.3126
61,2.5500,2.5500,2.5500,2.5500,2.5500,2.5500,2.5500,2.5500,2.5500,2.5500,2.5500,2.5500,2.5500,2.5500,2.5500,2.5500,2.5500,2.5500,2.5489,2.5211,2.3107
62,2.5500,2.5500,2.5500,2.5500,2.5500,2.5500,2.5500,2.5500,2.5500,2.5500,2.5500,2.5500,2.5500,2.5500,2.5500,2.5500,2.5500,2.5500,2.5488,2.5202,2.3088
63,2.5500,2.5500,2.5500,2.5500,2.5500,2.5500,2.5500,2.5500,2.5500,2.5500,2.5500,2.5500,2.5500,2.5500,2.5500,2.5500,2.5500,2.5500,2.5487,2.5193,2.3070
64,2.5500,2.5500,2.5500,2.5500,2.5500,2.5500,2.5500,2.5500,2.5500,2.5500,2.5500,2.5500,2.5500,2.5500,2.5500,2.5500,2.5500,2.5500,2.5486,2.5185,2.3052
65,2.5500,2.5500,2.5500,2.5500,2.5500,2.5500,2.5500,2.5500,2.5500,2.5500,2.5500,2.5500,2.5500,2.5500,2.5500,2.5500,2.5500,2.5500,2.5485,2.5176,2.3033
66,2.5500,2.5500,2.5500,2.5500,2.5500,2.5500,2.5500,2.5500,2.5500,2.5500,2.5500,2.5500,2.5500,2.5500,2.5500,2.5500,2.5500,2.5500,2.5484,2.5167,2.3015
67,2.5500,2.5500,2.5500,2.5500,2.5500,2.5500,2.5500,2.5500,2.5500,2.5500,2.5500,2.5500,2.5500,2.5500,2.5500,2.5500,2.5500,2.5500,2.5483,2.5158,2.2998
68,2.5500,2.5500,2.5500,2.5500,2.5500,2.5500,2.5500,2.5500,2.5500,2.5500,2.5500,2.5500,2.5500,2.5500,2.5500,2.5500,2.5500,2.5500,2.5482,2.5150,2.2980
69,2.5500,2.5500,2.5500,2.5500,2.5500,2.5500,2.5500,2.5500,2.5500,2.5500,2.5500,2.5500,2.5500,2.5500,2.5500,2.5500,2.5500,2.5500,2.5481,2.5141,2.2962
70,2.5500,2.5500,2.5500,2.5500,2.5500,2.5500,2.5500,2.5500,2.5500,2.5500,2.5500,2.5500,2.5500,2.5500,2.5500,2.5500,2.5500,2.5500,2.5480,2.5132,2.2945
71,2.5500,2.5500,2.5500,2.5500,2.5500,2.5500,2.5500,2.5500,2.5500,2.5500,2.5500,2.5500,2.5500,2.5500,2.5500,2.5500,2.5500,2.5500,2.5479,2.5123,2.2928
72,2.5500,2.5500,2.5500,2.5500,2.5500,2.5500,2.5500,2.5500,2.5500,2.5500,2.5500,2.5500,2.5500,2.5500,2.5500,2.5500,2.5500,2.5500,2.5478,2.5114,2.2911
73,2.5500,2.5500,2.5500,2.5500,2.5500,2.5500,2.5500,2.5500,2.5500,2.5500,2.5500,2.5500,2.5500,2.5500,2.5500,2.5500,2.5500,2.5499,2.5477,2.5105,2.2894
74,2.5500,2.5500,2.5500,2.5500,2.5500,2.5500,2.5500,2.5500,2.5500,2.5500,2.5500,2.5500,2.5500,2.5500,2.5500,2.5500,2.5500,2.5499,2.5475,2.5096,2.2877
75,2.5500,2.5500,2.5500,2.5500,2.5500,2.5500,2.5500,2.5500,2.5500,2.5500,2.5500,2.5500,2.5500,2.5500,2.5500,2.5500,2.5500,2.5499,2.5474,2.5087,2.2860
76,2.5500,2.5500,2.5500,2.5500,2.5500,2.5500,2.5500,2.5500,2.5500,2.5500,2.5500,2.5500,2.5500,2.5500,2.5500,2.5500,2.5500,2.5499,2.5473,2.5078,2.2844
77,2.5500,2.5500,2.5500,2.5500,2.5500,2.5500,2.5500,2.5500,2.5500,2.5500,2.5500,2.5500,2.5500,2.5500,2.5500,2.5500,2.5500,2.5499,2.5472,2.5069,2.2827
78,2.5500,2.5500,2.5500,2.5500,2.5500,2.5500,2.5500,2.5500,2.5500,2.5500,2.5500,2.5500,2.5500,2.5500,2.5500,2.5500,2.5500,2.5499,2.5470,2.5060,2.2811
79,2.5500,2.5500,2.5500,2.5500,2.5500,2.5500,2.5500,2.5500,2.5500,2.5500,2.5500,2.5500,2.5500,2.5500,2.5500,2.5500,2.5500,2.5499,2.5469,2.5051,2.2795
80,2.5500,2.5500,2.5500,2.5500,2.5500,2.5500,2.5500,2.5500,2.5500,2.5500,2.5500,2.5500,2.5500,2.5500,2.5500,2.5500,2.5500,2.5499,2.5467,2.5042,2.2778
81,2.5500,2.5500,2.5500,2.5500,2.5500,2.5500,2.5500,2.5500,2.5500,2.5500,2.5500,2.5500,2.5500,2.5500,2.5500,2.5500,2.5500,2.5499,2.5466,2.5033,2.2762
82,2.5500,2.5500,2.5500,2.5500,2.5500,2.5500,2.5500,2.5500,2.5500,2.5500,2.5500,2.5500,2.5500,2.5500,2.5500,2.5500,2.5500,2.5499,2.5464,2.5024,2.2747
83,2.5500,2.5500,2.5500,2.5500,2.5500,2.5500,2.5500,2.5500,2.5500,2.5500,2.5500,2.5500,2.5500,2.5500,2.5500,2.5500,2.5500,2.5499,2.5463,2.5015,2.2731
84,2.5500,2.5500,2.5500,2.5500,2.5500,2.5500,2.5500,2.5500,2.5500,2.5500,2.5500,2.5500,2.5500,2.5500,2.5500,2.5500,2.5500,2.5499,2.5461,2.5006,2.2715
85,2.5500,2.5500,2.5500,2.5500,2.5500,2.5500,2.5500,2.5500,2.5500,2.5500,2.5500,2.5500,2.5500,2.5500,2.5500,2.5500,2.5500,2.5499,2.5460,2.4997,2.2700
86,2.5500,2.5500,2.5500,2.5500,2.5500,2.5500,2.5500,2.5500,2.5500,2.5500,2.5500,2.5500,2.5500,2.5500,2.5500,2.5500,2.5500,2.5499,2.5458,2.4988,2.2684
87,2.5500,2.5500,2.5500,2.5500,2.5500,2.5500,2.5500,2.5500,2.5500,2.5500,2.5500,2.5500,2.5500,2.5500,2.5500,2.5500,2.5500,2.5498,2.5456,2.4979,2.2669
88,2.5500,2.5500,2.5500,2.5500,2.5500,2.5500,2.5500,2.5500,2.5500,2.5500,2.5500,2.5500,2.5500,2.5500,2.5500,2.5500,2.5500,2.5498,2.5455,2.4969,2.2653
89,2.5500,2.5500,2.5500,2.5500,2.5500,2.5500,2.5500,2.5500,2.5500,2.5500,2.5500,2.5500,2.5500,2.5500,2.5500,2.5500,2.5500,2.5498,2.5453,2.4960,2.2638
90,2.5500,2.5500,2.5500,2.5500,2.5500,2.5500,2.5500,2.5500,2.5500,2.5500,2.5500,2.5500,2.5500,2.5500,2.5500,2.5500,2.5500,2.5498,2.5451,2.4951,2.2623
91,2.5500,2.5500,2.5500,2.5500,2.5500,2.5500,2.5500,2.5500,2.5500,2.5500,2.5500,2.5500,2.5500,2.5500,2.5500,2.5500,2.5500,2.5498,2.5449,2.4942,2.2608
92,2.5500,2.5500,2.5500,2.5500,2.5500,2.5500,2.5500,2.5500,2.5500,2.5500,2.5500,2.5500,2.5500,2.5500,2.5500,2.5500,2.5500,2.5498,2.5448,2.4933,2.2593
93,2.5500,2.5500,2.5500,2.5500,2.5500,2.5500,2.5500,2.5500,2.5500,2.5500,2.5500,2.5500,2.5500,2.5500,2.5500,2.5500,2.5500,2.5498,2.5446,2.4924,2.2579
94,2.5500,2.5500,2.5500,2.5500,2.5500,2.5500,2.5500,2.5500,2.5500,2.5500,2.5500,2.5500,2.5500,2.5500,2.5500,2.5500,2.5500,2.5498,2.5444,2.4915,2.2564
95,2.5500,2.5500,2.5500,2.5500,2.5500,2.5500,2.5500,2.5500,2.5500,2.5500,2.5500,2.5500,2.5500,2.5500,2.5500,2.5500,2.5500,2.5497,2.5442,2.4906,2.2549
96,2.5500,2.5500,2.5500,2.5500,2.5500,2.5500,2.5500,2.5500,2.5500,2.5500,2.5500,2.5500,2.5500,2.5500,2.5500,2.5500,2.5500,2.5497,2.5440,2.4897,2.2535
97,2.5500,2.5500,2.5500,2.5500,2.5500,2.5500,2.5500,2.5500,2.5500,2.5500,2.5500,2.5500,2.5500,2.5500,2.5500,2.5500,2.5500,2.5497,2.5438,2.4888,2.2520
98,2.5500,2.5500,2.5500,2.5500,2.5500,2.5500,2.5500,2.5500,2.5500,2.5500,2.5500,2.5500,2.5500,2.5500,2.5500,2.5500,2.5500,2.5497,2.5436,2.4879,2.2506
99,2.5500,2.5500,2.5500,2.5500,2.5500,2.5500,2.5500,2.5500,2.5500,2.5500,2.5500,2.5500,2.5500,2.5500,2.5500,2.5500,2.5500,2.5497,2.5434,2.4869,2.2492
100,2.5500,2.5500,2.5500,2.5500,2.5500,2.5500,2.5500,2.5500,2.5500,2.5500,2.5500,2.5500,2.5500,2.5500,2.5500,2.5500,2.5500,2.5497,2.5432,2.4860,2.2478
101,2.5500,2.5500,2.5500,2.5500,2.5500,2.5500,2.5500,2.5500,2.5500,2.5500,2.5500,2.5500,2.5500,2.5500,2.5500,2.5500,2.5500,2.5496,2.5430,2.4851,2.2463
102,2.5500,2.5500,2.5500,2.5500,2.5500,2.5500,2.5500,2.5500,2.5500,2.5500,2.5500,2.5500,2.5500,2.5500,2.5500,2.5500,2.5500,2.5496,2.5427,2.4842,2.2449
103,2.5500,2.5500,2.5500,2.5500,2.5500,2.5500,2.5500,2.5500,2.5500,2.5500,2.5500,2.5500,2.5500,2.5500,2.5500,2.5500,2.5500,2.5496,2.5425,2.4833,2.2435
104,2.5500,2.5500,2.5500,2.5500,2.5500,2.5500,2.5500,2.5500,2.5500,2.5500,2.5500,2.5500,2.5500,2.5500,2.5500,2.5500,2.5500,2.5496,2.5423,2.4824,2.2422
105,2.5500,2.5500,2.5500,2.5500,2.5500,2.5500,2.5500,2.5500,2.5500,2.5500,2.5500,2.5500,2.5500,2.5500,2.5500,2.5500,2.5500,2.5496,2.5421,2.4815,2.2408
106,2.5500,2.5500,2.5500,2.5500,2.5500,2.5500,2.5500,2.5500,2.5500,2.5500,2.5500,2.5500,2.5500,2.5500,2.5500,2.5500,2.5500,2.5495,2.5419,2.4806,2.2394
107,2.5500,2.5500,2.5500,2.5500,2.5500,2.5500,2.5500,2.5500,2.5500,2.5500,2.5500,2.5500,2.5500,2.5500,2.5500,2.5500,2.5500,2.5495,2.5416,2.4797,2.2380
108,2.5500,2.5500,2.5500,2.5500,2.5500,2.5500,2.5500,2.5500,2.5500,2.5500,2.5500,2.5500,2.5500,2.5500,2.5500,2.5500,2.5500,2.5495,2.5414,2.4788,2.2367
109,2.5500,2.5500,2.5500,2.5500,2.5500,2.5500,2.5500,2.5500,2.5500,2.5500,2.5500,2.5500,2.5500,2.5500,2.5500,2.5500,2.5500,2.5495,2.5412,2.4779,2.2353
110,2.5500,2.5500,2.5500,2.5500,2.5500,2.5500,2.5500,2.5500,2.5500,2.5500,2.5500,2.5500,2.5500,2.5500,2.5500,2.5500,2.5500,2.5494,2.5409,2.4770,2.2340
111,2.5500,2.5500,2.5500,2.5500,2.5500,2.5500,2.5500,2.5500,2.5500,2.5500,2.5500,2.5500,2.5500,2.5500,2.5500,2.5500,2.5500,2.5494,2.5407,2.4761,2.2327
112,2.5500,2.5500,2.5500,2.5500,2.5500,2.5500,2.5500,2.5500,2.5500,2.5500,2.5500,2.5500,2.5500,2.5500,2.5500,2.5500,2.5500,2.5494,2.5404,2.4752,2.2313
113,2.5500,2.5500,2.5500,2.5500,2.5500,2.5500,2.5500,2.5500,2.5500,2.5500,2.5500,2.5500,2.5500,2.5500,2.5500,2.5500,2.5500,2.5493,2.5402,2.4743,2.2300
114,2.5500,2.5500,2.5500,2.5500,2.5500,2.5500,2.5500,2.5500,2.5500,2.5500,2.5500,2.5500,2.5500,2.5500,2.5500,2.5500,2.5500,2.5493,2.5399,2.4734,2.2287
115,2.5500,2.5500,2.5500,2.5500,2.5500,2.5500,2.5500,2.5500,2.5500,2.5500,2.5500,2.5500,2.5500,2.5500,2.5500,2.5500,2.5500,2.5493,2.5397,2.4725,2.2274
116,2.5500,2.5500,2.5500,2.5500,2.5500,2.5500,2.5500,2.5500,2.5500,2.5500,2.5500,2.5500,2.5500,2.5500,2.5500,2.5500,2.5500,2.5493,2.5394,2.4716,2.2261
117,2.5500,2.5500,2.5500,2.5500,2.5500,2.5500,2.5500,2.5500,2.5500,2.5500,2.5500,2.5500,2.5500,2.5500,2.5500,2.5500,2.5500,2.5492,2.5392,2.4707,2.2248
118,2.5500,2.5500,2.5500,2.5500,2.5500,2.5500,2.5500,2.5500,2.5500,2.5500,2.5500,2.5500,2.5500,2.5500,2.5500,2.5500,2.5500,2.5492,2.5389,2.4698,2.2235
119,2.5500,2.5500,2.5500,2.5500,2.5500,2.5500,2.5500,2.5500,2.5500,2.5500,2.5500,2.5500,2.5500,2.5500,2.5500,2.5500,2.5500,2.5492,2.5387,2.4689,2.2222
120,2.5500,2.5500,2.5500,2.5500,2.5500,2.5500,2.5500,2.5500,2.5500,2.5500,2.5500,2.5500,2.5500,2.5500,2.5500,2.5500,2.5500,2.5491,2.5384,2.4680,2.2209
121,2.5500,2.5500,2.5500,2.5500,2.5500,2.5500,2.5500,2.5500,2.5500,2.5500,2.5500,2.5500,2.5500,2.5500,2.5500,2.5500,2.5500,2.5491,2.5381,2.4671,2.2197
122,2.5500,2.5500,2.5500,2.5500,2.5500,2.5500,2.5500,2.5500,2.5500,2.5500,2.5500,2.5500,2.5500,2.5500,2.5500,2.5500,2.5500,2.5491,2.5379,2.4662,2.2184
123,2.5500,2.5500,2.5500,2.5500,2.5500,2.5500,2.5500,2.5500,2.5500,2.5500,2.5500,2.5500,2.5500,2.5500,2.5500,2.5500,2.5500,2.5490,2.5376,2.4653,2.2172
124,2.5500,2.5500,2.5500,2.5500,2.5500,2.5500,2.5500,2.5500,2.5500,2.5500,2.5500,2.5500,2.5500,2.5500,2.5500,2.5500,2.5500,2.5490,2.5373,2.4645,2.2159
125,2.5500,2.5500,2.5500,2.5500,2.5500,2.5500,2.5500,2.5500,2.5500,2.5500,2.5500,2.5500,2.5500,2.5500,2.5500,2.5500,2.5500,2.5489,2.5370,2.4636,2.2147
126,2.5500,2.5500,2.5500,2.5500,2.5500,2.5500,2.5500,2.5500,2.5500,2.5500,2.5500,2.5500,2.5500,2.5500,2.5500,2.5500,2.5499,2.5489,2.5368,2.4627,2.2134
127,2.5500,2.5500,2.5500,2.5500,2.5500,2.5500,2.5500,2.5500,2.5500,2.5500,2.5500,2.5500,2.5500,2.5500,2.5500,2.5500,2.5499,2.5489,2.5365,2.4618,2.2122
128,2.5500,2.5500,2.5500,2.5500,2.5500,2.5500,2.5500,2.5500,2.5500,2.5500,2.5500,2.5500,2.5500,2.5500,2.5500,2.5500,2.5499,2.5488,2.5362,2.4609,2.2110
129,2.5500,2.5500,2.5500,2.5500,2.5500,2.5500,2.5500,2.5500,2.5500,2.5500,2.5500,2.5500,2.5500,2.5500,2.5500,2.5500,2.5499,2.5488,2.5359,2.4600,2.2097
130,2.5500,2.5500,2.5500,2.5500,2.5500,2.5500,2.5500,2.5500,2.5500,2.5500,2.5500,2.5500,2.5500,2.5500,2.5500,2.5500,2.5499,2.5487,2.5356,2.4591,2.2085
131,2.5500,2.5500,2.5500,2.5500,2.5500,2.5500,2.5500,2.5500,2.5500,2.5500,2.5500,2.5500,2.5500,2.5500,2.5500,2.5500,2.5499,2.5487,2.5353,2.4583,2.2073
132,2.5500,2.5500,2.5500,2.5500,2.5500,2.5500,2.5500,2.5500,2.5500,2.5500,2.5500,2.5500,2.5500,2.5500,2.5500,2.5500,2.5499,2.5486,2.5350,2.4574,2.2061
133,2.5500,2.5500,2.5500,2.5500,2.5500,2.5500,2.5500,2.5500,2.5500,2.5500,2.5500,2.5500,2.5500,2.5500,2.5500,2.5500,2.5499,2.5486,2.5348,2.4565,2.2049
134,2.5500,2.5500,2.5500,2.5500,2.5500,2.5500,2.5500,2.5500,2.5500,2.5500,2.5500,2.5500,2.5500,2.5500,2.5500,2.5500,2.5499,2.5485,2.5345,2.4556,2.2037
135,2.5500,2.5500,2.5500,2.5500,2.5500,2.5500,2.5500,2.5500,2.5500,2.5500,2.5500,2.5500,2.5500,2.5500,2.5500,2.5500,2.5499,2.5485,2.5342,2.4548,2.2025
136,2.5500,2.5500,2.5500,2.5500,2.5500,2.5500,2.5500,2.5500,2.5500,2.5500,2.5500,2.5500,2.5500,2.5500,2.5500,2.5500,2.5499,2.5484,2.5339,2.4539,2.2013
137,2.5500,2.5500,2.5500,2.5500,2.5500,2.5500,2.5500,2.5500,2.5500,2.5500,2.5500,2.5500,2.5500,2.5500,2.5500,2.5500,2.5499,2.5484,2.5336,2.4530,2.2001
138,2.5500,2.5500,2.5500,2.5500,2.5500,2.5500,2.5500,2.5500,2.5500,2.5500,2.5500,2.5500,2.5500,2.5500,2.5500,2.5500,2.5499,2.5483,2.5333,2.4521,2.1990
139,2.5500,2.5500,2.5500,2.5500,2.5500,2.5500,2.5500,2.5500,2.5500,2.5500,2.5500,2.5500,2.5500,2.5500,2.5500,2.5500,2.5499,2.5483,2.5329,2.4513,2.1978
140,2.5500,2.5500,2.5500,2.5500,2.5500,2.5500,2.5500,2.5500,2.5500,2.5500,2.5500,2.5500,2.5500,2.5500,2.5500,2.5500,2.5499,2.5482,2.5326,2.4504,2.1966
141,2.5500,2.5500,2.5500,2.5500,2.5500,2.5500,2.5500,2.5500,2.5500,2.5500,2.5500,2.5500,2.5500,2.5500,2.5500,2.5500,2.5499,2.5482,2.5323,2.4495,2.1955
142,2.5500,2.5500,2.5500,2.5500,2.5500,2.5500,2.5500,2.5500,2.5500,2.5500,2.5500,2.5500,2.5500,2.5500,2.5500,2.5500,2.5499,2.5481,2.5320,2.4487,2.1943
143,2.5500,2.5500,2.5500,2.5500,2.5500,2.5500,2.5500,2.5500,2.5500,2.5500,2.5500,2.5500,2.5500,2.5500,2.5500,2.5500,2.5499,2.5481,2.5317,2.4478,2.1931
144,2.5500,2.5500,2.5500,2.5500,2.5500,2.5500,2.5500,2.5500,2.5500,2.5500,2.5500,2.5500,2.5500,2.5500,2.5500,2.5500,2.5499,2.5480,2.5314,2.4469,2.1920
145,2.5500,2.5500,2.5500,2.5500,2.5500,2.5500,2.5500,2.5500,2.5500,2.5500,2.5500,2.5500,2.5500,2.5500,2.5500,2.5500,2.5499,2.5479,2.5311,2.4461,2.1909
146,2.5500,2.5500,2.5500,2.5500,2.5500,2.5500,2.5500,2.5500,2.5500,2.5500,2.5500,2.5500,2.5500,2.5500,2.5500,2.5500,2.5499,2.5479,2.5307,2.4452,2.1897
147,2.5500,2.5500,2.5500,2.5500,2.5500,2.5500,2.5500,2.5500,2.5500,2.5500,2.5500,2.5500,2.5500,2.5500,2.5500,2.5500,2.5499,2.5478,2.5304,2.4444,2.1886
148,2.5500,2.5500,2.5500,2.5500,2.5500,2.5500,2.5500,2.5500,2.5500,2.5500,2.5500,2.5500,2.5500,2.5500,2.5500,2.5500,2.5499,2.5478,2.5301,2.4435,2.1875
149,2.5500,2.5500,2.5500,2.5500,2.5500,2.5500,2.5500,2.5500,2.5500,2.5500,2.5500,2.5500,2.5500,2.5500,2.5500,2.5500,2.5498,2.5477,2.5298,2.4426,2.1863
150,2.5500,2.5500,2.5500,2.5500,2.5500,2.5500,2.5500,2.5500,2.5500,2.5500,2.5500,2.5500,2.5500,2.5500,2.5500,2.5500,2.5498,2.5476,2.5295,2.4418,2.1852
151,2.5500,2.5500,2.5500,2.5500,2.5500,2.5500,2.5500,2.5500,2.5500,2.5500,2.5500,2.5500,2.5500,2.5500,2.5500,2.5500,2.5498,2.5476,2.5291,2.4409,2.1841
152,2.5500,2.5500,2.5500,2.5500,2.5500,2.5500,2.5500,2.5500,2.5500,2.5500,2.5500,2.5500,2.5500,2.5500,2.5500,2.5500,2.5498,2.5475,2.5288,2.4401,2.1830
153,2.5500,2.5500,2.5500,2.5500,2.5500,2.5500,2.5500,2.5500,2.5500,2.5500,2.5500,2.5500,2.5500,2.5500,2.5500,2.5500,2.5498,2.5474,2.5285,2.4392,2.1819
154,2.5500,2.5500,2.5500,2.5500,2.5500,2.5500,2.5500,2.5500,2.5500,2.5500,2.5500,2.5500,2.5500,2.5500,2.5500,2.5500,2.5498,2.5474,2.5281,2.4384,2.1808
155,2.5500,2.5500,2.5500,2.5500,2.5500,2.5500,2.5500,2.5500,2.5500,2.5500,2.5500,2.5500,2.5500,2.5500,2.5500,2.5500,2.5498,2.5473,2.5278,2.4375,2.1797
156,2.5500,2.5500,2.5500,2.5500,2.5500,2.5500,2.5500,2.5500,2.5500,2.5500,2.5500,2.5500,2.5500,2.5500,2.5500,2.5500,2.5498,2.5472,2.5275,2.4367,2.1786
157,2.5500,2.5500,2.5500,2.5500,2.5500,2.5500,2.5500,2.5500,2.5500,2.5500,2.5500,2.5500,2.5500,2.5500,2.5500,2.5500,2.5498,2.5472,2.5271,2.4358,2.1775
158,2.5500,2.5500,2.5500,2.5500,2.5500,2.5500,2.5500,2.5500,2.5500,2.5500,2.5500,2.5500,2.5500,2.5500,2.5500,2.5500,2.5498,2.5471,2.5268,2.4350,2.1764
159,2.5500,2.5500,2.5500,2.5500,2.5500,2.5500,2.5500,2.5500,2.5500,2.5500,2.5500,2.5500,2.5500,2.5500,2.5500,2.5500,2.5498,2.5470,2.5264,2.4341,2.1753
160,2.5500,2.5500,2.5500,2.5500,2.5500,2.5500,2.5500,2.5500,2.5500,2.5500,2.5500,2.5500,2.5500,2.5500,2.5500,2.5500,2.5498,2.5469,2.5261,2.4333,2.1742
161,2.5500,2.5500,2.5500,2.5500,2.5500,2.5500,2.5500,2.5500,2.5500,2.5500,2.5500,2.5500,2.5500,2.5500,2.5500,2.5500,2.5498,2.5469,2.5258,2.4325,2.1732
162,2.5500,2.5500,2.5500,2.5500,2.5500,2.5500,2.5500,2.5500,2.5500,2.5500,2.5500,2.5500,2.5500,2.5500,2.5500,2.5500,2.5497,2.5468,2.5254,2.4316,2.1721
163,2.5500,2.5500,2.5500,2.5500,2.5500,2.5500,2.5500,2.5500,2.5500,2.5500,2.5500,2.5500,2.5500,2.5500,2.5500,2.5500,2.5497,2.5467,2.5251,2.4308,2.1710
164,2.5500,2.5500,2.5500,2.5500,2.5500,2.5500,2.5500,2.5500,2.5500,2.5500,2.5500,2.5500,2.5500,2.5500,2.5500,2.5500,2.5497,2.5466,2.5247,2.4299,2.1700
165,2.5500,2.5500,2.5500,2.5500,2.5500,2.5500,2.5500,2.5500,2.5500,2.5500,2.5500,2.5500,2.5500,2.5500,2.5500,2.5500,2.5497,2.5465,2.5244,2.4291,2.1689
166,2.5500,2.5500,2.5500,2.5500,2.5500,2.5500,2.5500,2.5500,2.5500,2.5500,2.5500,2.5500,2.5500,2.5500,2.5500,2.5500,2.5497,2.5465,2.5240,2.4283,2.1679
167,2.5500,2.5500,2.5500,2.5500,2.5500,2.5500,2.5500,2.5500,2.5500,2.5500,2.5500,2.5500,2.5500,2.5500,2.5500,2.5500,2.5497,2.5464,2.5237,2.4274,2.1668
168,2.5500,2.5500,2.5500,2.5500,2.5500,2.5500,2.5500,2.5500,2.5500,2.5500,2.5500,2.5500,2.5500,2.5500,2.5500,2.5500,2.5497,2.5463,2.5233,2.4266,2.1658
169,2.5500,2.5500,2.5500,2.5500,2.5500,2.5500,2.5500,2.5500,2.5500,2.5500,2.5500,2.5500,2.5500,2.5500,2.5500,2.5500,2.5497,2.5462,2.5230,2.4258,2.1647
170,2.5500,2.5500,2.5500,2.5500,2.5500,2.5500,2.5500,2.5500,2.5500,2.5500,2.5500,2.5500,2.5500,2.5500,2.5500,2.5500,2.5497,2.5461,2.5226,2.4250,2.1637
171,2.5500,2.5500,2.5500,2.5500,2.5500,2.5500,2.5500,2.5500,2.5500,2.5500,2.5500,2.5500,2.5500,2.5500,2.5500,2.5500,2.5496,2.5460,2.5222,2.4241,2.1626
172,2.5500,2.5500,2.5500,2.5500,2.5500,2.5500,2.5500,2.5500,2.5500,2.5500,2.5500,2.5500,2.5500,2.5500,2.5500,2.5500,2.5496,2.5460,2.5219,2.4233,2.1616
173,2.5500,2.5500,2.5500,2.5500,2.5500,2.5500,2.5500,2.5500,2.5500,2.5500,2.5500,2.5500,2.5500,2.5500,2.5500,2.5500,2.5496,2.5459,2.5215,2.4225,2.1606
174,2.5500,2.5500,2.5500,2.5500,2.5500,2.5500,2.5500,2.5500,2.5500,2.5500,2.5500,2.5500,2.5500,2.5500,2.5500,2.5500,2.5496,2.5458,2.5212,2.4217,2.1596
175,2.5500,2.5500,2.5500,2.5500,2.5500,2.5500,2.5500,2.5500,2.5500,2.5500,2.5500,2.5500,2.5500,2.5500,2.5500,2.5500,2.5496,2.5457,2.5208,2.4208,2.1585
176,2.5500,2.5500,2.5500,2.5500,2.5500,2.5500,2.5500,2.5500,2.5500,2.5500,2.5500,2.5500,2.5500,2.5500,2.5500,2.5500,2.5496,2.5456,2.5204,2.4200,2.1575
177,2.5500,2.5500,2.5500,2.5500,2.5500,2.5500,2.5500,2.5500,2.5500,2.5500,2.5500,2.5500,2.5500,2.5500,2.5500,2.5500,2.5496,2.5455,2.5201,2.4192,2.1565
178,2.5500,2.5500,2.5500,2.5500,2.5500,2.5500,2.5500,2.5500,2.5500,2.5500,2.5500,2.5500,2.5500,2.5500,2.5500,2.5500,2.5496,2.5454,2.5197,2.4184,2.1555
179,2.5500,2.5500,2.5500,2.5500,2.5500,2.5500,2.5500,2.5500,2.5500,2.5500,2.5500,2.5500,2.5500,2.5500,2.5500,2.5500,2.5495,2.5453,2.5193,2.4176,2.1545
180,2.5500,2.5500,2.5500,2.5500,2.5500,2.5500,2.5500,2.5500,2.5500,2.5500,2.5500,2.5500,2.5500,2.5500,2.5500,2.5500,2.5495,2.5452,2.5190,2.4167,2.1535
181,2.5500,2.5500,2.5500,2.5500,2.5500,2.5500,2.5500,2.5500,2.5500,2.5500,2.5500,2.5500,2.5500,2.5500,2.5500,2.5500,2.5495,2.5451,2.5186,2.4159,2.1525
182,2.5500,2.5500,2.5500,2.5500,2.5500,2.5500,2.5500,2.5500,2.5500,2.5500,2.5500,2.5500,2.5500,2.5500,2.5500,2.5500,2.5495,2.5450,2.5182,2.4151,2.1515
183,2.5500,2.5500,2.5500,2.5500,2.5500,2.5500,2.5500,2.5500,2.5500,2.5500,2.5500,2.5500,2.5500,2.5500,2.5500,2.5500,2.5495,2.5449,2.5179,2.4143,2.1505
184,2.5500,2.5500,2.5500,2.5500,2.5500,2.5500,2.5500,2.5500,2.5500,2.5500,2.5500,2.5500,2.5500,2.5500,2.5500,2.5500,2.5495,2.5448,2.5175,2.4135,2.1495
185,2.5500,2.5500,2.5500,2.5500,2.5500,2.5500,2.5500,2.5500,2.5500,2.5500,2.5500,2.5500,2.5500,2.5500,2.5500,2.5500,2.5494,2.5447,2.5171,2.4127,2.1485
186,2.5500,2.5500,2.5500,2.5500,2.5500,2.5500,2.5500,2.5500,2.5500,2.5500,2.5500,2.5500,2.5500,2.5500,2.5500,2.5500,2.5494,2.5446,2.5167,2.4119,2.1475
187,2.5500,2.5500,2.5500,2.5500,2.5500,2.5500,2.5500,2.5500,2.5500,2.5500,2.5500,2.5500,2.5500,2.5500,2.5500,2.5500,2.5494,2.5445,2.5164,2.4111,2.1465
188,2.5500,2.5500,2.5500,2.5500,2.5500,2.5500,2.5500,2.5500,2.5500,2.5500,2.5500,2.5500,2.5500,2.5500,2.5500,2.5500,2.5494,2.5444,2.5160,2.4103,2.1456
189,2.5500,2.5500,2.5500,2.5500,2.5500,2.5500,2.5500,2.5500,2.5500,2.5500,2.5500,2.5500,2.5500,2.5500,2.5500,2.5500,2.5494,2.5443,2.5156,2.4095,2.1446
190,2.5500,2.5500,2.5500,2.5500,2.5500,2.5500,2.5500,2.5500,2.5500,2.5500,2.5500,2.5500,2.5500,2.5500,2.5500,2.5500,2.5494,2.5442,2.5152,2.4087,2.1436
191,2.5500,2.5500,2.5500,2.5500,2.5500,2.5500,2.5500,2.5500,2.5500,2.5500,2.5500,2.5500,2.5500,2.5500,2.5500,2.5500,2.5493,2.5441,2.5148,2.4079,2.1426
192,2.5500,2.5500,2.5500,2.5500,2.5500,2.5500,2.5500,2.5500,2.5500,2.5500,2.5500,2.5500,2.5500,2.5500,2.5500,2.5500,2.5493,2.5440,2.5145,2.4071,2.1417
193,2.5500,2.5500,2.5500,2.5500,2.5500,2.5500,2.5500,2.5500,2.5500,2.5500,2.5500,2.5500,2.5500,2.5500,2.5500,2.5499,2.5493,2.5439,2.5141,2.4063,2.1407
194,2.5500,2.5500,2.5500,2.5500,2.5500,2.5500,2.5500,2.5500,2.5500,2.5500,2.5500,2.5500,2.5500,2.5500,2.5500,2.5499,2.5493,2.5438,2.5137,2.4055,2.1397
195,2.5500,2.5500,2.5500,2.5500,2.5500,2.5500,2.5500,2.5500,2.5500,2.5500,2.5500,2.5500,2.5500,2.5500,2.5500,2.5499,2.5493,2.5437,2.5133,2.4047,2.1388
196,2.5500,2.5500,2.5500,2.5500,2.5500,2.5500,2.5500,2.5500,2.5500,2.5500,2.5500,2.5500,2.5500,2.5500,2.5500,2.5499,2.5493,2.5436,2.5129,2.4039,2.1378
197,2.5500,2.5500,2.5500,2.5500,2.5500,2.5500,2.5500,2.5500,2.5500,2.5500,2.5500,2.5500,2.5500,2.5500,2.5500,2.5499,2.5492,2.5434,2.5125,2.4031,2.1369
198,2.5500,2.5500,2.5500,2.5500,2.5500,2.5500,2.5500,2.5500,2.5500,2.5500,2.5500,2.5500,2.5500,2.5500,2.5500,2.5499,2.5492,2.5433,2.5122,2.4023,2.1359
199,2.5500,2.5500,2.5500,2.5500,2.5500,2.5500,2.5500,2.5500,2.5500,2.5500,2.5500,2.5500,2.5500,2.5500,2.5500,2.5499,2.5492,2.5432,2.5118,2.4015,2.1350
200,2.5500,2.5500,2.5500,2.5500,2.5500,2.5500,2.5500,2.5500,2.5500,2.5500,2.5500,2.5500,2.5500,2.5500,2.5500,2.5499,2.5492,2.5431,2.5114,2.4007,2.1340
201,2.5500,2.5500,2.5500,2.5500,2.5500,2.5500,2.5500,2.5500,2.5500,2.5500,2.5500,2.5500,2.5500,2.5500,2.5500,2.5499,2.5491,2.5430,2.5110,2.4000,2.1331
202,2.5500,2.5500,2.5500,2.5500,2.5500,2.5500,2.5500,2.5500,2.5500,2.5500,2.5500,2.5500,2.5500,2.5500,2.5500,2.5499,2.5491,2.5429,2.5106,2.3992,2.1322
203,2.5500,2.5500,2.5500,2.5500,2.5500,2.5500,2.5500,2.5500,2.5500,2.5500,2.5500,2.5500,2.5500,2.5500,2.5500,2.5499,2.5491,2.5428,2.5102,2.3984,2.1312
204,2.5500,2.5500,2.5500,2.5500,2.5500,2.5500,2.5500,2.5500,2.5500,2.5500,2.5500,2.5500,2.5500,2.5500,2.5500,2.5499,2.5491,2.5426,2.5098,2.3976,2.1303
205,2.5500,2.5500,2.5500,2.5500,2.5500,2.5500,2.5500,2.5500,2.5500,2.5500,2.5500,2.5500,2.5500,2.5500,2.5500,2.5499,2.5491,2.5425,2.5094,2.3968,2.1294
206,2.5500,2.5500,2.5500,2.5500,2.5500,2.5500,2.5500,2.5500,2.5500,2.5500,2.5500,2.5500,2.5500,2.5500,2.5500,2.5499,2.5490,2.5424,2.5090,2.3960,2.1284
207,2.5500,2.5500,2.5500,2.5500,2.5500,2.5500,2.5500,2.5500,2.5500,2.5500,2.5500,2.5500,2.5500,2.5500,2.5500,2.5499,2.5490,2.5423,2.5086,2.3953,2.1275
208,2.5500,2.5500,2.5500,2.5500,2.5500,2.5500,2.5500,2.5500,2.5500,2.5500,2.5500,2.5500,2.5500,2.5500,2.5500,2.5499,2.5490,2.5421,2.5082,2.3945,2.1266
209,2.5500,2.5500,2.5500,2.5500,2.5500,2.5500,2.5500,2.5500,2.5500,2.5500,2.5500,2.5500,2.5500,2.5500,2.5500,2.5499,2.5490,2.5420,2.5078,2.3937,2.1257
210,2.5500,2.5500,2.5500,2.5500,2.5500,2.5500,2.5500,2.5500,2.5500,2.5500,2.5500,2.5500,2.5500,2.5500,2.5500,2.5499,2.5489,2.5419,2.5074,2.3929,2.1248
211,2.5500,2.5500,2.5500,2.5500,2.5500,2.5500,2.5500,2.5500,2.5500,2.5500,2.5500,2.5500,2.5500,2.5500,2.5500,2.5499,2.5489,2.5418,2.5071,2.3922,2.1238
212,2.5500,2.5500,2.5500,2.5500,2.5500,2.5500,2.5500,2.5500,2.5500,2.5500,2.5500,2.5500,2.5500,2.5500,2.5500,2.5499,2.5489,2.5416,2.5067,2.3914,2.1229
213,2.5500,2.5500,2.5500,2.5500,2.5500,2.5500,2.5500,2.5500,2.5500,2.5500,2.5500,2.5500,2.5500,2.5500,2.5500,2.5499,2.5489,2.5415,2.5063,2.3906,2.1220
214,2.5500,2.5500,2.5500,2.5500,2.5500,2.5500,2.5500,2.5500,2.5500,2.5500,2.5500,2.5500,2.5500,2.5500,2.5500,2.5499,2.5488,2.5414,2.5059,2.3899,2.1211
215,2.5500,2.5500,2.5500,2.5500,2.5500,2.5500,2.5500,2.5500,2.5500,2.5500,2.5500,2.5500,2.5500,2.5500,2.5500,2.5499,2.5488,2.5413,2.5055,2.3891,2.1202
216,2.5500,2.5500,2.5500,2.5500,2.5500,2.5500,2.5500,2.5500,2.5500,2.5500,2.5500,2.5500,2.5500,2.5500,2.5500,2.5499,2.5488,2.5411,2.5051,2.3883,2.1193
217,2.5500,2.5500,2.5500,2.5500,2.5500,2.5500,2.5500,2.5500,2.5500,2.5500,2.5500,2.5500,2.5500,2.5500,2.5500,2.5499,2.5488,2.5410,2.5047,2.3876,2.1184
218,2.5500,2.5500,2.5500,2.5500,2.5500,2.5500,2.5500,2.5500,2.5500,2.5500,2.5500,2.5500,2.5500,2.5500,2.5500,2.5499,2.5487,2.5409,2.5043,2.3868,2.1175
219,2.5500,2.5500,2.5500,2.5500,2.5500,2.5500,2.5500,2.5500,2.5500,2.5500,2.5500,2.5500,2.5500,2.5500,2.5500,2.5499,2.5487,2.5407,2.5039,2.3860,2.1166
220,2.5500,2.5500,2.5500,2.5500,2.5500,2.5500,2.5500,2.5500,2.5500,2.5500,2.5500,2.5500,2.5500,2.5500,2.5500,2.5499,2.5487,2.5406,2.5035,2.3853,2.1157
221,2.5500,2.5500,2.5500,2.5500,2.5500,2.5500,2.5500,2.5500,2.5500,2.5500,2.5500,2.5500,2.5500,2.5500,2.5500,2.5499,2.5486,2.5405,2.5030,2.3845,2.1148
222,2.5500,2.5500,2.5500,2.5500,2.5500,2.5500,2.5500,2.5500,2.5500,2.5500,2.5500,2.5500,2.5500,2.5500,2.5500,2.5499,2.5486,2.5403,2.5026,2.3837,2.1140
223,2.5500,2.5500,2.5500,2.5500,2.5500,2.5500,2.5500,2.5500,2.5500,2.5500,2.5500,2.5500,2.5500,2.5500,2.5500,2.5499,2.5486,2.5402,2.5022,2.3830,2.1131
224,2.5500,2.5500,2.5500,2.5500,2.5500,2.5500,2.5500,2.5500,2.5500,2.5500,2.5500,2.5500,2.5500,2.5500,2.5500,2.5499,2.5486,2.5400,2.5018,2.3822,2.1122
225,2.5500,2.5500,2.5500,2.5500,2.5500,2.5500,2.5500,2.5500,2.5500,2.5500,2.5500,2.5500,2.5500,2.5500,2.5500,2.5498,2.5485,2.5399,2.5014,2.3815,2.1113
226,2.5500,2.5500,2.5500,2.5500,2.5500,2.5500,2.5500,2.5500,2.5500,2.5500,2.5500,2.5500,2.5500,2.5500,2.5500,2.5498,2.5485,2.5398,2.5010,2.3807,2.1104
227,2.5500,2.5500,2.5500,2.5500,2.5500,2.5500,2.5500,2.5500,2.5500,2.5500,2.5500,2.5500,2.5500,2.5500,2.5500,2.5498,2.5485,2.5396,2.5006,2.3800,2.1096
228,2.5500,2.5500,2.5500,2.5500,2.5500,2.5500,2.5500,2.5500,2.5500,2.5500,2.5500,2.5500,2.5500,2.5500,2.5500,2.5498,2.5484,2.5395,2.5002,2.3792,2.1087
229,2.5500,2.5500,2.5500,2.5500,2.5500,2.5500,2.5500,2.5500,2.5500,2.5500,2.5500,2.5500,2.5500,2.5500,2.5500,2.5498,2.5484,2.5393,2.4998,2.3785,2.1078
230,2.5500,2.5500,2.5500,2.5500,2.5500,2.5500,2.5500,2.5500,2.5500,2.5500,2.5500,2.5500,2.5500,2.5500,2.5500,2.5498,2.5484,2.5392,2.4994,2.3777,2.1070
231,2.5500,2.5500,2.5500,2.5500,2.5500,2.5500,2.5500,2.5500,2.5500,2.5500,2.5500,2.5500,2.5500,2.5500,2.5500,2.5498,2.5483,2.5391,2.4990,2.3770,2.1061
232,2.5500,2.5500,2.5500,2.5500,2.5500,2.5500,2.5500,2.5500,2.5500,2.5500,2.5500,2.5500,2.5500,2.5500,2.5500,2.5498,2.5483,2.5389,2.4986,2.3762,2.1052
233,2.5500,2.5500,2.5500,2.5500,2.5500,2.5500,2.5500,2.5500,2.5500,2.5500,2.5500,2.5500,2.5500,2.5500,2.5500,2.5498,2.5483,2.5388,2.4982,2.3755,2.1044
234,2.5500,2.5500,2.5500,2.5500,2.5500,2.5500,2.5500,2.5500,2.5500,2.5500,2.5500,2.5500,2.5500,2.5500,2.5500,2.5498,2.5482,2.5386,2.4978,2.3747,2.1035
235,2.5500,2.5500,2.5500,2.5500,2.5500,2.5500,2.5500,2.5500,2.5500,2.5500,2.5500,2.5500,2.5500,2.5500,2.5500,2.5498,2.5482,2.5385,2.4973,2.3740,2.1027
236,2.5500,2.5500,2.5500,2.5500,2.5500,2.5500,2.5500,2.5500,2.5500,2.5500,2.5500,2.5500,2.5500,2.5500,2.5500,2.5498,2.5482,2.5383,2.4969,2.3732,2.1018
237,2.5500,2.5500,2.5500,2.5500,2.5500,2.5500,2.5500,2.5500,2.5500,2.5500,2.5500,2.5500,2.5500,2.5500,2.5500,2.5498,2.5481,2.5382,2.4965,2.3725,2.1009
238,2.5500,2.5500,2.5500,2.5500,2.5500,2.5500,2.5500,2.5500,2.5500,2.5500,2.5500,2.5500,2.5500,2.5500,2.5500,2.5498,2.5481,2.5380,2.4961,2.3718,2.1001
239,2.5500,2.5500,2.5500,2.5500,2.5500,2.5500,2.5500,2.5500,2.5500,2.5500,2.5500,2.5500,2.5500,2.5500,2.5500,2.5498,2.5481,2.5379,2.4957,2.3710,2.0993
240,2.5500,2.5500,2.5500,2.5500,2.5500,2.5500,2.5500,2.5500,2.5500,2.5500,2.5500,2.5500,2.5500,2.5500,2.5500,2.5498,2.5480,2.5377,2.4953,2.3703,2.0984
241,2.5500,2.5500,2.5500,2.5500,2.5500,2.5500,2.5500,2.5500,2.5500,2.5500,2.5500,2.5500,2.5500,2.5500,2.5500,2.5498,2.5480,2.5376,2.4949,2.3696,2.0976
242,2.5500,2.5500,2.5500,2.5500,2.5500,2.5500,2.5500,2.5500,2.5500,2.5500,2.5500,2.5500,2.5500,2.5500,2.5500,2.5498,2.5479,2.5374,2.4945,2.3688,2.0967
243,2.5500,2.5500,2.5500,2.5500,2.5500,2.5500,2.5500,2.5500,2.5500,2.5500,2.5500,2.5500,2.5500,2.5500,2.5500,2.5498,2.5479,2.5373,2.4940,2.3681,2.0959
244,2.5500,2.5500,2.5500,2.5500,2.5500,2.5500,2.5500,2.5500,2.5500,2.5500,2.5500,2.5500,2.5500,2.5500,2.5500,2.5497,2.5479,2.5371,2.4936,2.3674,2.0950
245,2.5500,2.5500,2.5500,2.5500,2.5500,2.5500,2.5500,2.5500,2.5500,2.5500,2.5500,2.5500,2.5500,2.5500,2.5500,2.5497,2.5478,2.5369,2.4932,2.3666,2.0942
246,2.5500,2.5500,2.5500,2.5500,2.5500,2.5500,2.5500,2.5500,2.5500,2.5500,2.5500,2.5500,2.5500,2.5500,2.5500,2.5497,2.5478,2.5368,2.4928,2.3659,2.0934
247,2.5500,2.5500,2.5500,2.5500,2.5500,2.5500,2.5500,2.5500,2.5500,2.5500,2.5500,2.5500,2.5500,2.5500,2.5500,2.5497,2.5477,2.5366,2.4924,2.3652,2.0926
248,2.5500,2.5500,2.5500,2.5500,2.5500,2.5500,2.5500,2.5500,2.5500,2.5500,2.5500,2.5500,2.5500,2.5500,2.5500,2.5497,2.5477,2.5365,2.4920,2.3644,2.0917
249,2.5500,2.5500,2.5500,2.5500,2.5500,2.5500,2.5500,2.5500,2.5500,2.5500,2.5500,2.5500,2.5500,2.5500,2.5500,2.5497,2.5477,2.5363,2.4915,2.3637,2.0909
250,2.5500,2.5500,2.5500,2.5500,2.5500,2.5500,2.5500,2.5500,2.5500,2.5500,2.5500,2.5500,2.5500,2.5500,2.5500,2.5497,2.5476,2.5362,2.4911,2.3630,2.0901
251,2.5500,2.5500,2.5500,2.5500,2.5500,2.5500,2.5500,2.5500,2.5500,2.5500,2.5500,2.5500,2.5500,2.5500,2.5500,2.5497,2.5476,2.5360,2.4907,2.3623,2.0893
252,2.5500,2.5500,2.5500,2.5500,2.5500,2.5500,2.5500,2.5500,2.5500,2.5500,2.5500,2.5500,2.5500,2.5500,2.5500,2.5497,2.5475,2.5358,2.4903,2.3615,2.0884
253,2.5500,2.5500,2.5500,2.5500,2.5500,2.5500,2.5500,2.5500,2.5500,2.5500,2.5500,2.5500,2.5500,2.5500,2.5500,2.5497,2.5475,2.5357,2.4899,2.3608,2.0876
254,2.5500,2.5500,2.5500,2.5500,2.5500,2.5500,2.5500,2.5500,2.5500,2.5500,2.5500,2.5500,2.5500,2.5500,2.5500,2.5497,2.5475,2.5355,2.4895,2.3601,2.0868
255,2.5500,2.5500,2.5500,2.5500,2.5500,2.5500,2.5500,2.5500,2.5500,2.5500,2.5500,2.5500,2.5500,2.5500,2.5500,2.5497,2.5474,2.5353,2.4890,2.3594,2.0860
256,2.5500,2.5500,2.5500,2.5500,2.5500,2.5500,2.5500,2.5500,2.5500,2.5500,2.5500,2.5500,2.5500,2.5500,2.5500,2.5497,2.5474,2.5352,2.4886,2.3587,2.0852
257,2.5500,2.5500,2.5500,2.5500,2.5500,2.5500,2.5500,2.5500,2.5500,2.5500,2.5500,2.5500,2.5500,2.5500,2.5500,2.5497,2.5473,2.5350,2.4882,2.3579,2.0844
258,2.5500,2.5500,2.5500,2.5500,2.5500,2.5500,2.5500,2.5500,2.5500,2.5500,2.5500,2.5500,2.5500,2.5500,2.5500,2.5496,2.5473,2.5349,2.4878,2.3572,2.0836
259,2.5500,2.5500,2.5500,2.5500,2.5500,2.5500,2.5500,2.5500,2.5500,2.5500,2.5500,2.5500,2.5500,2.5500,2.5500,2.5496,2.5472,2.5347,2.4874,2.3565,2.0827
260,2.5500,2.5500,2.5500,2.5500,2.5500,2.5500,2.5500,2.5500,2.5500,2.5500,2.5500,2.5500,2.5500,2.5500,2.5500,2.5496,2.5472,2.5345,2.4869,2.3558,2.0819
261,2.5500,2.5500,2.5500,2.5500,2.5500,2.5500,2.5500,2.5500,2.5500,2.5500,2.5500,2.5500,2.5500,2.5500,2.5500,2.5496,2.5471,2.5343,2.4865,2.3551,2.0811
262,2.5500,2.5500,2.5500,2.5500,2.5500,2.5500,2.5500,2.5500,2.5500,2.5500,2.5500,2.5500,2.5500,2.5500,2.5500,2.5496,2.5471,2.5342,2.4861,2.3544,2.0803
263,2.5500,2.5500,2.5500,2.5500,2.5500,2.5500,2.5500,2.5500,2.5500,2.5500,2.5500,2.5500,2.5500,2.5500,2.5500,2.5496,2.5471,2.5340,2.4857,2.3537,2.0795
264,2.5500,2.5500,2.5500,2.5500,2.5500,2.5500,2.5500,2.5500,2.5500,2.5500,2.5500,2.5500,2.5500,2.5500,2.5500,2.5496,2.5470,2.5338,2.4853,2.3529,2.0787
265,2.5500,2.5500,2.5500,2.5500,2.5500,2.5500,2.5500,2.5500,2.5500,2.5500,2.5500,2.5500,2.5500,2.5500,2.5500,2.5496,2.5470,2.5337,2.4848,2.3522,2.0779
266,2.5500,2.5500,2.5500,2.5500,2.5500,2.5500,2.5500,2.5500,2.5500,2.5500,2.5500,2.5500,2.5500,2.5500,2.5500,2.5496,2.5469,2.5335,2.4844,2.3515,2.0772
267,2.5500,2.5500,2.5500,2.5500,2.5500,2.5500,2.5500,2.5500,2.5500,2.5500,2.5500,2.5500,2.5500,2.5500,2.5500,2.5496,2.5469,2.5333,2.4840,2.3508,2.0764
268,2.5500,2.5500,2.5500,2.5500,2.5500,2.5500,2.5500,2.5500,2.5500,2.5500,2.5500,2.5500,2.5500,2.5500,2.5500,2.5496,2.5468,2.5332,2.4836,2.3501,2.0756
269,2.5500,2.5500,2.5500,2.5500,2.5500,2.5500,2.5500,2.5500,2.5500,2.5500,2.5500,2.5500,2.5500,2.5500,2.5500,2.5495,2.5468,2.5330,2.4831,2.3494,2.0748
270,2.5500,2.5500,2.5500,2.5500,2.5500,2.5500,2.5500,2.5500,2.5500,2.5500,2.5500,2.5500,2.5500,2.5500,2.5500,2.5495,2.5467,2.5328,2.4827,2.3487,2.0740
271,2.5500,2.5500,2.5500,2.5500,2.5500,2.5500,2.5500,2.5500,2.5500,2.5500,2.5500,2.5500,2.5500,2.5500,2.5500,2.5495,2.5467,2.5326,2.4823,2.3480,2.0732
272,2.5500,2.5500,2.5500,2.5500,2.5500,2.5500,2.5500,2.5500,2.5500,2.5500,2.5500,2.5500,2.5500,2.5500,2.5499,2.5495,2.5466,2.5325,2.4819,2.3473,2.0724
273,2.5500,2.5500,2.5500,2.5500,2.5500,2.5500,2.5500,2.5500,2.5500,2.5500,2.5500,2.5500,2.5500,2.5500,2.5499,2.5495,2.5466,2.5323,2.4814,2.3466,2.0716
274,2.5500,2.5500,2.5500,2.5500,2.5500,2.5500,2.5500,2.5500,2.5500,2.5500,2.5500,2.5500,2.5500,2.5500,2.5499,2.5495,2.5465,2.5321,2.4810,2.3459,2.0709
275,2.5500,2.5500,2.5500,2.5500,2.5500,2.5500,2.5500,2.5500,2.5500,2.5500,2.5500,2.5500,2.5500,2.5500,2.5499,2.5495,2.5465,2.5319,2.4806,2.3452,2.0701
276,2.5500,2.5500,2.5500,2.5500,2.5500,2.5500,2.5500,2.5500,2.5500,2.5500,2.5500,2.5500,2.5500,2.5500,2.5499,2.5495,2.5464,2.5317,2.4802,2.3445,2.0693
277,2.5500,2.5500,2.5500,2.5500,2.5500,2.5500,2.5500,2.5500,2.5500,2.5500,2.5500,2.5500,2.5500,2.5500,2.5499,2.5495,2.5464,2.5316,2.4797,2.3438,2.0685
278,2.5500,2.5500,2.5500,2.5500,2.5500,2.5500,2.5500,2.5500,2.5500,2.5500,2.5500,2.5500,2.5500,2.5500,2.5499,2.5495,2.5463,2.5314,2.4793,2.3431,2.0678
279,2.5500,2.5500,2.5500,2.5500,2.5500,2.5500,2.5500,2.5500,2.5500,2.5500,2.5500,2.5500,2.5500,2.5500,2.5499,2.5494,2.5462,2.5312,2.4789,2.3424,2.0670
280,2.5500,2.5500,2.5500,2.5500,2.5500,2.5500,2.5500,2.5500,2.5500,2.5500,2.5500,2.5500,2.5500,2.5500,2.5499,2.5494,2.5462,2.5310,2.4785,2.3417,2.0662
281,2.5500,2.5500,2.5500,2.5500,2.5500,2.5500,2.5500,2.5500,2.5500,2.5500,2.5500,2.5500,2.5500,2.5500,2.5499,2.5494,2.5461,2.5308,2.4780,2.3411,2.0655
282,2.5500,2.5500,2.5500,2.5500,2.5500,2.5500,2.5500,2.5500,2.5500,2.5500,2.5500,2.5500,2.5500,2.5500,2.5499,2.5494,2.5461,2.5307,2.4776,2.3404,2.0647
283,2.5500,2.5500,2.5500,2.5500,2.5500,2.5500,2.5500,2.5500,2.5500,2.5500,2.5500,2.5500,2.5500,2.5500,2.5499,2.5494,2.5460,2.5305,2.4772,2.3397,2.0639
284,2.5500,2.5500,2.5500,2.5500,2.5500,2.5500,2.5500,2.5500,2.5500,2.5500,2.5500,2.5500,2.5500,2.5500,2.5499,2.5494,2.5460,2.5303,2.4768,2.3390,2.0632
285,2.5500,2.5500,2.5500,2.5500,2.5500,2.5500,2.5500,2.5500,2.5500,2.5500,2.5500,2.5500,2.5500,2.5500,2.5499,2.5494,2.5459,2.5301,2.4763,2.3383,2.0624
286,2.5500,2.5500,2.5500,2.5500,2.5500,2.5500,2.5500,2.5500,2.5500,2.5500,2.5500,2.5500,2.5500,2.5500,2.5499,2.5494,2.5459,2.5299,2.4759,2.3376,2.0617
287,2.5500,2.5500,2.5500,2.5500,2.5500,2.5500,2.5500,2.5500,2.5500,2.5500,2.5500,2.5500,2.5500,2.5500,2.5499,2.5493,2.5458,2.5297,2.4755,2.3369,2.0609
288,2.5500,2.5500,2.5500,2.5500,2.5500,2.5500,2.5500,2.5500,2.5500,2.5500,2.5500,2.5500,2.5500,2.5500,2.5499,2.5493,2.5457,2.5295,2.4751,2.3362,2.0601
289,2.5500,2.5500,2.5500,2.5500,2.5500,2.5500,2.5500,2.5500,2.5500,2.5500,2.5500,2.5500,2.5500,2.5500,2.5499,2.5493,2.5457,2.5294,2.4746,2.3356,2.0594
290,2.5500,2.5500,2.5500,2.5500,2.5500,2.5500,2.5500,2.5500,2.5500,2.5500,2.5500,2.5500,2.5500,2.5500,2.5499,2.5493,2.5456,2.5292,2.4742,2.3349,2.0586
291,2.5500,2.5500,2.5500,2.5500,2.5500,2.5500,2.5500,2.5500,2.5500,2.5500,2.5500,2.5500,2.5500,2.5500,2.5499,2.5493,2.5456,2.5290,2.4738,2.3342,2.0579
292,2.5500,2.5500,2.5500,2.5500,2.5500,2.5500,2.5500,2.5500,2.5500,2.5500,2.5500,2.5500,2.5500,2.5500,2.5499,2.5493,2.5455,2.5288,2.4734,2.3335,2.0571
293,2.5500,2.5500,2.5500,2.5500,2.5500,2.5500,2.5500,2.5500,2.5500,2.5500,2.5500,2.5500,2.5500,2.5500,2.5499,2.5493,2.5454,2.5286,2.4729,2.3328,2.0564
294,2.5500,2.5500,2.5500,2.5500,2.5500,2.5500,2.5500,2.5500,2.5500,2.5500,2.5500,2.5500,2.5500,2.5500,2.5499,2.5493,2.5454,2.5284,2.4725,2.3322,2.0556
295,2.5500,2.5500,2.5500,2.5500,2.5500,2.5500,2.5500,2.5500,2.5500,2.5500,2.5500,2.5500,2.5500,2.5500,2.5499,2.5492,2.5453,2.5282,2.4721,2.3315,2.0549
296,2.5500,2.5500,2.5500,2.5500,2.5500,2.5500,2.5500,2.5500,2.5500,2.5500,2.5500,2.5500,2.5500,2.5500,2.5499,2.5492,2.5453,2.5280,2.4716,2.3308,2.0542
297,2.5500,2.5500,2.5500,2.5500,2.5500,2.5500,2.5500,2.5500,2.5500,2.5500,2.5500,2.5500,2.5500,2.5500,2.5499,2.5492,2.5452,2.5278,2.4712,2.3301,2.0534
298,2.5500,2.5500,2.5500,2.5500,2.5500,2.5500,2.5500,2.5500,2.5500,2.5500,2.5500,2.5500,2.5500,2.5500,2.5499,2.5492,2.5451,2.5276,2.4708,2.3295,2.0527
299,2.5500,2.5500,2.5500,2.5500,2.5500,2.5500,2.5500,2.5500,2.5500,2.5500,2.5500,2.5500,2.5500,2.5500,2.5499,2.5492,2.5451,2.5274,2.4704,2.3288,2.0519
300,2.5500,2.5500,2.5500,2.5500,2.5500,2.5500,2.5500,2.5500,2.5500,2.5500,2.5500,2.5500,2.5500,2.5500,2.5499,2.5492,2.5450,2.5272,2.4699,2.3281,2.0512
301,2.5500,2.5500,2.5500,2.5500,2.5500,2.5500,2.5500,2.5500,2.5500,2.5500,2.5500,2.5500,2.5500,2.5500,2.5499,2.5492,2.5449,2.5271,2.4695,2.3274,2.0505
302,2.5500,2.5500,2.5500,2.5500,2.5500,2.5500,2.5500,2.5500,2.5500,2.5500,2.5500,2.5500,2.5500,2.5500,2.5499,2.5491,2.5449,2.5269,2.4691,2.3268,2.0497
303,2.5500,2.5500,2.5500,2.5500,2.5500,2.5500,2.5500,2.5500,2.5500,2.5500,2.5500,2.5500,2.5500,2.5500,2.5499,2.5491,2.5448,2.5267,2.4686,2.3261,2.0490
304,2.5500,2.5500,2.5500,2.5500,2.5500,2.5500,2.5500,2.5500,2.5500,2.5500,2.5500,2.5500,2.5500,2.5500,2.5499,2.5491,2.5448,2.5265,2.4682,2.3254,2.0483
305,2.5500,2.5500,2.5500,2.5500,2.5500,2.5500,2.5500,2.5500,2.5500,2.5500,2.5500,2.5500,2.5500,2.5500,2.5499,2.5491,2.5447,2.5263,2.4678,2.3248,2.0475
306,2.5500,2.5500,2.5500,2.5500,2.5500,2.5500,2.5500,2.5500,2.5500,2.5500,2.5500,2.5500,2.5500,2.5500,2.5499,2.5491,2.5446,2.5261,2.4674,2.3241,2.0468
307,2.5500,2.5500,2.5500,2.5500,2.5500,2.5500,2.5500,2.5500,2.5500,2.5500,2.5500,2.5500,2.5500,2.5500,2.5499,2.5491,2.5446,2.5259,2.4669,2.3234,2.0461
308,2.5500,2.5500,2.5500,2.5500,2.5500,2.5500,2.5500,2.5500,2.5500,2.5500,2.5500,2.5500,2.5500,2.5500,2.5499,2.5490,2.5445,2.5257,2.4665,2.3228,2.0454
309,2.5500,2.5500,2.5500,2.5500,2.5500,2.5500,2.5500,2.5500,2.5500,2.5500,2.5500,2.5500,2.5500,2.5500,2.5499,2.5490,2.5444,2.5255,2.4661,2.3221,2.0446
310,2.5500,2.5500,2.5500,2.5500,2.5500,2.5500,2.5500,2.5500,2.5500,2.5500,2.5500,2.5500,2.5500,2.5500,2.5499,2.5490,2.5444,2.5253,2.4656,2.3215,2.0439
311,2.5500,2.5500,2.5500,2.5500,2.5500,2.5500,2.5500,2.5500,2.5500,2.5500,2.5500,2.5500,2.5500,2.5500,2.5499,2.5490,2.5443,2.5251,2.4652,2.3208,2.0432
312,2.5500,2.5500,2.5500,2.5500,2.5500,2.5500,2.5500,2.5500,2.5500,2.5500,2.5500,2.5500,2.5500,2.5500,2.5499,2.5490,2.5442,2.5249,2.4648,2.3201,2.0425
313,2.5500,2.5500,2.5500,2.5500,2.5500,2.5500,2.5500,2.5500,2.5500,2.5500,2.5500,2.5500,2.5500,2.5500,2.5499,2.5490,2.5442,2.5247,2.4644,2.3195,2.0418
314,2.5500,2.5500,2.5500,2.5500,2.5500,2.5500,2.5500,2.5500,2.5500,2.5500,2.5500,2.5500,2.5500,2.5500,2.5499,2.5489,2.5441,2.5245,2.4639,2.3188,2.0410
315,2.5500,2.5500,2.5500,2.5500,2.5500,2.5500,2.5500,2.5500,2.5500,2.5500,2.5500,2.5500,2.5500,2.5500,2.5499,2.5489,2.5440,2.5243,2.4635,2.3182,2.0403
316,2.5500,2.5500,2.5500,2.5500,2.5500,2.5500,2.5500,2.5500,2.5500,2.5500,2.5500,2.5500,2.5500,2.5500,2.5498,2.5489,2.5439,2.5241,2.4631,2.3175,2.0396
317,2.5500,2.5500,2.5500,2.5500,2.5500,2.5500,2.5500,2.5500,2.5500,2.5500,2.5500,2.5500,2.5500,2.5500,2.5498,2.5489,2.5439,2.5239,2.4626,2.3168,2.0389
318,2.5500,2.5500,2.5500,2.5500,2.5500,2.5500,2.5500,2.5500,2.5500,2.5500,2.5500,2.5500,2.5500,2.5500,2.5498,2.5489,2.5438,2.5237,2.4622,2.3162,2.0382
319,2.5500,2.5500,2.5500,2.5500,2.5500,2.5500,2.5500,2.5500,2.5500,2.5500,2.5500,2.5500,2.5500,2.5500,2.5498,2.5489,2.5437,2.5234,2.4618,2.3155,2.0375
320,2.5500,2.5500,2.5500,2.5500,2.5500,2.5500,2.5500,2.5500,2.5500,2.5500,2.5500,2.5500,2.5500,2.5500,2.5498,2.5488,2.5437,2.5232,2.4614,2.3149,2.0368
321,2.5500,2.5500,2.5500,2.5500,2.5500,2.5500,2.5500,2.5500,2.5500,2.5500,2.5500,2.5500,2.5500,2.5500,2.5498,2.5488,2.5436,2.5230,2.4609,2.3142,2.0361
322,2.5500,2.5500,2.5500,2.5500,2.5500,2.5500,2.5500,2.5500,2.5500,2.5500,2.5500,2.5500,2.5500,2.5500,2.5498,2.5488,2.5435,2.5228,2.4605,2.3136,2.0354
323,2.5500,2.5500,2.5500,2.5500,2.5500,2.5500,2.5500,2.5500,2.5500,2.5500,2.5500,2.5500,2.5500,2.5500,2.5498,2.5488,2.5434,2.5226,2.4601,2.3129,2.0347
324,2.5500,2.5500,2.5500,2.5500,2.5500,2.5500,2.5500,2.5500,2.5500,2.5500,2.5500,2.5500,2.5500,2.5500,2.5498,2.5488,2.5434,2.5224,2.4596,2.3123,2.0340
325,2.5500,2.5500,2.5500,2.5500,2.5500,2.5500,2.5500,2.5500,2.5500,2.5500,2.5500,2.5500,2.5500,2.5500,2.5498,2.5487,2.5433,2.5222,2.4592,2.3116,2.0333
326,2.5500,2.5500,2.5500,2.5500,2.5500,2.5500,2.5500,2.5500,2.5500,2.5500,2.5500,2.5500,2.5500,2.5500,2.5498,2.5487,2.5432,2.5220,2.4588,2.3110,2.0326
327,2.5500,2.5500,2.5500,2.5500,2.5500,2.5500,2.5500,2.5500,2.5500,2.5500,2.5500,2.5500,2.5500,2.5500,2.5498,2.5487,2.5431,2.5218,2.4583,2.3103,2.0319
328,2.5500,2.5500,2.5500,2.5500,2.5500,2.5500,2.5500,2.5500,2.5500,2.5500,2.5500,2.5500,2.5500,2.5500,2.5498,2.5487,2.5431,2.5216,2.4579,2.3097,2.0312
329,2.5500,2.5500,2.5500,2.5500,2.5500,2.5500,2.5500,2.5500,2.5500,2.5500,2.5500,2.5500,2.5500,2.5500,2.5498,2.5487,2.5430,2.5214,2.4575,2.3091,2.0305
330,2.5500,2.5500,2.5500,2.5500,2.5500,2.5500,2.5500,2.5500,2.5500,2.5500,2.5500,2.5500,2.5500,2.5500,2.5498,2.5486,2.5429,2.5212,2.4571,2.3084,2.0298
331,2.5500,2.5500,2.5500,2.5500,2.5500,2.5500,2.5500,2.5500,2.5500,2.5500,2.5500,2.5500,2.5500,2.5500,2.5498,2.5486,2.5428,2.5209,2.4566,2.3078,2.0291
332,2.5500,2.5500,2.5500,2.5500,2.5500,2.5500,2.5500,2.5500,2.5500,2.5500,2.5500,2.5500,2.5500,2.5500,2.5498,2.5486,2.5428,2.5207,2.4562,2.3071,2.0284
333,2.5500,2.5500,2.5500,2.5500,2.5500,2.5500,2.5500,2.5500,2.5500,2.5500,2.5500,2.5500,2.5500,2.5500,2.5498,2.5486,2.5427,2.5205,2.4558,2.3065,2.0277
334,2.5500,2.5500,2.5500,2.5500,2.5500,2.5500,2.5500,2.5500,2.5500,2.5500,2.5500,2.5500,2.5500,2.5500,2.5498,2.5486,2.5426,2.5203,2.4553,2.3058,2.0270
335,2.5500,2.5500,2.5500,2.5500,2.5500,2.5500,2.5500,2.5500,2.5500,2.5500,2.5500,2.5500,2.5500,2.5500,2.5498,2.5485,2.5425,2.5201,2.4549,2.3052,2.0263
336,2.5500,2.5500,2.5500,2.5500,2.5500,2.5500,2.5500,2.5500,2.5500,2.5500,2.5500,2.5500,2.5500,2.5500,2.5498,2.5485,2.5425,2.5199,2.4545,2.3046,2.0256
337,2.5500,2.5500,2.5500,2.5500,2.5500,2.5500,2.5500,2.5500,2.5500,2.5500,2.5500,2.5500,2.5500,2.5500,2.5498,2.5485,2.5424,2.5197,2.4540,2.3039,2.0250
338,2.5500,2.5500,2.5500,2.5500,2.5500,2.5500,2.5500,2.5500,2.5500,2.5500,2.5500,2.5500,2.5500,2.5500,2.5498,2.5485,2.5423,2.5195,2.4536,2.3033,2.0243
339,2.5500,2.5500,2.5500,2.5500,2.5500,2.5500,2.5500,2.5500,2.5500,2.5500,2.5500,2.5500,2.5500,2.5500,2.5498,2.5484,2.5422,2.5192,2.4532,2.3027,2.0236
340,2.5500,2.5500,2.5500,2.5500,2.5500,2.5500,2.5500,2.5500,2.5500,2.5500,2.5500,2.5500,2.5500,2.5500,2.5498,2.5484,2.5421,2.5190,2.4528,2.3020,2.0229
341,2.5500,2.5500,2.5500,2.5500,2.5500,2.5500,2.5500,2.5500,2.5500,2.5500,2.5500,2.5500,2.5500,2.5500,2.5497,2.5484,2.5421,2.5188,2.4523,2.3014,2.0222
342,2.5500,2.5500,2.5500,2.5500,2.5500,2.5500,2.5500,2.5500,2.5500,2.5500,2.5500,2.5500,2.5500,2.5500,2.5497,2.5484,2.5420,2.5186,2.4519,2.3008,2.0216
343,2.5500,2.5500,2.5500,2.5500,2.5500,2.5500,2.5500,2.5500,2.5500,2.5500,2.5500,2.5500,2.5500,2.5500,2.5497,2.5484,2.5419,2.5184,2.4515,2.3001,2.0209
344,2.5500,2.5500,2.5500,2.5500,2.5500,2.5500,2.5500,2.5500,2.5500,2.5500,2.5500,2.5500,2.5500,2.5500,2.5497,2.5483,2.5418,2.5182,2.4510,2.2995,2.0202
345,2.5500,2.5500,2.5500,2.5500,2.5500,2.5500,2.5500,2.5500,2.5500,2.5500,2.5500,2.5500,2.5500,2.5500,2.5497,2.5483,2.5417,2.5179,2.4506,2.2989,2.0195
346,2.5500,2.5500,2.5500,2.5500,2.5500,2.5500,2.5500,2.5500,2.5500,2.5500,2.5500,2.5500,2.5500,2.5500,2.5497,2.5483,2.5416,2.5177,2.4502,2.2982,2.0189
347,2.5500,2.5500,2.5500,2.5500,2.5500,2.5500,2.5500,2.5500,2.5500,2.5500,2.5500,2.5500,2.5500,2.5500,2.5497,2.5483,2.5416,2.5175,2.4497,2.2976,2.0182
348,2.5500,2.5500,2.5500,2.5500,2.5500,2.5500,2.5500,2.5500,2.5500,2.5500,2.5500,2.5500,2.5500,2.5500,2.5497,2.5482,2.5415,2.5173,2.4493,2.2970,2.0175
349,2.5500,2.5500,2.5500,2.5500,2.5500,2.5500,2.5500,2.5500,2.5500,2.5500,2.5500,2.5500,2.5500,2.5500,2.5497,2.5482,2.5414,2.5171,2.4489,2.2964,2.0168
350,2.5500,2.5500,2.5500,2.5500,2.5500,2.5500,2.5500,2.5500,2.5500,2.5500,2.5500,2.5500,2.5500,2.5500,2.5497,2.5482,2.5413,2.5168,2.4485,2.2957,2.0162
351,2.5500,2.5500,2.5500,2.5500,2.5500,2.5500,2.5500,2.5500,2.5500,2.5500,2.5500,2.5500,2.5500,2.5500,2.5497,2.5482,2.5412,2.5166,2.4480,2.2951,2.0155
352,2.5500,2.5500,2.5500,2.5500,2.5500,2.5500,2.5500,2.5500,2.5500,2.5500,2.5500,2.5500,2.5500,2.5500,2.5497,2.5481,2.5411,2.5164,2.4476,2.2945,2.0148
353,2.5500,2.5500,2.5500,2.5500,2.5500,2.5500,2.5500,2.5500,2.5500,2.5500,2.5500,2.5500,2.5500,2.5500,2.5497,2.5481,2.5411,2.5162,2.4472,2.2939,2.0142
354,2.5500,2.5500,2.5500,2.5500,2.5500,2.5500,2.5500,2.5500,2.5500,2.5500,2.5500,2.5500,2.5500,2.5500,2.5497,2.5481,2.5410,2.5160,2.4467,2.2932,2.0135
355,2.5500,2.5500,2.5500,2.5500,2.5500,2.5500,2.5500,2.5500,2.5500,2.5500,2.5500,2.5500,2.5500,2.5500,2.5497,2.5481,2.5409,2.5157,2.4463,2.2926,2.0128
356,2.5500,2.5500,2.5500,2.5500,2.5500,2.5500,2.5500,2.5500,2.5500,2.5500,2.5500,2.5500,2.5500,2.5500,2.5497,2.5480,2.5408,2.5155,2.4459,2.2920,2.0122
357,2.5500,2.5500,2.5500,2.5500,2.5500,2.5500,2.5500,2.5500,2.5500,2.5500,2.5500,2.5500,2.5500,2.5500,2.5497,2.5480,2.5407,2.5153,2.4455,2.2914,2.0115
358,2.5500,2.5500,2.5500,2.5500,2.5500,2.5500,2.5500,2.5500,2.5500,2.5500,2.5500,2.5500,2.5500,2.5500,2.5497,2.5480,2.5406,2.5151,2.4450,2.2908,2.0109
359,2.5500,2.5500,2.5500,2.5500,2.5500,2.5500,2.5500,2.5500,2.5500,2.5500,2.5500,2.5500,2.5500,2.5500,2.5497,2.5480,2.5405,2.5148,2.4446,2.2901,2.0102
360,2.5500,2.5500,2.5500,2.5500,2.5500,2.5500,2.5500,2.5500,2.5500,2.5500,2.5500,2.5500,2.5500,2.5500,2.5496,2.5479,2.5404,2.5146,2.4442,2.2895,2.0096
361,2.5500,2.5500,2.5500,2.5500,2.5500,2.5500,2.5500,2.5500,2.5500,2.5500,2.5500,2.5500,2.5500,2.5500,2.5496,2.5479,2.5404,2.5144,2.4437,2.2889,2.0089
362,2.5500,2.5500,2.5500,2.5500,2.5500,2.5500,2.5500,2.5500,2.5500,2.5500,2.5500,2.5500,2.5500,2.5499,2.5496,2.5479,2.5403,2.5142,2.4433,2.2883,2.0082
363,2.5500,2.5500,2.5500,2.5500,2.5500,2.5500,2.5500,2.5500,2.5500,2.5500,2.5500,2.5500,2.5500,2.5499,2.5496,2.5479,2.5402,2.5139,2.4429,2.2877,2.0076
364,2.5500,2.5500,2.5500,2.5500,2.5500,2.5500,2.5500,2.5500,2.5500,2.5500,2.5500,2.5500,2.5500,2.5499,2.5496,2.5478,2.5401,2.5137,2.4425,2.2871,2.0069
365,2.5500,2.5500,2.5500,2.5500,2.5500,2.5500,2.5500,2.5500,2.5500,2.5500,2.5500,2.5500,2.5500,2.5499,2.5496,2.5478,2.5400,2.5135,2.4420,2.2865,2.0063
366,2.5500,2.5500,2.5500,2.5500,2.5500,2.5500,2.5500,2.5500,2.5500,2.5500,2.5500,2.5500,2.5500,2.5499,2.5496,2.5478,2.5399,2.5133,2.4416,2.2858,2.0056
367,2.5500,2.5500,2.5500,2.5500,2.5500,2.5500,2.5500,2.5500,2.5500,2.5500,2.5500,2.5500,2.5500,2.5499,2.5496,2.5477,2.5398,2.5130,2.4412,2.2852,2.0050
368,2.5500,2.5500,2.5500,2.5500,2.5500,2.5500,2.5500,2.5500,2.5500,2.5500,2.5500,2.5500,2.5500,2.5499,2.5496,2.5477,2.5397,2.5128,2.4407,2.2846,2.0043
369,2.5500,2.5500,2.5500,2.5500,2.5500,2.5500,2.5500,2.5500,2.5500,2.5500,2.5500,2.5500,2.5500,2.5499,2.5496,2.5477,2.5396,2.5126,2.4403,2.2840,2.0037
370,2.5500,2.5500,2.5500,2.5500,2.5500,2.5500,2.5500,2.5500,2.5500,2.5500,2.5500,2.5500,2.5500,2.5499,2.5496,2.5477,2.5395,2.5124,2.4399,2.2834,2.0030
371,2.5500,2.5500,2.5500,2.5500,2.5500,2.5500,2.5500,2.5500,2.5500,2.5500,2.5500,2.5500,2.5500,2.5499,2.5496,2.5476,2.5394,2.5121,2.4395,2.2828,2.0024
372,2.5500,2.5500,2.5500,2.5500,2.5500,2.5500,2.5500,2.5500,2.5500,2.5500,2.5500,2.5500,2.5500,2.5499,2.5496,2.5476,2.5393,2.5119,2.4390,2.2822,2.0018
373,2.5500,2.5500,2.5500,2.5500,2.5500,2.5500,2.5500,2.5500,2.5500,2.5500,2.5500,2.5500,2.5500,2.5499,2.5496,2.5476,2.5393,2.5117,2.4386,2.2816,2.0011
374,2.5500,2.5500,2.5500,2.5500,2.5500,2.5500,2.5500,2.5500,2.5500,2.5500,2.5500,2.5500,2.5500,2.5499,2.5496,2.5475,2.5392,2.5114,2.4382,2.2810,2.0005
375,2.5500,2.5500,2.5500,2.5500,2.5500,2.5500,2.5500,2.5500,2.5500,2.5500,2.5500,2.5500,2.5500,2.5499,2.5495,2.5475,2.5391,2.5112,2.4377,2.2804,1.9998
376,2.5500,2.5500,2.5500,2.5500,2.5500,2.5500,2.5500,2.5500,2.5500,2.5500,2.5500,2.5500,2.5500,2.5499,2.5495,2.5475,2.5390,2.5110,2.4373,2.2798,1.9992
377,2.5500,2.5500,2.5500,2.5500,2.5500,2.5500,2.5500,2.5500,2.5500,2.5500,2.5500,2.5500,2.5500,2.5499,2.5495,2.5475,2.5389,2.5107,2.4369,2.2792,1.9986
378,2.5500,2.5500,2.5500,2.5500,2.5500,2.5500,2.5500,2.5500,2.5500,2.5500,2.5500,2.5500,2.5500,2.5499,2.5495,2.5474,2.5388,2.5105,2.4365,2.2786,1.9979
379,2.5500,2.5500,2.5500,2.5500,2.5500,2.5500,2.5500,2.5500,2.5500,2.5500,2.5500,2.5500,2.5500,2.5499,2.5495,2.5474,2.5387,2.5103,2.4360,2.2780,1.9973
380,2.5500,2.5500,2.5500,2.5500,2.5500,2.5500,2.5500,2.5500,2.5500,2.5500,2.5500,2.5500,2.5500,2.5499,2.5495,2.5474,2.5386,2.5101,2.4356,2.2774,1.9966
381,2.5500,2.5500,2.5500,2.5500,2.5500,2.5500,2.5500,2.5500,2.5500,2.5500,2.5500,2.5500,2.5500,2.5499,2.5495,2.5473,2.5385,2.5098,2.4352,2.2768,1.9960
382,2.5500,2.5500,2.5500,2.5500,2.5500,2.5500,2.5500,2.5500,2.5500,2.5500,2.5500,2.5500,2.5500,2.5499,2.5495,2.5473,2.5384,2.5096,2.4347,2.2762,1.9954
383,2.5500,2.5500,2.5500,2.5500,2.5500,2.5500,2.5500,2.5500,2.5500,2.5500,2.5500,2.5500,2.5500,2.5499,2.5495,2.5473,2.5383,2.5094,2.4343,2.2756,1.9948
384,2.5500,2.5500,2.5500,2.5500,2.5500,2.5500,2.5500,2.5500,2.5500,2.5500,2.5500,2.5500,2.5500,2.5499,2.5495,2.5472,2.5382,2.5091,2.4339,2.2750,1.9941
385,2.5500,2.5500,2.5500,2.5500,2.5500,2.5500,2.5500,2.5500,2.5500,2.5500,2.5500,2.5500,2.5500,2.5499,2.5495,2.5472,2.5381,2.5089,2.4335,2.2744,1.9935
386,2.5500,2.5500,2.5500,2.5500,2.5500,2.5500,2.5500,2.5500,2.5500,2.5500,2.5500,2.5500,2.5500,2.5499,2.5495,2.5472,2.5380,2.5087,2.4330,2.2738,1.9929
387,2.5500,2.5500,2.5500,2.5500,2.5500,2.5500,2.5500,2.5500,2.5500,2.5500,2.5500,2.5500,2.5500,2.5499,2.5495,2.5471,2.5379,2.5084,2.4326,2.2732,1.9922
388,2.5500,2.5500,2.5500,2.5500,2.5500,2.5500,2.5500,2.5500,2.5500,2.5500,2.5500,2.5500,2.5500,2.5499,2.5494,2.5471,2.5378,2.5082,2.4322,2.2726,1.9916
389,2.5500,2.5500,2.5500,2.5500,2.5500,2.5500,2.5500,2.5500,2.5500,2.5500,2.5500,2.5500,2.5500,2.5499,2.5494,2.5471,2.5377,2.5080,2.4318,2.2720,1.9910
390,2.5500,2.5500,2.5500,2.5500,2.5500,2.5500,2.5500,2.5500,2.5500,2.5500,2.5500,2.5500,2.5500,2.5499,2.5494,2.5470,2.5376,2.5077,2.4313,2.2714,1.9904
391,2.5500,2.5500,2.5500,2.5500,2.5500,2.5500,2.5500,2.5500,2.5500,2.5500,2.5500,2.5500,2.5500,2.5499,2.5494,2.5470,2.5375,2.5075,2.4309,2.2708,1.9897
392,2.5500,2.5500,2.5500,2.5500,2.5500,2.5500,2.5500,2.5500,2.5500,2.5500,2.5500,2.5500,2.5500,2.5499,2.5494,2.5470,2.5374,2.5072,2.4305,2.2702,1.9891
393,2.5500,2.5500,2.5500,2.5500,2.5500,2.5500,2.5500,2.5500,2.5500,2.5500,2.5500,2.5500,2.5500,2.5499,2.5494,2.5469,2.5373,2.5070,2.4301,2.2696,1.9885
394,2.5500,2.5500,2.5500,2.5500,2.5500,2.5500,2.5500,2.5500,2.5500,2.5500,2.5500,2.5500,2.5500,2.5499,2.5494,2.5469,2.5372,2.5068,2.4296,2.2690,1.9879
395,2.5500,2.5500,2.5500,2.5500,2.5500,2.5500,2.5500,2.5500,2.5500,2.5500,2.5500,2.5500,2.5500,2.5499,2.5494,2.5469,2.5371,2.5065,2.4292,2.2684,1.9873
396,2.5500,2.5500,2.5500,2.5500,2.5500,2.5500,2.5500,2.5500,2.5500,2.5500,2.5500,2.5500,2.5500,2.5499,2.5494,2.5468,2.5370,2.5063,2.4288,2.2678,1.9866
397,2.5500,2.5500,2.5500,2.5500,2.5500,2.5500,2.5500,2.5500,2.5500,2.5500,2.5500,2.5500,2.5500,2.5499,2.5494,2.5468,2.5369,2.5061,2.4284,2.2673,1.9860
398,2.5500,2.5500,2.5500,2.5500,2.5500,2.5500,2.5500,2.5500,2.5500,2.5500,2.5500,2.5500,2.5500,2.5499,2.5494,2.5468,2.5368,2.5058,2.4279,2.2667,1.9854
399,2.5500,2.5500,2.5500,2.5500,2.5500,2.5500,2.5500,2.5500,2.5500,2.5500,2.5500,2.5500,2.5500,2.5499,2.5494,2.5467,2.5367,2.5056,2.4275,2.2661,1.9848
400,2.5500,2.5500,2.5500,2.5500,2.5500,2.5500,2.5500,2.5500,2.5500,2.5500,2.5500,2.5500,2.5500,2.5499,2.5493,2.5467,2.5366,2.5053,2.4271,2.2655,1.9842
401,2.5500,2.5500,2.5500,2.5500,2.5500,2.5500,2.5500,2.5500,2.5500,2.5500,2.5500,2.5500,2.5500,2.5499,2.5493,2.5467,2.5365,2.5051,2.4267,2.2649,1.9836
402,2.5500,2.5500,2.5500,2.5500,2.5500,2.5500,2.5500,2.5500,2.5500,2.5500,2.5500,2.5500,2.5500,2.5499,2.5493,2.5466,2.5364,2.5049,2.4262,2.2643,1.9829
403,2.5500,2.5500,2.5500,2.5500,2.5500,2.5500,2.5500,2.5500,2.5500,2.5500,2.5500,2.5500,2.5500,2.5499,2.5493,2.5466,2.5363,2.5046,2.4258,2.2637,1.9823
404,2.5500,2.5500,2.5500,2.5500,2.5500,2.5500,2.5500,2.5500,2.5500,2.5500,2.5500,2.5500,2.5500,2.5499,2.5493,2.5466,2.5362,2.5044,2.4254,2.2632,1.9817
405,2.5500,2.5500,2.5500,2.5500,2.5500,2.5500,2.5500,2.5500,2.5500,2.5500,2.5500,2.5500,2.5500,2.5499,2.5493,2.5465,2.5361,2.5041,2.4250,2.2626,1.9811
406,2.5500,2.5500,2.5500,2.5500,2.5500,2.5500,2.5500,2.5500,2.5500,2.5500,2.5500,2.5500,2.5500,2.5499,2.5493,2.5465,2.5359,2.5039,2.4245,2.2620,1.9805
407,2.5500,2.5500,2.5500,2.5500,2.5500,2.5500,2.5500,2.5500,2.5500,2.5500,2.5500,2.5500,2.5500,2.5499,2.5493,2.5464,2.5358,2.5037,2.4241,2.2614,1.9799
408,2.5500,2.5500,2.5500,2.5500,2.5500,2.5500,2.5500,2.5500,2.5500,2.5500,2.5500,2.5500,2.5500,2.5499,2.5493,2.5464,2.5357,2.5034,2.4237,2.2608,1.9793
409,2.5500,2.5500,2.5500,2.5500,2.5500,2.5500,2.5500,2.5500,2.5500,2.5500,2.5500,2.5500,2.5500,2.5499,2.5493,2.5464,2.5356,2.5032,2.4233,2.2603,1.9787
410,2.5500,2.5500,2.5500,2.5500,2.5500,2.5500,2.5500,2.5500,2.5500,2.5500,2.5500,2.5500,2.5500,2.5499,2.5492,2.5463,2.5355,2.5029,2.4228,2.2597,1.9781
411,2.5500,2.5500,2.5500,2.5500,2.5500,2.5500,2.5500,2.5500,2.5500,2.5500,2.5500,2.5500,2.5500,2.5499,2.5492,2.5463,2.5354,2.5027,2.4224,2.2591,1.9775
412,2.5500,2.5500,2.5500,2.5500,2.5500,2.5500,2.5500,2.5500,2.5500,2.5500,2.5500,2.5500,2.5500,2.5499,2.5492,2.5463,2.5353,2.5025,2.4220,2.2585,1.9769
413,2.5500,2.5500,2.5500,2.5500,2.5500,2.5500,2.5500,2.5500,2.5500,2.5500,2.5500,2.5500,2.5500,2.5499,2.5492,2.5462,2.5352,2.5022,2.4216,2.2579,1.9763
414,2.5500,2.5500,2.5500,2.5500,2.5500,2.5500,2.5500,2.5500,2.5500,2.5500,2.5500,2.5500,2.5500,2.5499,2.5492,2.5462,2.5351,2.5020,2.4211,2.2574,1.9757
415,2.5500,2.5500,2.5500,2.5500,2.5500,2.5500,2.5500,2.5500,2.5500,2.5500,2.5500,2.5500,2.5500,2.5499,2.5492,2.5461,2.5350,2.5017,2.4207,2.2568,1.9751
416,2.5500,2.5500,2.5500,2.5500,2.5500,2.5500,2.5500,2.5500,2.5500,2.5500,2.5500,2.5500,2.5500,2.5499,2.5492,2.5461,2.5349,2.5015,2.4203,2.2562,1.9745
417,2.5500,2.5500,2.5500,2.5500,2.5500,2.5500,2.5500,2.5500,2.5500,2.5500,2.5500,2.5500,2.5500,2.5499,2.5492,2.5461,2.5348,2.5012,2.4199,2.2556,1.9739
418,2.5500,2.5500,2.5500,2.5500,2.5500,2.5500,2.5500,2.5500,2.5500,2.5500,2.5500,2.5500,2.5500,2.5499,2.5492,2.5460,2.5346,2.5010,2.4194,2.2551,1.9733
419,2.5500,2.5500,2.5500,2.5500,2.5500,2.5500,2.5500,2.5500,2.5500,2.5500,2.5500,2.5500,2.5500,2.5499,2.5491,2.5460,2.5345,2.5008,2.4190,2.2545,1.9727
420,2.5500,2.5500,2.5500,2.5500,2.5500,2.5500,2.5500,2.5500,2.5500,2.5500,2.5500,2.5500,2.5500,2.5498,2.5491,2.5459,2.5344,2.5005,2.4186,2.2539,1.9721
421,2.5500,2.5500,2.5500,2.5500,2.5500,2.5500,2.5500,2.5500,2.5500,2.5500,2.5500,2.5500,2.5500,2.5498,2.5491,2.5459,2.5343,2.5003,2.4182,2.2534,1.9715
422,2.5500,2.5500,2.5500,2.5500,2.5500,2.5500,2.5500,2.5500,2.5500,2.5500,2.5500,2.5500,2.5500,2.5498,2.5491,2.5459,2.5342,2.5000,2.4178,2.2528,1.9709
423,2.5500,2.5500,2.5500,2.5500,2.5500,2.5500,2.5500,2.5500,2.5500,2.5500,2.5500,2.5500,2.5500,2.5498,2.5491,2.5458,2.5341,2.4998,2.4173,2.2522,1.9703
424,2.5500,2.5500,2.5500,2.5500,2.5500,2.5500,2.5500,2.5500,2.5500,2.5500,2.5500,2.5500,2.5500,2.5498,2.5491,2.5458,2.5340,2.4995,2.4169,2.2517,1.9697
425,2.5500,2.5500,2.5500,2.5500,2.5500,2.5500,2.5500,2.5500,2.5500,2.5500,2.5500,2.5500,2.5500,2.5498,2.5491,2.5457,2.5339,2.4993,2.4165,2.2511,1.9691
426,2.5500,2.5500,2.5500,2.5500,2.5500,2.5500,2.5500,2.5500,2.5500,2.5500,2.5500,2.5500,2.5500,2.5498,2.5491,2.5457,2.5338,2.4990,2.4161,2.2505,1.9685
427,2.5500,2.5500,2.5500,2.5500,2.5500,2.5500,2.5500,2.5500,2.5500,2.5500,2.5500,2.5500,2.5500,2.5498,2.5491,2.5457,2.5336,2.4988,2.4156,2.2499,1.9679
428,2.5500,2.5500,2.5500,2.5500,2.5500,2.5500,2.5500,2.5500,2.5500,2.5500,2.5500,2.5500,2.5500,2.5498,2.5490,2.5456,2.5335,2.4985,2.4152,2.2494,1.9674
429,2.5500,2.5500,2.5500,2.5500,2.5500,2.5500,2.5500,2.5500,2.5500,2.5500,2.5500,2.5500,2.5500,2.5498,2.5490,2.5456,2.5334,2.4983,2.4148,2.2488,1.9668
430,2.5500,2.5500,2.5500,2.5500,2.5500,2.5500,2.5500,2.5500,2.5500,2.5500,2.5500,2.5500,2.5500,2.5498,2.5490,2.5455,2.5333,2.4981,2.4144,2.2483,1.9662
431,2.5500,2.5500,2.5500,2.5500,2.5500,2.5500,2.5500,2.5500,2.5500,2.5500,2.5500,2.5500,2.5500,2.5498,2.5490,2.5455,2.5332,2.4978,2.4140,2.2477,1.9656
432,2.5500,2.5500,2.5500,2.5500,2.5500,2.5500,2.5500,2.5500,2.5500,2.5500,2.5500,2.5500,2.5500,2.5498,2.5490,2.5455,2.5331,2.4976,2.4135,2.2471,1.9650
433,2.5500,2.5500,2.5500,2.5500,2.5500,2.5500,2.5500,2.5500,2.5500,2.5500,2.5500,2.5500,2.5500,2.5498,2.5490,2.5454,2.5330,2.4973,2.4131,2.2466,1.9644
434,2.5500,2.5500,2.5500,2.5500,2.5500,2.5500,2.5500,2.5500,2.5500,2.5500,2.5500,2.5500,2.5500,2.5498,2.5490,2.5454,2.5328,2.4971,2.4127,2.2460,1.9638
435,2.5500,2.5500,2.5500,2.5500,2.5500,2.5500,2.5500,2.5500,2.5500,2.5500,2.5500,2.5500,2.5500,2.5498,2.5490,2.5453,2.5327,2.4968,2.4123,2.2454,1.9633
436,2.5500,2.5500,2.5500,2.5500,2.5500,2.5500,2.5500,2.5500,2.5500,2.5500,2.5500,2.5500,2.5500,2.5498,2.5489,2.5453,2.5326,2.4966,2.4119,2.2449,1.9627
437,2.5500,2.5500,2.5500,2.5500,2.5500,2.5500,2.5500,2.5500,2.5500,2.5500,2.5500,2.5500,2.5500,2.5498,2.5489,2.5452,2.5325,2.4963,2.4114,2.2443,1.9621
438,2.5500,2.5500,2.5500,2.5500,2.5500,2.5500,2.5500,2.5500,2.5500,2.5500,2.5500,2.5500,2.5500,2.5498,2.5489,2.5452,2.5324,2.4961,2.4110,2.2438,1.9615
439,2.5500,2.5500,2.5500,2.5500,2.5500,2.5500,2.5500,2.5500,2.5500,2.5500,2.5500,2.5500,2.5500,2.5498,2.5489,2.5452,2.5323,2.4958,2.4106,2.2432,1.9609
440,2.5500,2.5500,2.5500,2.5500,2.5500,2.5500,2.5500,2.5500,2.5500,2.5500,2.5500,2.5500,2.5500,2.5498,2.5489,2.5451,2.5321,2.4956,2.4102,2.2426,1.9604
441,2.5500,2.5500,2.5500,2.5500,2.5500,2.5500,2.5500,2.5500,2.5500,2.5500,2.5500,2.5500,2.5500,2.5498,2.5489,2.5451,2.5320,2.4953,2.4098,2.2421,1.9598
442,2.5500,2.5500,2.5500,2.5500,2.5500,2.5500,2.5500,2.5500,2.5500,2.5500,2.5500,2.5500,2.5500,2.5498,2.5489,2.5450,2.5319,2.4951,2.4093,2.2415,1.9592
443,2.5500,2.5500,2.5500,2.5500,2.5500,2.5500,2.5500,2.5500,2.5500,2.5500,2.5500,2.5500,2.5500,2.5498,2.5488,2.5450,2.5318,2.4948,2.4089,2.2410,1.9586
444,2.5500,2.5500,2.5500,2.5500,2.5500,2.5500,2.5500,2.5500,2.5500,2.5500,2.5500,2.5500,2.5500,2.5498,2.5488,2.5449,2.5317,2.4946,2.4085,2.2404,1.9581
445,2.5500,2.5500,2.5500,2.5500,2.5500,2.5500,2.5500,2.5500,2.5500,2.5500,2.5500,2.5500,2.5500,2.5498,2.5488,2.5449,2.5315,2.4943,2.4081,2.2399,1.9575
446,2.5500,2.5500,2.5500,2.5500,2.5500,2.5500,2.5500,2.5500,2.5500,2.5500,2.5500,2.5500,2.5500,2.5498,2.5488,2.5448,2.5314,2.4941,2.4077,2.2393,1.9569
447,2.5500,2.5500,2.5500,2.5500,2.5500,2.5500,2.5500,2.5500,2.5500,2.5500,2.5500,2.5500,2.5500,2.5498,2.5488,2.5448,2.5313,2.4938,2.4072,2.2388,1.9563
448,2.5500,2.5500,2.5500,2.5500,2.5500,2.5500,2.5500,2.5500,2.5500,2.5500,2.5500,2.5500,2.5500,2.5498,2.5488,2.5447,2.5312,2.4936,2.4068,2.2382,1.9558
449,2.5500,2.5500,2.5500,2.5500,2.5500,2.5500,2.5500,2.5500,2.5500,2.5500,2.5500,2.5500,2.5500,2.5498,2.5488,2.5447,2.5311,2.4933,2.4064,2.2377,1.9552
450,2.5500,2.5500,2.5500,2.5500,2.5500,2.5500,2.5500,2.5500,2.5500,2.5500,2.5500,2.5500,2.5500,2.5498,2.5488,2.5447,2.5309,2.4931,2.4060,2.2371,1.9546
451,2.5500,2.5500,2.5500,2.5500,2.5500,2.5500,2.5500,2.5500,2.5500,2.5500,2.5500,2.5500,2.5500,2.5498,2.5487,2.5446,2.5308,2.4928,2.4056,2.2366,1.9541
452,2.5500,2.5500,2.5500,2.5500,2.5500,2.5500,2.5500,2.5500,2.5500,2.5500,2.5500,2.5500,2.5500,2.5498,2.5487,2.5446,2.5307,2.4926,2.4052,2.2360,1.9535
453,2.5500,2.5500,2.5500,2.5500,2.5500,2.5500,2.5500,2.5500,2.5500,2.5500,2.5500,2.5500,2.5500,2.5497,2.5487,2.5445,2.5306,2.4923,2.4047,2.2355,1.9529
454,2.5500,2.5500,2.5500,2.5500,2.5500,2.5500,2.5500,2.5500,2.5500,2.5500,2.5500,2.5500,2.5500,2.5497,2.5487,2.5445,2.5305,2.4921,2.4043,2.2349,1.9524
455,2.5500,2.5500,2.5500,2.5500,2.5500,2.5500,2.5500,2.5500,2.5500,2.5500,2.5500,2.5500,2.5500,2.5497,2.5487,2.5444,2.5303,2.4918,2.4039,2.2344,1.9518
456,2.5500,2.5500,2.5500,2.5500,2.5500,2.5500,2.5500,2.5500,2.5500,2.5500,2.5500,2.5500,2.5500,2.5497,2.5487,2.5444,2.5302,2.4915,2.4035,2.2338,1.9512
457,2.5500,2.5500,2.5500,2.5500,2.5500,2.5500,2.5500,2.5500,2.5500,2.5500,2.5500,2.5500,2.5500,2.5497,2.5486,2.5443,2.5301,2.4913,2.4031,2.2333,1.9507
458,2.5500,2.5500,2.5500,2.5500,2.5500,2.5500,2.5500,2.5500,2.5500,2.5500,2.5500,2.5500,2.5500,2.5497,2.5486,2.5443,2.5300,2.4910,2.4027,2.2327,1.9501
459,2.5500,2.5500,2.5500,2.5500,2.5500,2.5500,2.5500,2.5500,2.5500,2.5500,2.5500,2.5500,2.5500,2.5497,2.5486,2.5442,2.5298,2.4908,2.4022,2.2322,1.9495
460,2.5500,2.5500,2.5500,2.5500,2.5500,2.5500,2.5500,2.5500,2.5500,2.5500,2.5500,2.5500,2.5500,2.5497,2.5486,2.5442,2.5297,2.4905,2.4018,2.2316,1.9490
461,2.5500,2.5500,2.5500,2.5500,2.5500,2.5500,2.5500,2.5500,2.5500,2.5500,2.5500,2.5500,2.5500,2.5497,2.5486,2.5441,2.5296,2.4903,2.4014,2.2311,1.9484
462,2.5500,2.5500,2.5500,2.5500,2.5500,2.5500,2.5500,2.5500,2.5500,2.5500,2.5500,2.5500,2.5500,2.5497,2.5486,2.5441,2.5295,2.4900,2.4010,2.2305,1.9479
463,2.5500,2.5500,2.5500,2.5500,2.5500,2.5500,2.5500,2.5500,2.5500,2.5500,2.5500,2.5500,2.5500,2.5497,2.5486,2.5440,2.5293,2.4898,2.4006,2.2300,1.9473
464,2.5500,2.5500,2.5500,2.5500,2.5500,2.5500,2.5500,2.5500,2.5500,2.5500,2.5500,2.5500,2.5500,2.5497,2.5485,2.5440,2.5292,2.4895,2.4002,2.2295,1.9467
465,2.5500,2.5500,2.5500,2.5500,2.5500,2.5500,2.5500,2.5500,2.5500,2.5500,2.5500,2.5500,2.5499,2.5497,2.5485,2.5439,2.5291,2.4893,2.3997,2.2289,1.9462
466,2.5500,2.5500,2.5500,2.5500,2.5500,2.5500,2.5500,2.5500,2.5500,2.5500,2.5500,2.5500,2.5499,2.5497,2.5485,2.5439,2.5290,2.4890,2.3993,2.2284,1.9456
467,2.5500,2.5500,2.5500,2.5500,2.5500,2.5500,2.5500,2.5500,2.5500,2.5500,2.5500,2.5500,2.5499,2.5497,2.5485,2.5438,2.5288,2.4887,2.3989,2.2278,1.9451
468,2.5500,2.5500,2.5500,2.5500,2.5500,2.5500,2.5500,2.5500,2.5500,2.5500,2.5500,2.5500,2.5499,2.5497,2.5485,2.5438,2.5287,2.4885,2.3985,2.2273,1.9445
469,2.5500,2.5500,2.5500,2.5500,2.5500,2.5500,2.5500,2.5500,2.5500,2.5500,2.5500,2.5500,2.5499,2.5497,2.5485,2.5437,2.5286,2.4882,2.3981,2.2267,1.9440
470,2.5500,2.5500,2.5500,2.5500,2.5500,2.5500,2.5500,2.5500,2.5500,2.5500,2.5500,2.5500,2.5499,2.5497,2.5484,2.5437,2.5285,2.4880,2.3977,2.2262,1.9434
471,2.5500,2.5500,2.5500,2.5500,2.5500,2.5500,2.5500,2.5500,2.5500,2.5500,2.5500,2.5500,2.5499,2.5497,2.5484,2.5436,2.5283,2.4877,2.3973,2.2257,1.9429
472,2.5500,2.5500,2.5500,2.5500,2.5500,2.5500,2.5500,2.5500,2.5500,2.5500,2.5500,2.5500,2.5499,2.5497,2.5484,2.5436,2.5282,2.4875,2.3968,2.2251,1.9423
473,2.5500,2.5500,2.5500,2.5500,2.5500,2.5500,2.5500,2.5500,2.5500,2.5500,2.5500,2.5500,2.5499,2.5497,2.5484,2.5435,2.5281,2.4872,2.3964,2.2246,1.9418
474,2.5500,2.5500,2.5500,2.5500,2.5500,2.5500,2.5500,2.5500,2.5500,2.5500,2.5500,2.5500,2.5499,2.5497,2.5484,2.5435,2.5279,2.4870,2.3960,2.2241,1.9412
475,2.5500,2.5500,2.5500,2.5500,2.5500,2.5500,2.5500,2.5500,2.5500,2.5500,2.5500,2.5500,2.5499,2.5497,2.5484,2.5434,2.5278,2.4867,2.3956,2.2235,1.9407
476,2.5500,2.5500,2.5500,2.5500,2.5500,2.5500,2.5500,2.5500,2.5500,2.5500,2.5500,2.5500,2.5499,2.5497,2.5483,2.5434,2.5277,2.4864,2.3952,2.2230,1.9401
477,2.5500,2.5500,2.5500,2.5500,2.5500,2.5500,2.5500,2.5500,2.5500,2.5500,2.5500,2.5500,2.5499,2.5496,2.5483,2.5433,2.5276,2.4862,2.3948,2.2225,1.9396
478,2.5500,2.5500,2.5500,2.5500,2.5500,2.5500,2.5500,2.5500,2.5500,2.5500,2.5500,2.5500,2.5499,2.5496,2.5483,2.5433,2.5274,2.4859,2.3944,2.2219,1.9390
479,2.5500,2.5500,2.5500,2.5500,2.5500,2.5500,2.5500,2.5500,2.5500,2.5500,2.5500,2.5500,2.5499,2.5496,2.5483,2.5432,2.5273,2.4857,2.3940,2.2214,1.9385
480,2.5500,2.5500,2.5500,2.5500,2.5500,2.5500,2.5500,2.5500,2.5500,2.5500,2.5500,2.5500,2.5499,2.5496,2.5483,2.5432,2.5272,2.4854,2.3935,2.2209,1.9379
481,2.5500,2.5500,2.5500,2.5500,2.5500,2.5500,2.5500,2.5500,2.5500,2.5500,2.5500,2.5500,2.5499,2.5496,2.5483,2.5431,2.5270,2.4852,2.3931,2.2203,1.9374
482,2.5500,2.5500,2.5500,2.5500,2.5500,2.5500,2.5500,2.5500,2.5500,2.5500,2.5500,2.5500,2.5499,2.5496,2.5482,2.5430,2.5269,2.4849,2.3927,2.2198,1.9368
483,2.5500,2.5500,2.5500,2.5500,2.5500,2.5500,2.5500,2.5500,2.5500,2.5500,2.5500,2.5500,2.5499,2.5496,2.5482,2.5430,2.5268,2.4846,2.3923,2.2193,1.9363
484,2.5500,2.5500,2.5500,2.5500,2.5500,2.5500,2.5500,2.5500,2.5500,2.5500,2.5500,2.5500,2.5499,2.5496,2.5482,2.5429,2.5266,2.4844,2.3919,2.2187,1.9357
485,2.5500,2.5500,2.5500,2.5500,2.5500,2.5500,2.5500,2.5500,2.5500,2.5500,2.5500,2.5500,2.5499,2.5496,2.5482,2.5429,2.5265,2.4841,2.3915,2.2182,1.9352
486,2.5500,2.5500,2.5500,2.5500,2.5500,2.5500,2.5500,2.5500,2.5500,2.5500,2.5500,2.5500,2.5499,2.5496,2.5482,2.5428,2.5264,2.4839,2.3911,2.2177,1.9347
487,2.5500,2.5500,2.5500,2.5500,2.5500,2.5500,2.5500,2.5500,2.5500,2.5500,2.5500,2.5500,2.5499,2.5496,2.5481,2.5428,2.5262,2.4836,2.3907,2.2171,1.9341
488,2.5500,2.5500,2.5500,2.5500,2.5500,2.5500,2.5500,2.5500,2.5500,2.5500,2.5500,2.5500,2.5499,2.5496,2.5481,2.5427,2.5261,2.4833,2.3902,2.2166,1.9336
489,2.5500,2.5500,2.5500,2.5500,2.5500,2.5500,2.5500,2.5500,2.5500,2.5500,2.5500,2.5500,2.5499,2.5496,2.5481,2.5427,2.5260,2.4831,2.3898,2.2161,1.9330
490,2.5500,2.5500,2.5500,2.5500,2.5500,2.5500,2.5500,2.5500,2.5500,2.5500,2.5500,2.5500,2.5499,2.5496,2.5481,2.5426,2.5258,2.4828,2.3894,2.2156,1.9325
491,2.5500,2.5500,2.5500,2.5500,2.5500,2.5500,2.5500,2.5500,2.5500,2.5500,2.5500,2.5500,2.5499,2.5496,2.5481,2.5426,2.5257,2.4826,2.3890,2.2150,1.9320
492,2.5500,2.5500,2.5500,2.5500,2.5500,2.5500,2.5500,2.5500,2.5500,2.5500,2.5500,2.5500,2.5499,2.5496,2.5480,2.5425,2.5256,2.4823,2.3886,2.2145,1.9314
493,2.5500,2.5500,2.5500,2.5500,2.5500,2.5500,2.5500,2.5500,2.5500,2.5500,2.5500,2.5500,2.5499,2.5496,2.5480,2.5424,2.5254,2.4821,2.3882,2.2140,1.9309
494,2.5500,2.5500,2.5500,2.5500,2.5500,2.5500,2.5500,2.5500,2.5500,2.5500,2.5500,2.5500,2.5499,2.5496,2.5480,2.5424,2.5253,2.4818,2.3878,2.2135,1.9304
495,2.5500,2.5500,2.5500,2.5500,2.5500,2.5500,2.5500,2.5500,2.5500,2.5500,2.5500,2.5500,2.5499,2.5496,2.5480,2.5423,2.5252,2.4815,2.3874,2.2129,1.9298
496,2.5500,2.5500,2.5500,2.5500,2.5500,2.5500,2.5500,2.5500,2.5500,2.5500,2.5500,2.5500,2.5499,2.5496,2.5480,2.5423,2.5250,2.4813,2.3870,2.2124,1.9293
497,2.5500,2.5500,2.5500,2.5500,2.5500,2.5500,2.5500,2.5500,2.5500,2.5500,2.5500,2.5500,2.5499,2.5495,2.5480,2.5422,2.5249,2.4810,2.3866,2.2119,1.9287
498,2.5500,2.5500,2.5500,2.5500,2.5500,2.5500,2.5500,2.5500,2.5500,2.5500,2.5500,2.5500,2.5499,2.5495,2.5479,2.5422,2.5248,2.4808,2.3861,2.2114,1.9282
499,2.5500,2.5500,2.5500,2.5500,2.5500,2.5500,2.5500,2.5500,2.5500,2.5500,2.5500,2.5500,2.5499,2.5495,2.5479,2.5421,2.5246,2.4805,2.3857,2.2108,1.9277
500,2.5500,2.5500,2.5500,2.5500,2.5500,2.5500,2.5500,2.5500,2.5500,2.5500,2.5500,2.5500,2.5499,2.5495,2.5479,2.5420,2.5245,2.4802,2.3853,2.2103,1.9272
501,2.5500,2.5500,2.5500,2.5500,2.5500,2.5500,2.5500,2.5500,2.5500,2.5500,2.5500,2.5500,2.5499,2.5495,2.5479,2.5420,2.5244,2.4800,2.3849,2.2098,1.9266
502,2.5500,2.5500,2.5500,2.5500,2.5500,2.5500,2.5500,2.5500,2.5500,2.5500,2.5500,2.5500,2.5499,2.5495,2.5479,2.5419,2.5242,2.4797,2.3845,2.2093,1.9261
503,2.5500,2.5500,2.5500,2.5500,2.5500,2.5500,2.5500,2.5500,2.5500,2.5500,2.5500,2.5500,2.5499,2.5495,2.5478,2.5419,2.5241,2.4794,2.3841,2.2088,1.9256
504,2.5500,2.5500,2.5500,2.5500,2.5500,2.5500,2.5500,2.5500,2.5500,2.5500,2.5500,2.5500,2.5499,2.5495,2.5478,2.5418,2.5240,2.4792,2.3837,2.2082,1.9250
505,2.5500,2.5500,2.5500,2.5500,2.5500,2.5500,2.5500,2.5500,2.5500,2.5500,2.5500,2.5500,2.5499,2.5495,2.5478,2.5418,2.5238,2.4789,2.3833,2.2077,1.9245
506,2.5500,2.5500,2.5500,2.5500,2.5500,2.5500,2.5500,2.5500,2.5500,2.5500,2.5500,2.5500,2.5499,2.5495,2.5478,2.5417,2.5237,2.4787,2.3829,2.2072,1.9240
507,2.5500,2.5500,2.5500,2.5500,2.5500,2.5500,2.5500,2.5500,2.5500,2.5500,2.5500,2.5500,2.5499,2.5495,2.5477,2.5416,2.5235,2.4784,2.3825,2.2067,1.9235
508,2.5500,2.5500,2.5500,2.5500,2.5500,2.5500,2.5500,2.5500,2.5500,2.5500,2.5500,2.5500,2.5499,2.5495,2.5477,2.5416,2.5234,2.4781,2.3821,2.2062,1.9229
509,2.5500,2.5500,2.5500,2.5500,2.5500,2.5500,2.5500,2.5500,2.5500,2.5500,2.5500,2.5500,2.5499,2.5495,2.5477,2.5415,2.5233,2.4779,2.3817,2.2057,1.9224
510,2.5500,2.5500,2.5500,2.5500,2.5500,2.5500,2.5500,2.5500,2.5500,2.5500,2.5500,2.5500,2.5499,2.5495,2.5477,2.5415,2.5231,2.4776,2.3812,2.2051,1.9219
511,2.5500,2.5500,2.5500,2.5500,2.5500,2.5500,2.5500,2.5500,2.5500,2.5500,2.5500,2.5500,2.5499,2.5495,2.5477,2.5414,2.5230,2.4774,2.3808,2.2046,1.9214
512,2.5500,2.5500,2.5500,2.5500,2.5500,2.5500,2.5500,2.5500,2.5500,2.5500,2.5500,2.5500,2.5499,2.5495,2.5476,2.5413,2.5229,2.4771,2.3804,2.2041,1.9208
513,2.5500,2.5500,2.5500,2.5500,2.5500,2.5500,2.5500,2.5500,2.5500,2.5500,2.5500,2.5500,2.5499,2.5494,2.5476,2.5413,2.5227,2.4768,2.3800,2.2036,1.9203
514,2.5500,2.5500,2.5500,2.5500,2.5500,2.5500,2.5500,2.5500,2.5500,2.5500,2.5500,2.5500,2.5499,2.5494,2.5476,2.5412,2.5226,2.4766,2.3796,2.2031,1.9198
515,2.5500,2.5500,2.5500,2.5500,2.5500,2.5500,2.5500,2.5500,2.5500,2.5500,2.5500,2.5500,2.5499,2.5494,2.5476,2.5412,2.5224,2.4763,2.3792,2.2026,1.9193
516,2.5500,2.5500,2.5500,2.5500,2.5500,2.5500,2.5500,2.5500,2.5500,2.5500,2.5500,2.5500,2.5499,2.5494,2.5476,2.5411,2.5223,2.4760,2.3788,2.2021,1.9187
517,2.5500,2.5500,2.5500,2.5500,2.5500,2.5500,2.5500,2.5500,2.5500,2.5500,2.5500,2.5500,2.5499,2.5494,2.5475,2.5410,2.5222,2.4758,2.3784,2.2016,1.9182
518,2.5500,2.5500,2.5500,2.5500,2.5500,2.5500,2.5500,2.5500,2.5500,2.5500,2.5500,2.5500,2.5499,2.5494,2.5475,2.5410,2.5220,2.4755,2.3780,2.2010,1.9177
519,2.5500,2.5500,2.5500,2.5500,2.5500,2.5500,2.5500,2.5500,2.5500,2.5500,2.5500,2.5500,2.5499,2.5494,2.5475,2.5409,2.5219,2.4753,2.3776,2.2005,1.9172
520,2.5500,2.5500,2.5500,2.5500,2.5500,2.5500,2.5500,2.5500,2.5500,2.5500,2.5500,2.5500,2.5499,2.5494,2.5475,2.5408,2.5217,2.4750,2.3772,2.2000,1.9167
521,2.5500,2.5500,2.5500,2.5500,2.5500,2.5500,2.5500,2.5500,2.5500,2.5500,2.5500,2.5500,2.5499,2.5494,2.5474,2.5408,2.5216,2.4747,2.3768,2.1995,1.9161
522,2.5500,2.5500,2.5500,2.5500,2.5500,2.5500,2.5500,2.5500,2.5500,2.5500,2.5500,2.5500,2.5499,2.5494,2.5474,2.5407,2.5215,2.4745,2.3764,2.1990,1.9156
523,2.5500,2.5500,2.5500,2.5500,2.5500,2.5500,2.5500,2.5500,2.5500,2.5500,2.5500,2.5500,2.5499,2.5494,2.5474,2.5407,2.5213,2.4742,2.3760,2.1985,1.9151
524,2.5500,2.5500,2.5500,2.5500,2.5500,2.5500,2.5500,2.5500,2.5500,2.5500,2.5500,2.5500,2.5499,2.5494,2.5474,2.5406,2.5212,2.4739,2.3756,2.1980,1.9146
525,2.5500,2.5500,2.5500,2.5500,2.5500,2.5500,2.5500,2.5500,2.5500,2.5500,2.5500,2.5500,2.5499,2.5494,2.5474,2.5405,2.5210,2.4737,2.3752,2.1975,1.9141
526,2.5500,2.5500,2.5500,2.5500,2.5500,2.5500,2.5500,2.5500,2.5500,2.5500,2.5500,2.5500,2.5499,2.5494,2.5473,2.5405,2.5209,2.4734,2.3748,2.1970,1.9136
527,2.5500,2.5500,2.5500,2.5500,2.5500,2.5500,2.5500,2.5500,2.5500,2.5500,2.5500,2.5500,2.5499,2.5494,2.5473,2.5404,2.5207,2.4731,2.3744,2.1965,1.9131
528,2.5500,2.5500,2.5500,2.5500,2.5500,2.5500,2.5500,2.5500,2.5500,2.5500,2.5500,2.5500,2.5499,2.5493,2.5473,2.5403,2.5206,2.4729,2.3740,2.1960,1.9125
529,2.5500,2.5500,2.5500,2.5500,2.5500,2.5500,2.5500,2.5500,2.5500,2.5500,2.5500,2.5500,2.5499,2.5493,2.5473,2.5403,2.5205,2.4726,2.3736,2.1955,1.9120
530,2.5500,2.5500,2.5500,2.5500,2.5500,2.5500,2.5500,2.5500,2.5500,2.5500,2.5500,2.5500,2.5499,2.5493,2.5472,2.5402,2.5203,2.4723,2.3732,2.1950,1.9115
531,2.5500,2.5500,2.5500,2.5500,2.5500,2.5500,2.5500,2.5500,2.5500,2.5500,2.5500,2.5500,2.5499,2.5493,2.5472,2.5401,2.5202,2.4721,2.3727,2.1945,1.9110
532,2.5500,2.5500,2.5500,2.5500,2.5500,2.5500,2.5500,2.5500,2.5500,2.5500,2.5500,2.5500,2.5499,2.5493,2.5472,2.5401,2.5200,2.4718,2.3723,2.1940,1.9105
533,2.5500,2.5500,2.5500,2.5500,2.5500,2.5500,2.5500,2.5500,2.5500,2.5500,2.5500,2.5500,2.5499,2.5493,2.5472,2.5400,2.5199,2.4716,2.3719,2.1934,1.9100
534,2.5500,2.5500,2.5500,2.5500,2.5500,2.5500,2.5500,2.5500,2.5500,2.5500,2.5500,2.5500,2.5499,2.5493,2.5471,2.5400,2.5197,2.4713,2.3715,2.1929,1.9095
535,2.5500,2.5500,2.5500,2.5500,2.5500,2.5500,2.5500,2.5500,2.5500,2.5500,2.5500,2.5500,2.5499,2.5493,2.5471,2.5399,2.5196,2.4710,2.3711,2.1924,1.9090
536,2.5500,2.5500,2.5500,2.5500,2.5500,2.5500,2.5500,2.5500,2.5500,2.5500,2.5500,2.5500,2.5499,2.5493,2.5471,2.5398,2.5194,2.4708,2.3707,2.1919,1.9085
537,2.5500,2.5500,2.5500,2.5500,2.5500,2.5500,2.5500,2.5500,2.5500,2.5500,2.5500,2.5500,2.5498,2.5493,2.5471,2.5398,2.5193,2.4705,2.3703,2.1914,1.9080
538,2.5500,2.5500,2.5500,2.5500,2.5500,2.5500,2.5500,2.5500,2.5500,2.5500,2.5500,2.5500,2.5498,2.5493,2.5470,2.5397,2.5192,2.4702,2.3699,2.1909,1.9075
539,2.5500,2.5500,2.5500,2.5500,2.5500,2.5500,2.5500,2.5500,2.5500,2.5500,2.5500,2.5500,2.5498,2.5493,2.5470,2.5396,2.5190,2.4700,2.3695,2.1904,1.9069
540,2.5500,2.5500,2.5500,2.5500,2.5500,2.5500,2.5500,2.5500,2.5500,2.5500,2.5500,2.5500,2.5498,2.5493,2.5470,2.5396,2.5189,2.4697,2.3691,2.1899,1.9064
541,2.5500,2.5500,2.5500,2.5500,2.5500,2.5500,2.5500,2.5500,2.5500,2.5500,2.5500,2.5500,2.5498,2.5492,2.5470,2.5395,2.5187,2.4694,2.3687,2.1894,1.9059
542,2.5500,2.5500,2.5500,2.5500,2.5500,2.5500,2.5500,2.5500,2.5500,2.5500,2.5500,2.5500,2.5498,2.5492,2.5469,2.5394,2.5186,2.4692,2.3683,2.1889,1.9054
543,2.5500,2.5500,2.5500,2.5500,2.5500,2.5500,2.5500,2.5500,2.5500,2.5500,2.5500,2.5500,2.5498,2.5492,2.5469,2.5394,2.5184,2.4689,2.3679,2.1884,1.9049
544,2.5500,2.5500,2.5500,2.5500,2.5500,2.5500,2.5500,2.5500,2.5500,2.5500,2.5500,2.5500,2.5498,2.5492,2.5469,2.5393,2.5183,2.4686,2.3675,2.1880,1.9044
545,2.5500,2.5500,2.5500,2.5500,2.5500,2.5500,2.5500,2.5500,2.5500,2.5500,2.5500,2.5500,2.5498,2.5492,2.5469,2.5392,2.5181,2.4684,2.3671,2.1875,1.9039
546,2.5500,2.5500,2.5500,2.5500,2.5500,2.5500,2.5500,2.5500,2.5500,2.5500,2.5500,2.5500,2.5498,2.5492,2.5468,2.5392,2.5180,2.4681,2.3667,2.1870,1.9034
547,2.5500,2.5500,2.5500,2.5500,2.5500,2.5500,2.5500,2.5500,2.5500,2.5500,2.5500,2.5500,2.5498,2.5492,2.5468,2.5391,2.5178,2.4678,2.3663,2.1865,1.9029
548,2.5500,2.5500,2.5500,2.5500,2.5500,2.5500,2.5500,2.5500,2.5500,2.5500,2.5500,2.5500,2.5498,2.5492,2.5468,2.5390,2.5177,2.4676,2.3659,2.1860,1.9024
549,2.5500,2.5500,2.5500,2.5500,2.5500,2.5500,2.5500,2.5500,2.5500,2.5500,2.5500,2.5500,2.5498,2.5492,2.5468,2.5390,2.5175,2.4673,2.3655,2.1855,1.9019
550,2.5500,2.5500,2.5500,2.5500,2.5500,2.5500,2.5500,2.5500,2.5500,2.5500,2.5500,2.5500,2.5498,2.5492,2.5467,2.5389,2.5174,2.4670,2.3651,2.1850,1.9014
551,2.5500,2.5500,2.5500,2.5500,2.5500,2.5500,2.5500,2.5500,2.5500,2.5500,2.5500,2.5500,2.5498,2.5492,2.5467,2.5388,2.5172,2.4668,2.3647,2.1845,1.9009
552,2.5500,2.5500,2.5500,2.5500,2.5500,2.5500,2.5500,2.5500,2.5500,2.5500,2.5500,2.5500,2.5498,2.5492,2.5467,2.5387,2.5171,2.4665,2.3643,2.1840,1.9004
553,2.5500,2.5500,2.5500,2.5500,2.5500,2.5500,2.5500,2.5500,2.5500,2.5500,2.5500,2.5500,2.5498,2.5491,2.5467,2.5387,2.5170,2.4662,2.3639,2.1835,1.8999
554,2.5500,2.5500,2.5500,2.5500,2.5500,2.5500,2.5500,2.5500,2.5500,2.5500,2.5500,2.5500,2.5498,2.5491,2.5466,2.5386,2.5168,2.4660,2.3635,2.1830,1.8994
555,2.5500,2.5500,2.5500,2.5500,2.5500,2.5500,2.5500,2.5500,2.5500,2.5500,2.5500,2.5500,2.5498,2.5491,2.5466,2.5385,2.5167,2.4657,2.3631,2.1825,1.8989
556,2.5500,2.5500,2.5500,2.5500,2.5500,2.5500,2.5500,2.5500,2.5500,2.5500,2.5500,2.5500,2.5498,2.5491,2.5466,2.5385,2.5165,2.4654,2.3627,2.1820,1.8984
557,2.5500,2.5500,2.5500,2.5500,2.5500,2.5500,2.5500,2.5500,2.5500,2.5500,2.5500,2.5500,2.5498,2.5491,2.5465,2.5384,2.5164,2.4652,2.3623,2.1815,1.8979
558,2.5500,2.5500,2.5500,2.5500,2.5500,2.5500,2.5500,2.5500,2.5500,2.5500,2.5500,2.5500,2.5498,2.5491,2.5465,2.5383,2.5162,2.4649,2.3619,2.1810,1.8974
559,2.5500,2.5500,2.5500,2.5500,2.5500,2.5500,2.5500,2.5500,2.5500,2.5500,2.5500,2.5500,2.5498,2.5491,2.5465,2.5383,2.5161,2.4646,2.3616,2.1806,1.8970
560,2.5500,2.5500,2.5500,2.5500,2.5500,2.5500,2.5500,2.5500,2.5500,2.5500,2.5500,2.5500,2.5498,2.5491,2.5465,2.5382,2.5159,2.4644,2.3612,2.1801,1.8965
561,2.5500,2.5500,2.5500,2.5500,2.5500,2.5500,2.5500,2.5500,2.5500,2.5500,2.5500,2.5500,2.5498,2.5491,2.5464,2.5381,2.5158,2.4641,2.3608,2.1796,1.8960
562,2.5500,2.5500,2.5500,2.5500,2.5500,2.5500,2.5500,2.5500,2.5500,2.5500,2.5500,2.5500,2.5498,2.5491,2.5464,2.5380,2.5156,2.4638,2.3604,2.1791,1.8955
563,2.5500,2.5500,2.5500,2.5500,2.5500,2.5500,2.5500,2.5500,2.5500,2.5500,2.5500,2.5500,2.5498,2.5491,2.5464,2.5380,2.5155,2.4636,2.3600,2.1786,1.8950
564,2.5500,2.5500,2.5500,2.5500,2.5500,2.5500,2.5500,2.5500,2.5500,2.5500,2.5500,2.5500,2.5498,2.5491,2.5463,2.5379,2.5153,2.4633,2.3596,2.1781,1.8945
565,2.5500,2.5500,2.5500,2.5500,2.5500,2.5500,2.5500,2.5500,2.5500,2.5500,2.5500,2.5500,2.5498,2.5490,2.5463,2.5378,2.5151,2.4630,2.3592,2.1776,1.8940
566,2.5500,2.5500,2.5500,2.5500,2.5500,2.5500,2.5500,2.5500,2.5500,2.5500,2.5500,2.5500,2.5498,2.5490,2.5463,2.5378,2.5150,2.4628,2.3588,2.1771,1.8935
567,2.5500,2.5500,2.5500,2.5500,2.5500,2.5500,2.5500,2.5500,2.5500,2.5500,2.5500,2.5500,2.5498,2.5490,2.5463,2.5377,2.5148,2.4625,2.3584,2.1767,1.8930
568,2.5500,2.5500,2.5500,2.5500,2.5500,2.5500,2.5500,2.5500,2.5500,2.5500,2.5500,2.5500,2.5498,2.5490,2.5462,2.5376,2.5147,2.4622,2.3580,2.1762,1.8925
569,2.5500,2.5500,2.5500,2.5500,2.5500,2.5500,2.5500,2.5500,2.5500,2.5500,2.5500,2.5500,2.5498,2.5490,2.5462,2.5375,2.5145,2.4620,2.3576,2.1757,1.8920
570,2.5500,2.5500,2.5500,2.5500,2.5500,2.5500,2.5500,2.5500,2.5500,2.5500,2.5500,2.5500,2.5498,2.5490,2.5462,2.5375,2.5144,2.4617,2.3572,2.1752,1.8916
571,2.5500,2.5500,2.5500,2.5500,2.5500,2.5500,2.5500,2.5500,2.5500,2.5500,2.5500,2.5500,2.5498,2.5490,2.5461,2.5374,2.5142,2.4614,2.3568,2.1747,1.8911
572,2.5500,2.5500,2.5500,2.5500,2.5500,2.5500,2.5500,2.5500,2.5500,2.5500,2.5500,2.5500,2.5498,2.5490,2.5461,2.5373,2.5141,2.4611,2.3564,2.1742,1.8906
573,2.5500,2.5500,2.5500,2.5500,2.5500,2.5500,2.5500,2.5500,2.5500,2.5500,2.5500,2.5500,2.5498,2.5490,2.5461,2.5373,2.5139,2.4609,2.3560,2.1738,1.8901
574,2.5500,2.5500,2.5500,2.5500,2.5500,2.5500,2.5500,2.5500,2.5500,2.5500,2.5500,2.5500,2.5498,2.5490,2.5461,2.5372,2.5138,2.4606,2.3556,2.1733,1.8896
575,2.5500,2.5500,2.5500,2.5500,2.5500,2.5500,2.5500,2.5500,2.5500,2.5500,2.5500,2.5500,2.5498,2.5489,2.5460,2.5371,2.5136,2.4603,2.3552,2.1728,1.8891
576,2.5500,2.5500,2.5500,2.5500,2.5500,2.5500,2.5500,2.5500,2.5500,2.5500,2.5500,2.5500,2.5498,2.5489,2.5460,2.5370,2.5135,2.4601,2.3548,2.1723,1.8886
577,2.5500,2.5500,2.5500,2.5500,2.5500,2.5500,2.5500,2.5500,2.5500,2.5500,2.5500,2.5500,2.5498,2.5489,2.5460,2.5370,2.5133,2.4598,2.3544,2.1718,1.8882
578,2.5500,2.5500,2.5500,2.5500,2.5500,2.5500,2.5500,2.5500,2.5500,2.5500,2.5500,2.5499,2.5497,2.5489,2.5459,2.5369,2.5132,2.4595,2.3540,2.1713,1.8877
579,2.5500,2.5500,2.5500,2.5500,2.5500,2.5500,2.5500,2.5500,2.5500,2.5500,2.5500,2.5499,2.5497,2.5489,2.5459,2.5368,2.5130,2.4593,2.3537,2.1709,1.8872
580,2.5500,2.5500,2.5500,2.5500,2.5500,2.5500,2.5500,2.5500,2.5500,2.5500,2.5500,2.5499,2.5497,2.5489,2.5459,2.5367,2.5129,2.4590,2.3533,2.1704,1.8867
581,2.5500,2.5500,2.5500,2.5500,2.5500,2.5500,2.5500,2.5500,2.5500,2.5500,2.5500,2.5499,2.5497,2.5489,2.5459,2.5367,2.5127,2.4587,2.3529,2.1699,1.8862
582,2.5500,2.5500,2.5500,2.5500,2.5500,2.5500,2.5500,2.5500,2.5500,2.5500,2.5500,2.5499,2.5497,2.5489,2.5458,2.5366,2.5125,2.4585,2.3525,2.1694,1.8858
583,2.5500,2.5500,2.5500,2.5500,2.5500,2.5500,2.5500,2.5500,2.5500,2.5500,2.5500,2.5499,2.5497,2.5489,2.5458,2.5365,2.5124,2.4582,2.3521,2.1690,1.8853
584,2.5500,2.5500,2.5500,2.5500,2.5500,2.5500,2.5500,2.5500,2.5500,2.5500,2.5500,2.5499,2.5497,2.5489,2.5458,2.5364,2.5122,2.4579,2.3517,2.1685,1.8848
585,2.5500,2.5500,2.5500,2.5500,2.5500,2.5500,2.5500,2.5500,2.5500,2.5500,2.5500,2.5499,2.5497,2.5488,2.5457,2.5364,2.5121,2.4576,2.3513,2.1680,1.8843
586,2.5500,2.5500,2.5500,2.5500,2.5500,2.5500,2.5500,2.5500,2.5500,2.5500,2.5500,2.5499,2.5497,2.5488,2.5457,2.5363,2.5119,2.4574,2.3509,2.1675,1.8838
587,2.5500,2.5500,2.5500,2.5500,2.5500,2.5500,2.5500,2.5500,2.5500,2.5500,2.5500,2.5499,2.5497,2.5488,2.5457,2.5362,2.5118,2.4571,2.3505,2.1670,1.8834
588,2.5500,2.5500,2.5500,2.5500,2.5500,2.5500,2.5500,2.5500,2.5500,2.5500,2.5500,2.5499,2.5497,2.5488,2.5456,2.5361,2.5116,2.4568,2.3501,2.1666,1.8829
589,2.5500,2.5500,2.5500,2.5500,2.5500,2.5500,2.5500,2.5500,2.5500,2.5500,2.5500,2.5499,2.5497,2.5488,2.5456,2.5361,2.5115,2.4566,2.3497,2.1661,1.8824
590,2.5500,2.5500,2.5500,2.5500,2.5500,2.5500,2.5500,2.5500,2.5500,2.5500,2.5500,2.5499,2.5497,2.5488,2.5456,2.5360,2.5113,2.4563,2.3493,2.1656,1.8819
591,2.5500,2.5500,2.5500,2.5500,2.5500,2.5500,2.5500,2.5500,2.5500,2.5500,2.5500,2.5499,2.5497,2.5488,2.5455,2.5359,2.5111,2.4560,2.3489,2.1651,1.8815
592,2.5500,2.5500,2.5500,2.5500,2.5500,2.5500,2.5500,2.5500,2.5500,2.5500,2.5500,2.5499,2.5497,2.5488,2.5455,2.5358,2.5110,2.4558,2.3486,2.1647,1.8810
593,2.5500,2.5500,2.5500,2.5500,2.5500,2.5500,2.5500,2.5500,2.5500,2.5500,2.5500,2.5499,2.5497,2.5488,2.5455,2.5358,2.5108,2.4555,2.3482,2.1642,1.8805
594,2.5500,2.5500,2.5500,2.5500,2.5500,2.5500,2.5500,2.5500,2.5500,2.5500,2.5500,2.5499,2.5497,2.5487,2.5454,2.5357,2.5107,2.4552,2.3478,2.1637,1.8800
595,2.5500,2.5500,2.5500,2.5500,2.5500,2.5500,2.5500,2.5500,2.5500,2.5500,2.5500,2.5499,2.5497,2.5487,2.5454,2.5356,2.5105,2.4550,2.3474,2.1633,1.8796
596,2.5500,2.5500,2.5500,2.5500,2.5500,2.5500,2.5500,2.5500,2.5500,2.5500,2.5500,2.5499,2.5497,2.5487,2.5454,2.5355,2.5104,2.4547,2.3470,2.1628,1.8791
597,2.5500,2.5500,2.5500,2.5500,2.5500,2.5500,2.5500,2.5500,2.5500,2.5500,2.5500,2.5499,2.5497,2.5487,2.5453,2.5354,2.5102,2.4544,2.3466,2.1623,1.8786
598,2.5500,2.5500,2.5500,2.5500,2.5500,2.5500,2.5500,2.5500,2.5500,2.5500,2.5500,2.5499,2.5497,2.5487,2.5453,2.5354,2.5100,2.4541,2.3462,2.1618,1.8781
599,2.5500,2.5500,2.5500,2.5500,2.5500,2.5500,2.5500,2.5500,2.5500,2.5500,2.5500,2.5499,2.5497,2.5487,2.5453,2.5353,2.5099,2.4539,2.3458,2.1614,1.8777
600,2.5500,2.5500,2.5500,2.5500,2.5500,2.5500,2.5500,2.5500,2.5500,2.5500,2.5500,2.5499,2.5497,2.5487,2.5453,2.5352,2.5097,2.4536,2.3454,2.1609,1.8772
601,2.5500,2.5500,2.5500,2.5500,2.5500,2.5500,2.5500,2.5500,2.5500,2.5500,2.5500,2.5499,2.5497,2.5487,2.5452,2.5351,2.5096,2.4533,2.3451,2.1604,1.8767
602,2.5500,2.5500,2.5500,2.5500,2.5500,2.5500,2.5500,2.5500,2.5500,2.5500,2.5500,2.5499,2.5497,2.5487,2.5452,2.5350,2.5094,2.4531,2.3447,2.1600,1.8763
603,2.5500,2.5500,2.5500,2.5500,2.5500,2.5500,2.5500,2.5500,2.5500,2.5500,2.5500,2.5499,2.5497,2.5486,2.5452,2.5350,2.5092,2.4528,2.3443,2.1595,1.8758
604,2.5500,2.5500,2.5500,2.5500,2.5500,2.5500,2.5500,2.5500,2.5500,2.5500,2.5500,2.5499,2.5497,2.5486,2.5451,2.5349,2.5091,2.4525,2.3439,2.1590,1.8753
605,2.5500,2.5500,2.5500,2.5500,2.5500,2.5500,2.5500,2.5500,2.5500,2.5500,2.5500,2.5499,2.5497,2.5486,2.5451,2.5348,2.5089,2.4523,2.3435,2.1586,1.8748
606,2.5500,2.5500,2.5500,2.5500,2.5500,2.5500,2.5500,2.5500,2.5500,2.5500,2.5500,2.5499,2.5497,2.5486,2.5451,2.5347,2.5088,2.4520,2.3431,2.1581,1.8744
607,2.5500,2.5500,2.5500,2.5500,2.5500,2.5500,2.5500,2.5500,2.5500,2.5500,2.5500,2.5499,2.5497,2.5486,2.5450,2.5347,2.5086,2.4517,2.3427,2.1576,1.8739
608,2.5500,2.5500,2.5500,2.5500,2.5500,2.5500,2.5500,2.5500,2.5500,2.5500,2.5500,2.5499,2.5496,2.5486,2.5450,2.5346,2.5085,2.4514,2.3423,2.1572,1.8734
609,2.5500,2.5500,2.5500,2.5500,2.5500,2.5500,2.5500,2.5500,2.5500,2.5500,2.5500,2.5499,2.5496,2.5486,2.5450,2.5345,2.5083,2.4512,2.3420,2.1567,1.8730
610,2.5500,2.5500,2.5500,2.5500,2.5500,2.5500,2.5500,2.5500,2.5500,2.5500,2.5500,2.5499,2.5496,2.5486,2.5449,2.5344,2.5081,2.4509,2.3416,2.1562,1.8725
611,2.5500,2.5500,2.5500,2.5500,2.5500,2.5500,2.5500,2.5500,2.5500,2.5500,2.5500,2.5499,2.5496,2.5485,2.5449,2.5343,2.5080,2.4506,2.3412,2.1558,1.8720
612,2.5500,2.5500,2.5500,2.5500,2.5500,2.5500,2.5500,2.5500,2.5500,2.5500,2.5500,2.5499,2.5496,2.5485,2.5448,2.5343,2.5078,2.4504,2.3408,2.1553,1.8716
613,2.5500,2.5500,2.5500,2.5500,2.5500,2.5500,2.5500,2.5500,2.5500,2.5500,2.5500,2.5499,2.5496,2.5485,2.5448,2.5342,2.5076,2.4501,2.3404,2.1548,1.8711
614,2.5500,2.5500,2.5500,2.5500,2.5500,2.5500,2.5500,2.5500,2.5500,2.5500,2.5500,2.5499,2.5496,2.5485,2.5448,2.5341,2.5075,2.4498,2.3400,2.1544,1.8707
615,2.5500,2.5500,2.5500,2.5500,2.5500,2.5500,2.5500,2.5500,2.5500,2.5500,2.5500,2.5499,2.5496,2.5485,2.5447,2.5340,2.5073,2.4495,2.3396,2.1539,1.8702
616,2.5500,2.5500,2.5500,2.5500,2.5500,2.5500,2.5500,2.5500,2.5500,2.5500,2.5500,2.5499,2.5496,2.5485,2.5447,2.5339,2.5072,2.4493,2.3392,2.1534,1.8697
617,2.5500,2.5500,2.5500,2.5500,2.5500,2.5500,2.5500,2.5500,2.5500,2.5500,2.5500,2.5499,2.5496,2.5485,2.5447,2.5338,2.5070,2.4490,2.3389,2.1530,1.8693
618,2.5500,2.5500,2.5500,2.5500,2.5500,2.5500,2.5500,2.5500,2.5500,2.5500,2.5500,2.5499,2.5496,2.5485,2.5446,2.5338,2.5068,2.4487,2.3385,2.1525,1.8688
619,2.5500,2.5500,2.5500,2.5500,2.5500,2.5500,2.5500,2.5500,2.5500,2.5500,2.5500,2.5499,2.5496,2.5484,2.5446,2.5337,2.5067,2.4485,2.3381,2.1521,1.8683
620,2.5500,2.5500,2.5500,2.5500,2.5500,2.5500,2.5500,2.5500,2.5500,2.5500,2.5500,2.5499,2.5496,2.5484,2.5446,2.5336,2.5065,2.4482,2.3377,2.1516,1.8679
621,2.5500,2.5500,2.5500,2.5500,2.5500,2.5500,2.5500,2.5500,2.5500,2.5500,2.5500,2.5499,2.5496,2.5484,2.5445,2.5335,2.5064,2.4479,2.3373,2.1511,1.8674
622,2.5500,2.5500,2.5500,2.5500,2.5500,2.5500,2.5500,2.5500,2.5500,2.5500,2.5500,2.5499,2.5496,2.5484,2.5445,2.5334,2.5062,2.4476,2.3369,2.1507,1.8670
623,2.5500,2.5500,2.5500,2.5500,2.5500,2.5500,2.5500,2.5500,2.5500,2.5500,2.5500,2.5499,2.5496,2.5484,2.5445,2.5334,2.5060,2.4474,2.3366,2.1502,1.8665
624,2.5500,2.5500,2.5500,2.5500,2.5500,2.5500,2.5500,2.5500,2.5500,2.5500,2.5500,2.5499,2.5496,2.5484,2.5444,2.5333,2.5059,2.4471,2.3362,2.1497,1.8660
625,2.5500,2.5500,2.5500,2.5500,2.5500,2.5500,2.5500,2.5500,2.5500,2.5500,2.5500,2.5499,2.5496,2.5484,2.5444,2.5332,2.5057,2.4468,2.3358,2.1493,1.8656
626,2.5500,2.5500,2.5500,2.5500,2.5500,2.5500,2.5500,2.5500,2.5500,2.5500,2.5500,2.5499,2.5496,2.5483,2.5444,2.5331,2.5055,2.4466,2.3354,2.1488,1.8651
627,2.5500,2.5500,2.5500,2.5500,2.5500,2.5500,2.5500,2.5500,2.5500,2.5500,2.5500,2.5499,2.5496,2.5483,2.5443,2.5330,2.5054,2.4463,2.3350,2.1484,1.8647
628,2.5500,2.5500,2.5500,2.5500,2.5500,2.5500,2.5500,2.5500,2.5500,2.5500,2.5500,2.5499,2.5496,2.5483,2.5443,2.5329,2.5052,2.4460,2.3346,2.1479,1.8642
629,2.5500,2.5500,2.5500,2.5500,2.5500,2.5500,2.5500,2.5500,2.5500,2.5500,2.5500,2.5499,2.5496,2.5483,2.5442,2.5329,2.5051,2.4457,2.3343,2.1475,1.8638
630,2.5500,2.5500,2.5500,2.5500,2.5500,2.5500,2.5500,2.5500,2.5500,2.5500,2.5500,2.5499,2.5496,2.5483,2.5442,2.5328,2.5049,2.4455,2.3339,2.1470,1.8633
631,2.5500,2.5500,2.5500,2.5500,2.5500,2.5500,2.5500,2.5500,2.5500,2.5500,2.5500,2.5499,2.5496,2.5483,2.5442,2.5327,2.5047,2.4452,2.3335,2.1465,1.8628
632,2.5500,2.5500,2.5500,2.5500,2.5500,2.5500,2.5500,2.5500,2.5500,2.5500,2.5500,2.5499,2.5496,2.5483,2.5441,2.5326,2.5046,2.4449,2.3331,2.1461,1.8624
633,2.5500,2.5500,2.5500,2.5500,2.5500,2.5500,2.5500,2.5500,2.5500,2.5500,2.5500,2.5499,2.5495,2.5483,2.5441,2.5325,2.5044,2.4447,2.3327,2.1456,1.8619
634,2.5500,2.5500,2.5500,2.5500,2.5500,2.5500,2.5500,2.5500,2.5500,2.5500,2.5500,2.5499,2.5495,2.5482,2.5441,2.5324,2.5042,2.4444,2.3323,2.1452,1.8615
635,2.5500,2.5500,2.5500,2.5500,2.5500,2.5500,2.5500,2.5500,2.5500,2.5500,2.5500,2.5499,2.5495,2.5482,2.5440,2.5323,2.5041,2.4441,2.3320,2.1447,1.8610
636,2.5500,2.5500,2.5500,2.5500,2.5500,2.5500,2.5500,2.5500,2.5500,2.5500,2.5500,2.5499,2.5495,2.5482,2.5440,2.5323,2.5039,2.4438,2.3316,2.1443,1.8606
637,2.5500,2.5500,2.5500,2.5500,2.5500,2.5500,2.5500,2.5500,2.5500,2.5500,2.5500,2.5499,2.5495,2.5482,2.5439,2.5322,2.5037,2.4436,2.3312,2.1438,1.8601
638,2.5500,2.5500,2.5500,2.5500,2.5500,2.5500,2.5500,2.5500,2.5500,2.5500,2.5500,2.5499,2.5495,2.5482,2.5439,2.5321,2.5036,2.4433,2.3308,2.1434,1.8597
639,2.5500,2.5500,2.5500,2.5500,2.5500,2.5500,2.5500,2.5500,2.5500,2.5500,2.5500,2.5499,2.5495,2.5482,2.5439,2.5320,2.5034,2.4430,2.3304,2.1429,1.8592
640,2.5500,2.5500,2.5500,2.5500,2.5500,2.5500,2.5500,2.5500,2.5500,2.5500,2.5500,2.5499,2.5495,2.5482,2.5438,2.5319,2.5032,2.4428,2.3301,2.1425,1.8588
641,2.5500,2.5500,2.5500,2.5500,2.5500,2.5500,2.5500,2.5500,2.5500,2.5500,2.5500,2.5499,2.5495,2.5481,2.5438,2.5318,2.5031,2.4425,2.3297,2.1420,1.8583
642,2.5500,2.5500,2.5500,2.5500,2.5500,2.5500,2.5500,2.5500,2.5500,2.5500,2.5500,2.5499,2.5495,2.5481,2.5438,2.5317,2.5029,2.4422,2.3293,2.1416,1.8579
643,2.5500,2.5500,2.5500,2.5500,2.5500,2.5500,2.5500,2.5500,2.5500,2.5500,2.5500,2.5499,2.5495,2.5481,2.5437,2.5317,2.5027,2.4419,2.3289,2.1411,1.8574
644,2.5500,2.5500,2.5500,2.5500,2.5500,2.5500,2.5500,2.5500,2.5500,2.5500,2.5500,2.5499,2.5495,2.5481,2.5437,2.5316,2.5026,2.4417,2.3285,2.1406,1.8570
645,2.5500,2.5500,2.5500,2.5500,2.5500,2.5500,2.5500,2.5500,2.5500,2.5500,2.5500,2.5499,2.5495,2.5481,2.5436,2.5315,2.5024,2.4414,2.3282,2.1402,1.8565
646,2.5500,2.5500,2.5500,2.5500,2.5500,2.5500,2.5500,2.5500,2.5500,2.5500,2.5500,2.5499,2.5495,2.5481,2.5436,2.5314,2.5023,2.4411,2.3278,2.1397,1.8561
647,2.5500,2.5500,2.5500,2.5500,2.5500,2.5500,2.5500,2.5500,2.5500,2.5500,2.5500,2.5499,2.5495,2.5480,2.5436,2.5313,2.5021,2.4409,2.3274,2.1393,1.8556
648,2.5500,2.5500,2.5500,2.5500,2.5500,2.5500,2.5500,2.5500,2.5500,2.5500,2.5500,2.5499,2.5495,2.5480,2.5435,2.5312,2.5019,2.4406,2.3270,2.1388,1.8552
649,2.5500,2.5500,2.5500,2.5500,2.5500,2.5500,2.5500,2.5500,2.5500,2.5500,2.5500,2.5499,2.5495,2.5480,2.5435,2.5311,2.5018,2.4403,2.3266,2.1384,1.8547
650,2.5500,2.5500,2.5500,2.5500,2.5500,2.5500,2.5500,2.5500,2.5500,2.5500,2.5500,2.5499,2.5495,2.5480,2.5434,2.5310,2.5016,2.4400,2.3263,2.1380,1.8543
651,2.5500,2.5500,2.5500,2.5500,2.5500,2.5500,2.5500,2.5500,2.5500,2.5500,2.5500,2.5499,2.5495,2.5480,2.5434,2.5310,2.5014,2.4398,2.3259,2.1375,1.8538
652,2.5500,2.5500,2.5500,2.5500,2.5500,2.5500,2.5500,2.5500,2.5500,2.5500,2.5500,2.5499,2.5495,2.5480,2.5434,2.5309,2.5012,2.4395,2.3255,2.1371,1.8534
653,2.5500,2.5500,2.5500,2.5500,2.5500,2.5500,2.5500,2.5500,2.5500,2.5500,2.5500,2.5499,2.5495,2.5480,2.5433,2.5308,2.5011,2.4392,2.3251,2.1366,1.8529
654,2.5500,2.5500,2.5500,2.5500,2.5500,2.5500,2.5500,2.5500,2.5500,2.5500,2.5500,2.5499,2.5494,2.5479,2.5433,2.5307,2.5009,2.4390,2.3247,2.1362,1.8525
655,2.5500,2.5500,2.5500,2.5500,2.5500,2.5500,2.5500,2.5500,2.5500,2.5500,2.5500,2.5499,2.5494,2.5479,2.5432,2.5306,2.5007,2.4387,2.3244,2.1357,1.8521
656,2.5500,2.5500,2.5500,2.5500,2.5500,2.5500,2.5500,2.5500,2.5500,2.5500,2.5500,2.5499,2.5494,2.5479,2.5432,2.5305,2.5006,2.4384,2.3240,2.1353,1.8516
657,2.5500,2.5500,2.5500,2.5500,2.5500,2.5500,2.5500,2.5500,2.5500,2.5500,2.5500,2.5499,2.5494,2.5479,2.5432,2.5304,2.5004,2.4381,2.3236,2.1348,1.8512
658,2.5500,2.5500,2.5500,2.5500,2.5500,2.5500,2.5500,2.5500,2.5500,2.5500,2.5500,2.5499,2.5494,2.5479,2.5431,2.5303,2.5002,2.4379,2.3232,2.1344,1.8507
659,2.5500,2.5500,2.5500,2.5500,2.5500,2.5500,2.5500,2.5500,2.5500,2.5500,2.5500,2.5499,2.5494,2.5479,2.5431,2.5303,2.5001,2.4376,2.3229,2.1339,1.8503
660,2.5500,2.5500,2.5500,2.5500,2.5500,2.5500,2.5500,2.5500,2.5500,2.5500,2.5500,2.5499,2.5494,2.5478,2.5430,2.5302,2.4999,2.4373,2.3225,2.1335,1.8498
661,2.5500,2.5500,2.5500,2.5500,2.5500,2.5500,2.5500,2.5500,2.5500,2.5500,2.5500,2.5499,2.5494,2.5478,2.5430,2.5301,2.4997,2.4371,2.3221,2.1330,1.8494
662,2.5500,2.5500,2.5500,2.5500,2.5500,2.5500,2.5500,2.5500,2.5500,2.5500,2.5500,2.5499,2.5494,2.5478,2.5430,2.5300,2.4996,2.4368,2.3217,2.1326,1.8490
663,2.5500,2.5500,2.5500,2.5500,2.5500,2.5500,2.5500,2.5500,2.5500,2.5500,2.5500,2.5499,2.5494,2.5478,2.5429,2.5299,2.4994,2.4365,2.3214,2.1322,1.8485
664,2.5500,2.5500,2.5500,2.5500,2.5500,2.5500,2.5500,2.5500,2.5500,2.5500,2.5500,2.5499,2.5494,2.5478,2.5429,2.5298,2.4992,2.4362,2.3210,2.1317,1.8481
665,2.5500,2.5500,2.5500,2.5500,2.5500,2.5500,2.5500,2.5500,2.5500,2.5500,2.5500,2.5499,2.5494,2.5478,2.5428,2.5297,2.4991,2.4360,2.3206,2.1313,1.8476
666,2.5500,2.5500,2.5500,2.5500,2.5500,2.5500,2.5500,2.5500,2.5500,2.5500,2.5500,2.5499,2.5494,2.5478,2.5428,2.5296,2.4989,2.4357,2.3202,2.1308,1.8472
667,2.5500,2.5500,2.5500,2.5500,2.5500,2.5500,2.5500,2.5500,2.5500,2.5500,2.5500,2.5498,2.5494,2.5477,2.5428,2.5295,2.4987,2.4354,2.3199,2.1304,1.8468
668,2.5500,2.5500,2.5500,2.5500,2.5500,2.5500,2.5500,2.5500,2.5500,2.5500,2.5500,2.5498,2.5494,2.5477,2.5427,2.5294,2.4986,2.4351,2.3195,2.1299,1.8463
669,2.5500,2.5500,2.5500,2.5500,2.5500,2.5500,2.5500,2.5500,2.5500,2.5500,2.5500,2.5498,2.5494,2.5477,2.5427,2.5294,2.4984,2.4349,2.3191,2.1295,1.8459
670,2.5500,2.5500,2.5500,2.5500,2.5500,2.5500,2.5500,2.5500,2.5500,2.5500,2.5500,2.5498,2.5494,2.5477,2.5426,2.5293,2.4982,2.4346,2.3187,2.1291,1.8454
671,2.5500,2.5500,2.5500,2.5500,2.5500,2.5500,2.5500,2.5500,2.5500,2.5500,2.5500,2.5498,2.5494,2.5477,2.5426,2.5292,2.4980,2.4343,2.3184,2.1286,1.8450
672,2.5500,2.5500,2.5500,2.5500,2.5500,2.5500,2.5500,2.5500,2.5500,2.5500,2.5500,2.5498,2.5493,2.5477,2.5425,2.5291,2.4979,2.4341,2.3180,2.1282,1.8446
673,2.5500,2.5500,2.5500,2.5500,2.5500,2.5500,2.5500,2.5500,2.5500,2.5500,2.5500,2.5498,2.5493,2.5476,2.5425,2.5290,2.4977,2.4338,2.3176,2.1277,1.8441
674,2.5500,2.5500,2.5500,2.5500,2.5500,2.5500,2.5500,2.5500,2.5500,2.5500,2.5500,2.5498,2.5493,2.5476,2.5425,2.5289,2.4975,2.4335,2.3172,2.1273,1.8437
675,2.5500,2.5500,2.5500,2.5500,2.5500,2.5500,2.5500,2.5500,2.5500,2.5500,2.5500,2.5498,2.5493,2.5476,2.5424,2.5288,2.4974,2.4332,2.3169,2.1269,1.8433
676,2.5500,2.5500,2.5500,2.5500,2.5500,2.5500,2.5500,2.5500,2.5500,2.5500,2.5500,2.5498,2.5493,2.5476,2.5424,2.5287,2.4972,2.4330,2.3165,2.1264,1.8428
677,2.5500,2.5500,2.5500,2.5500,2.5500,2.5500,2.5500,2.5500,2.5500,2.5500,2.5500,2.5498,2.5493,2.5476,2.5423,2.5286,2.4970,2.4327,2.3161,2.1260,1.8424
678,2.5500,2.5500,2.5500,2.5500,2.5500,2.5500,2.5500,2.5500,2.5500,2.5500,2.5500,2.5498,2.5493,2.5475,2.5423,2.5285,2.4969,2.4324,2.3157,2.1256,1.8420
679,2.5500,2.5500,2.5500,2.5500,2.5500,2.5500,2.5500,2.5500,2.5500,2.5500,2.5500,2.5498,2.5493,2.5475,2.5422,2.5284,2.4967,2.4322,2.3154,2.1251,1.8415
680,2.5500,2.5500,2.5500,2.5500,2.5500,2.5500,2.5500,2.5500,2.5500,2.5500,2.5500,2.5498,2.5493,2.5475,2.5422,2.5283,2.4965,2.4319,2.3150,2.1247,1.8411
681,2.5500,2.5500,2.5500,2.5500,2.5500,2.5500,2.5500,2.5500,2.5500,2.5500,2.5500,2.5498,2.5493,2.5475,2.5422,2.5282,2.4963,2.4316,2.3146,2.1242,1.8407
682,2.5500,2.5500,2.5500,2.5500,2.5500,2.5500,2.5500,2.5500,2.5500,2.5500,2.5500,2.5498,2.5493,2.5475,2.5421,2.5282,2.4962,2.4313,2.3142,2.1238,1.8402
683,2.5500,2.5500,2.5500,2.5500,2.5500,2.5500,2.5500,2.5500,2.5500,2.5500,2.5500,2.5498,2.5493,2.5475,2.5421,2.5281,2.4960,2.4311,2.3139,2.1234,1.8398
684,2.5500,2.5500,2.5500,2.5500,2.5500,2.5500,2.5500,2.5500,2.5500,2.5500,2.5500,2.5498,2.5493,2.5474,2.5420,2.5280,2.4958,2.4308,2.3135,2.1229,1.8394
685,2.5500,2.5500,2.5500,2.5500,2.5500,2.5500,2.5500,2.5500,2.5500,2.5500,2.5500,2.5498,2.5493,2.5474,2.5420,2.5279,2.4957,2.4305,2.3131,2.1225,1.8389
686,2.5500,2.5500,2.5500,2.5500,2.5500,2.5500,2.5500,2.5500,2.5500,2.5500,2.5500,2.5498,2.5493,2.5474,2.5419,2.5278,2.4955,2.4302,2.3128,2.1221,1.8385
687,2.5500,2.5500,2.5500,2.5500,2.5500,2.5500,2.5500,2.5500,2.5500,2.5500,2.5500,2.5498,2.5493,2.5474,2.5419,2.5277,2.4953,2.4300,2.3124,2.1216,1.8381
688,2.5500,2.5500,2.5500,2.5500,2.5500,2.5500,2.5500,2.5500,2.5500,2.5500,2.5500,2.5498,2.5492,2.5474,2.5419,2.5276,2.4951,2.4297,2.3120,2.1212,1.8376
689,2.5500,2.5500,2.5500,2.5500,2.5500,2.5500,2.5500,2.5500,2.5500,2.5500,2.5500,2.5498,2.5492,2.5474,2.5418,2.5275,2.4950,2.4294,2.3116,2.1208,1.8372
690,2.5500,2.5500,2.5500,2.5500,2.5500,2.5500,2.5500,2.5500,2.5500,2.5500,2.5500,2.5498,2.5492,2.5473,2.5418,2.5274,2.4948,2.4292,2.3113,2.1203,1.8368
691,2.5500,2.5500,2.5500,2.5500,2.5500,2.5500,2.5500,2.5500,2.5500,2.5500,2.5500,2.5498,2.5492,2.5473,2.5417,2.5273,2.4946,2.4289,2.3109,2.1199,1.8364
692,2.5500,2.5500,2.5500,2.5500,2.5500,2.5500,2.5500,2.5500,2.5500,2.5500,2.5500,2.5498,2.5492,2.5473,2.5417,2.5272,2.4944,2.4286,2.3105,2.1195,1.8359
693,2.5500,2.5500,2.5500,2.5500,2.5500,2.5500,2.5500,2.5500,2.5500,2.5500,2.5500,2.5498,2.5492,2.5473,2.5416,2.5271,2.4943,2.4283,2.3102,2.1190,1.8355
694,2.5500,2.5500,2.5500,2.5500,2.5500,2.5500,2.5500,2.5500,2.5500,2.5500,2.5500,2.5498,2.5492,2.5473,2.5416,2.5270,2.4941,2.4281,2.3098,2.1186,1.8351
695,2.5500,2.5500,2.5500,2.5500,2.5500,2.5500,2.5500,2.5500,2.5500,2.5500,2.5500,2.5498,2.5492,2.5472,2.5415,2.5269,2.4939,2.4278,2.3094,2.1182,1.8346
696,2.5500,2.5500,2.5500,2.5500,2.5500,2.5500,2.5500,2.5500,2.5500,2.5500,2.5500,2.5498,2.5492,2.5472,2.5415,2.5268,2.4938,2.4275,2.3091,2.1177,1.8342
697,2.5500,2.5500,2.5500,2.5500,2.5500,2.5500,2.5500,2.5500,2.5500,2.5500,2.5500,2.5498,2.5492,2.5472,2.5414,2.5267,2.4936,2.4272,2.3087,2.1173,1.8338
698,2.5500,2.5500,2.5500,2.5500,2.5500,2.5500,2.5500,2.5500,2.5500,2.5500,2.5500,2.5498,2.5492,2.5472,2.5414,2.5266,2.4934,2.4270,2.3083,2.1169,1.8334
699,2.5500,2.5500,2.5500,2.5500,2.5500,2.5500,2.5500,2.5500,2.5500,2.5500,2.5500,2.5498,2.5492,2.5472,2.5414,2.5265,2.4932,2.4267,2.3080,2.1165,1.8329
700,2.5500,2.5500,2.5500,2.5500,2.5500,2.5500,2.5500,2.5500,2.5500,2.5500,2.5500,2.5498,2.5492,2.5471,2.5413,2.5265,2.4931,2.4264,2.3076,2.1160,1.8325
701,2.5500,2.5500,2.5500,2.5500,2.5500,2.5500,2.5500,2.5500,2.5500,2.5500,2.5500,2.5498,2.5492,2.5471,2.5413,2.5264,2.4929,2.4262,2.3072,2.1156,1.8321
702,2.5500,2.5500,2.5500,2.5500,2.5500,2.5500,2.5500,2.5500,2.5500,2.5500,2.5500,2.5498,2.5492,2.5471,2.5412,2.5263,2.4927,2.4259,2.3068,2.1152,1.8317
703,2.5500,2.5500,2.5500,2.5500,2.5500,2.5500,2.5500,2.5500,2.5500,2.5500,2.5499,2.5498,2.5491,2.5471,2.5412,2.5262,2.4925,2.4256,2.3065,2.1147,1.8312
704,2.5500,2.5500,2.5500,2.5500,2.5500,2.5500,2.5500,2.5500,2.5500,2.5500,2.5499,2.5498,2.5491,2.5471,2.5411,2.5261,2.4924,2.4253,2.3061,2.1143,1.8308
705,2.5500,2.5500,2.5500,2.5500,2.5500,2.5500,2.5500,2.5500,2.5500,2.5500,2.5499,2.5498,2.5491,2.5471,2.5411,2.5260,2.4922,2.4251,2.3057,2.1139,1.8304
706,2.5500,2.5500,2.5500,2.5500,2.5500,2.5500,2.5500,2.5500,2.5500,2.5500,2.5499,2.5498,2.5491,2.5470,2.5410,2.5259,2.4920,2.4248,2.3054,2.1135,1.8300
707,2.5500,2.5500,2.5500,2.5500,2.5500,2.5500,2.5500,2.5500,2.5500,2.5500,2.5499,2.5498,2.5491,2.5470,2.5410,2.5258,2.4918,2.4245,2.3050,2.1130,1.8296
708,2.5500,2.5500,2.5500,2.5500,2.5500,2.5500,2.5500,2.5500,2.5500,2.5500,2.5499,2.5498,2.5491,2.5470,2.5409,2.5257,2.4917,2.4243,2.3046,2.1126,1.8291
709,2.5500,2.5500,2.5500,2.5500,2.5500,2.5500,2.5500,2.5500,2.5500,2.5500,2.5499,2.5498,2.5491,2.5470,2.5409,2.5256,2.4915,2.4240,2.3043,2.1122,1.8287
710,2.5500,2.5500,2.5500,2.5500,2.5500,2.5500,2.5500,2.5500,2.5500,2.5500,2.5499,2.5498,2.5491,2.5470,2.5408,2.5255,2.4913,2.4237,2.3039,2.1118,1.8283
711,2.5500,2.5500,2.5500,2.5500,2.5500,2.5500,2.5500,2.5500,2.5500,2.5500,2.5499,2.5498,2.5491,2.5469,2.5408,2.5254,2.4911,2.4234,2.3035,2.1113,1.8279
712,2.5500,2.5500,2.5500,2.5500,2.5500,2.5500,2.5500,2.5500,2.5500,2.5500,2.5499,2.5498,2.5491,2.5469,2.5407,2.5253,2.4910,2.4232,2.3032,2.1109,1.8275
713,2.5500,2.5500,2.5500,2.5500,2.5500,2.5500,2.5500,2.5500,2.5500,2.5500,2.5499,2.5498,2.5491,2.5469,2.5407,2.5252,2.4908,2.4229,2.3028,2.1105,1.8270
714,2.5500,2.5500,2.5500,2.5500,2.5500,2.5500,2.5500,2.5500,2.5500,2.5500,2.5499,2.5498,2.5491,2.5469,2.5407,2.5251,2.4906,2.4226,2.3024,2.1101,1.8266
715,2.5500,2.5500,2.5500,2.5500,2.5500,2.5500,2.5500,2.5500,2.5500,2.5500,2.5499,2.5498,2.5491,2.5469,2.5406,2.5250,2.4904,2.4223,2.3021,2.1096,1.8262
716,2.5500,2.5500,2.5500,2.5500,2.5500,2.5500,2.5500,2.5500,2.5500,2.5500,2.5499,2.5497,2.5491,2.5468,2.5406,2.5249,2.4903,2.4221,2.3017,2.1092,1.8258
717,2.5500,2.5500,2.5500,2.5500,2.5500,2.5500,2.5500,2.5500,2.5500,2.5500,2.5499,2.5497,2.5490,2.5468,2.5405,2.5248,2.4901,2.4218,2.3013,2.1088,1.8254
718,2.5500,2.5500,2.5500,2.5500,2.5500,2.5500,2.5500,2.5500,2.5500,2.5500,2.5499,2.5497,2.5490,2.5468,2.5405,2.5247,2.4899,2.4215,2.3010,2.1084,1.8249
719,2.5500,2.5500,2.5500,2.5500,2.5500,2.5500,2.5500,2.5500,2.5500,2.5500,2.5499,2.5497,2.5490,2.5468,2.5404,2.5246,2.4897,2.4213,2.3006,2.1079,1.8245
720,2.5500,2.5500,2.5500,2.5500,2.5500,2.5500,2.5500,2.5500,2.5500,2.5500,2.5499,2.5497,2.5490,2.5468,2.5404,2.5245,2.4896,2.4210,2.3003,2.1075,1.8241
721,2.5500,2.5500,2.5500,2.5500,2.5500,2.5500,2.5500,2.5500,2.5500,2.5500,2.5499,2.5497,2.5490,2.5467,2.5403,2.5244,2.4894,2.4207,2.2999,2.1071,1.8237
722,2.5500,2.5500,2.5500,2.5500,2.5500,2.5500,2.5500,2.5500,2.5500,2.5500,2.5499,2.5497,2.5490,2.5467,2.5403,2.5243,2.4892,2.4204,2.2995,2.1067,1.8233
723,2.5500,2.5500,2.5500,2.5500,2.5500,2.5500,2.5500,2.5500,2.5500,2.5500,2.5499,2.5497,2.5490,2.5467,2.5402,2.5242,2.4890,2.4202,2.2992,2.1063,1.8229
724,2.5500,2.5500,2.5500,2.5500,2.5500,2.5500,2.5500,2.5500,2.5500,2.5500,2.5499,2.5497,2.5490,2.5467,2.5402,2.5241,2.4889,2.4199,2.2988,2.1058,1.8224
725,2.5500,2.5500,2.5500,2.5500,2.5500,2.5500,2.5500,2.5500,2.5500,2.5500,2.5499,2.5497,2.5490,2.5466,2.5401,2.5240,2.4887,2.4196,2.2984,2.1054,1.8220
726,2.5500,2.5500,2.5500,2.5500,2.5500,2.5500,2.5500,2.5500,2.5500,2.5500,2.5499,2.5497,2.5490,2.5466,2.5401,2.5239,2.4885,2.4194,2.2981,2.1050,1.8216
727,2.5500,2.5500,2.5500,2.5500,2.5500,2.5500,2.5500,2.5500,2.5500,2.5500,2.5499,2.5497,2.5490,2.5466,2.5400,2.5238,2.4883,2.4191,2.2977,2.1046,1.8212
728,2.5500,2.5500,2.5500,2.5500,2.5500,2.5500,2.5500,2.5500,2.5500,2.5500,2.5499,2.5497,2.5490,2.5466,2.5400,2.5237,2.4881,2.4188,2.2973,2.1042,1.8208
729,2.5500,2.5500,2.5500,2.5500,2.5500,2.5500,2.5500,2.5500,2.5500,2.5500,2.5499,2.5497,2.5490,2.5466,2.5399,2.5236,2.4880,2.4185,2.2970,2.1037,1.8204
730,2.5500,2.5500,2.5500,2.5500,2.5500,2.5500,2.5500,2.5500,2.5500,2.5500,2.5499,2.5497,2.5489,2.5465,2.5399,2.5235,2.4878,2.4183,2.2966,2.1033,1.8200
731,2.5500,2.5500,2.5500,2.5500,2.5500,2.5500,2.5500,2.5500,2.5500,2.5500,2.5499,2.5497,2.5489,2.5465,2.5398,2.5234,2.4876,2.4180,2.2963,2.1029,1.8196
732,2.5500,2.5500,2.5500,2.5500,2.5500,2.5500,2.5500,2.5500,2.5500,2.5500,2.5499,2.5497,2.5489,2.5465,2.5398,2.5233,2.4874,2.4177,2.2959,2.1025,1.8191
733,2.5500,2.5500,2.5500,2.5500,2.5500,2.5500,2.5500,2.5500,2.5500,2.5500,2.5499,2.5497,2.5489,2.5465,2.5397,2.5232,2.4873,2.4175,2.2955,2.1021,1.8187
734,2.5500,2.5500,2.5500,2.5500,2.5500,2.5500,2.5500,2.5500,2.5500,2.5500,2.5499,2.5497,2.5489,2.5465,2.5397,2.5231,2.4871,2.4172,2.2952,2.1016,1.8183
735,2.5500,2.5500,2.5500,2.5500,2.5500,2.5500,2.5500,2.5500,2.5500,2.5500,2.5499,2.5497,2.5489,2.5464,2.5396,2.5230,2.4869,2.4169,2.2948,2.1012,1.8179
736,2.5500,2.5500,2.5500,2.5500,2.5500,2.5500,2.5500,2.5500,2.5500,2.5500,2.5499,2.5497,2.5489,2.5464,2.5396,2.5229,2.4867,2.4166,2.2944,2.1008,1.8175
737,2.5500,2.5500,2.5500,2.5500,2.5500,2.5500,2.5500,2.5500,2.5500,2.5500,2.5499,2.5497,2.5489,2.5464,2.5395,2.5228,2.4865,2.4164,2.2941,2.1004,1.8171
738,2.5500,2.5500,2.5500,2.5500,2.5500,2.5500,2.5500,2.5500,2.5500,2.5500,2.5499,2.5497,2.5489,2.5464,2.5395,2.5227,2.4864,2.4161,2.2937,2.1000,1.8167
739,2.5500,2.5500,2.5500,2.5500,2.5500,2.5500,2.5500,2.5500,2.5500,2.5500,2.5499,2.5497,2.5489,2.5463,2.5394,2.5226,2.4862,2.4158,2.2934,2.0996,1.8163
740,2.5500,2.5500,2.5500,2.5500,2.5500,2.5500,2.5500,2.5500,2.5500,2.5500,2.5499,2.5497,2.5489,2.5463,2.5394,2.5225,2.4860,2.4155,2.2930,2.0992,1.8159
741,2.5500,2.5500,2.5500,2.5500,2.5500,2.5500,2.5500,2.5500,2.5500,2.5500,2.5499,2.5497,2.5489,2.5463,2.5393,2.5224,2.4858,2.4153,2.2926,2.0987,1.8155
742,2.5500,2.5500,2.5500,2.5500,2.5500,2.5500,2.5500,2.5500,2.5500,2.5500,2.5499,2.5497,2.5488,2.5463,2.5393,2.5223,2.4857,2.4150,2.2923,2.0983,1.8150
743,2.5500,2.5500,2.5500,2.5500,2.5500,2.5500,2.5500,2.5500,2.5500,2.5500,2.5499,2.5497,2.5488,2.5463,2.5392,2.5222,2.4855,2.4147,2.2919,2.0979,1.8146
744,2.5500,2.5500,2.5500,2.5500,2.5500,2.5500,2.5500,2.5500,2.5500,2.5500,2.5499,2.5497,2.5488,2.5462,2.5392,2.5221,2.4853,2.4145,2.2916,2.0975,1.8142
745,2.5500,2.5500,2.5500,2.5500,2.5500,2.5500,2.5500,2.5500,2.5500,2.5500,2.5499,2.5497,2.5488,2.5462,2.5391,2.5220,2.4851,2.4142,2.2912,2.0971,1.8138
746,2.5500,2.5500,2.5500,2.5500,2.5500,2.5500,2.5500,2.5500,2.5500,2.5500,2.5499,2.5497,2.5488,2.5462,2.5391,2.5219,2.4849,2.4139,2.2908,2.0967,1.8134
747,2.5500,2.5500,2.5500,2.5500,2.5500,2.5500,2.5500,2.5500,2.5500,2.5500,2.5499,2.5497,2.5488,2.5462,2.5390,2.5218,2.4848,2.4136,2.2905,2.0963,1.8130
748,2.5500,2.5500,2.5500,2.5500,2.5500,2.5500,2.5500,2.5500,2.5500,2.5500,2.5499,2.5497,2.5488,2.5461,2.5390,2.5217,2.4846,2.4134,2.2901,2.0958,1.8126
749,2.5500,2.5500,2.5500,2.5500,2.5500,2.5500,2.5500,2.5500,2.5500,2.5500,2.5499,2.5497,2.5488,2.5461,2.5389,2.5216,2.4844,2.4131,2.2898,2.0954,1.8122
750,2.5500,2.5500,2.5500,2.5500,2.5500,2.5500,2.5500,2.5500,2.5500,2.5500,2.5499,2.5497,2.5488,2.5461,2.5389,2.5215,2.4842,2.4128,2.2894,2.0950,1.8118
751,2.5500,2.5500,2.5500,2.5500,2.5500,2.5500,2.5500,2.5500,2.5500,2.5500,2.5499,2.5497,2.5488,2.5461,2.5388,2.5214,2.4840,2.4126,2.2890,2.0946,1.8114
752,2.5500,2.5500,2.5500,2.5500,2.5500,2.5500,2.5500,2.5500,2.5500,2.5500,2.5499,2.5497,2.5488,2.5461,2.5388,2.5213,2.4839,2.4123,2.2887,2.0942,1.8110
753,2.5500,2.5500,2.5500,2.5500,2.5500,2.5500,2.5500,2.5500,2.5500,2.5500,2.5499,2.5496,2.5488,2.5460,2.5387,2.5211,2.4837,2.4120,2.2883,2.0938,1.8106
754,2.5500,2.5500,2.5500,2.5500,2.5500,2.5500,2.5500,2.5500,2.5500,2.5500,2.5499,2.5496,2.5487,2.5460,2.5386,2.5210,2.4835,2.4117,2.2880,2.0934,1.8102
755,2.5500,2.5500,2.5500,2.5500,2.5500,2.5500,2.5500,2.5500,2.5500,2.5500,2.5499,2.5496,2.5487,2.5460,2.5386,2.5209,2.4833,2.4115,2.2876,2.0930,1.8098
756,2.5500,2.5500,2.5500,2.5500,2.5500,2.5500,2.5500,2.5500,2.5500,2.5500,2.5499,2.5496,2.5487,2.5460,2.5385,2.5208,2.4831,2.4112,2.2873,2.0926,1.8094
757,2.5500,2.5500,2.5500,2.5500,2.5500,2.5500,2.5500,2.5500,2.5500,2.5500,2.5499,2.5496,2.5487,2.5459,2.5385,2.5207,2.4830,2.4109,2.2869,2.0922,1.8090
758,2.5500,2.5500,2.5500,2.5500,2.5500,2.5500,2.5500,2.5500,2.5500,2.5500,2.5499,2.5496,2.5487,2.5459,2.5384,2.5206,2.4828,2.4107,2.2865,2.0917,1.8086
759,2.5500,2.5500,2.5500,2.5500,2.5500,2.5500,2.5500,2.5500,2.5500,2.5500,2.5499,2.5496,2.5487,2.5459,2.5384,2.5205,2.4826,2.4104,2.2862,2.0913,1.8082
760,2.5500,2.5500,2.5500,2.5500,2.5500,2.5500,2.5500,2.5500,2.5500,2.5500,2.5499,2.5496,2.5487,2.5459,2.5383,2.5204,2.4824,2.4101,2.2858,2.0909,1.8078
761,2.5500,2.5500,2.5500,2.5500,2.5500,2.5500,2.5500,2.5500,2.5500,2.5500,2.5499,2.5496,2.5487,2.5458,2.5383,2.5203,2.4822,2.4098,2.2855,2.0905,1.8074
762,2.5500,2.5500,2.5500,2.5500,2.5500,2.5500,2.5500,2.5500,2.5500,2.5500,2.5499,2.5496,2.5487,2.5458,2.5382,2.5202,2.4821,2.4096,2.2851,2.0901,1.8070
763,2.5500,2.5500,2.5500,2.5500,2.5500,2.5500,2.5500,2.5500,2.5500,2.5500,2.5499,2.5496,2.5487,2.5458,2.5382,2.5201,2.4819,2.4093,2.2848,2.0897,1.8066
764,2.5500,2.5500,2.5500,2.5500,2.5500,2.5500,2.5500,2.5500,2.5500,2.5500,2.5499,2.5496,2.5486,2.5458,2.5381,2.5200,2.4817,2.4090,2.2844,2.0893,1.8062
765,2.5500,2.5500,2.5500,2.5500,2.5500,2.5500,2.5500,2.5500,2.5500,2.5500,2.5499,2.5496,2.5486,2.5457,2.5381,2.5199,2.4815,2.4088,2.2840,2.0889,1.8058
766,2.5500,2.5500,2.5500,2.5500,2.5500,2.5500,2.5500,2.5500,2.5500,2.5500,2.5499,2.5496,2.5486,2.5457,2.5380,2.5198,2.4813,2.4085,2.2837,2.0885,1.8054
767,2.5500,2.5500,2.5500,2.5500,2.5500,2.5500,2.5500,2.5500,2.5500,2.5500,2.5499,2.5496,2.5486,2.5457,2.5379,2.5197,2.4812,2.4082,2.2833,2.0881,1.8050
768,2.5500,2.5500,2.5500,2.5500,2.5500,2.5500,2.5500,2.5500,2.5500,2.5500,2.5499,2.5496,2.5486,2.5457,2.5379,2.5196,2.4810,2.4079,2.2830,2.0877,1.8046
769,2.5500,2.5500,2.5500,2.5500,2.5500,2.5500,2.5500,2.5500,2.5500,2.5500,2.5499,2.5496,2.5486,2.5456,2.5378,2.5195,2.4808,2.4077,2.2826,2.0873,1.8042
770,2.5500,2.5500,2.5500,2.5500,2.5500,2.5500,2.5500,2.5500,2.5500,2.5500,2.5499,2.5496,2.5486,2.5456,2.5378,2.5194,2.4806,2.4074,2.2823,2.0869,1.8038
771,2.5500,2.5500,2.5500,2.5500,2.5500,2.5500,2.5500,2.5500,2.5500,2.5500,2.5499,2.5496,2.5486,2.5456,2.5377,2.5193,2.4804,2.4071,2.2819,2.0865,1.8034
772,2.5500,2.5500,2.5500,2.5500,2.5500,2.5500,2.5500,2.5500,2.5500,2.5500,2.5499,2.5496,2.5486,2.5456,2.5377,2.5191,2.4802,2.4069,2.2816,2.0861,1.8030
773,2.5500,2.5500,2.5500,2.5500,2.5500,2.5500,2.5500,2.5500,2.5500,2.5500,2.5499,2.5496,2.5486,2.5455,2.5376,2.5190,2.4801,2.4066,2.2812,2.0856,1.8026
774,2.5500,2.5500,2.5500,2.5500,2.5500,2.5500,2.5500,2.5500,2.5500,2.5500,2.5499,2.5496,2.5486,2.5455,2.5376,2.5189,2.4799,2.4063,2.2808,2.0852,1.8022
775,2.5500,2.5500,2.5500,2.5500,2.5500,2.5500,2.5500,2.5500,2.5500,2.5500,2.5499,2.5496,2.5485,2.5455,2.5375,2.5188,2.4797,2.4060,2.2805,2.0848,1.8018
776,2.5500,2.5500,2.5500,2.5500,2.5500,2.5500,2.5500,2.5500,2.5500,2.5500,2.5499,2.5496,2.5485,2.5455,2.5375,2.5187,2.4795,2.4058,2.2801,2.0844,1.8014
777,2.5500,2.5500,2.5500,2.5500,2.5500,2.5500,2.5500,2.5500,2.5500,2.5500,2.5499,2.5496,2.5485,2.5454,2.5374,2.5186,2.4793,2.4055,2.2798,2.0840,1.8010
778,2.5500,2.5500,2.5500,2.5500,2.5500,2.5500,2.5500,2.5500,2.5500,2.5500,2.5499,2.5496,2.5485,2.5454,2.5373,2.5185,2.4792,2.4052,2.2794,2.0836,1.8006
779,2.5500,2.5500,2.5500,2.5500,2.5500,2.5500,2.5500,2.5500,2.5500,2.5500,2.5499,2.5496,2.5485,2.5454,2.5373,2.5184,2.4790,2.4050,2.2791,2.0832,1.8002
780,2.5500,2.5500,2.5500,2.5500,2.5500,2.5500,2.5500,2.5500,2.5500,2.5500,2.5499,2.5496,2.5485,2.5454,2.5372,2.5183,2.4788,2.4047,2.2787,2.0828,1.7998
781,2.5500,2.5500,2.5500,2.5500,2.5500,2.5500,2.5500,2.5500,2.5500,2.5500,2.5499,2.5496,2.5485,2.5453,2.5372,2.5182,2.4786,2.4044,2.2784,2.0824,1.7994
782,2.5500,2.5500,2.5500,2.5500,2.5500,2.5500,2.5500,2.5500,2.5500,2.5500,2.5499,2.5496,2.5485,2.5453,2.5371,2.5181,2.4784,2.4041,2.2780,2.0820,1.7990
783,2.5500,2.5500,2.5500,2.5500,2.5500,2.5500,2.5500,2.5500,2.5500,2.5500,2.5499,2.5495,2.5485,2.5453,2.5371,2.5180,2.4782,2.4039,2.2777,2.0816,1.7986
784,2.5500,2.5500,2.5500,2.5500,2.5500,2.5500,2.5500,2.5500,2.5500,2.5500,2.5499,2.5495,2.5484,2.5453,2.5370,2.5179,2.4781,2.4036,2.2773,2.0812,1.7982
785,2.5500,2.5500,2.5500,2.5500,2.5500,2.5500,2.5500,2.5500,2.5500,2.5500,2.5499,2.5495,2.5484,2.5452,2.5370,2.5177,2.4779,2.4033,2.2770,2.0808,1.7978
786,2.5500,2.5500,2.5500,2.5500,2.5500,2.5500,2.5500,2.5500,2.5500,2.5500,2.5499,2.5495,2.5484,2.5452,2.5369,2.5176,2.4777,2.4031,2.2766,2.0804,1.7975
787,2.5500,2.5500,2.5500,2.5500,2.5500,2.5500,2.5500,2.5500,2.5500,2.5500,2.5499,2.5495,2.5484,2.5452,2.5368,2.5175,2.4775,2.4028,2.2763,2.0800,1.7971
788,2.5500,2.5500,2.5500,2.5500,2.5500,2.5500,2.5500,2.5500,2.5500,2.5500,2.5499,2.5495,2.5484,2.5452,2.5368,2.5174,2.4773,2.4025,2.2759,2.0796,1.7967
789,2.5500,2.5500,2.5500,2.5500,2.5500,2.5500,2.5500,2.5500,2.5500,2.5500,2.5499,2.5495,2.5484,2.5451,2.5367,2.5173,2.4771,2.4023,2.2756,2.0792,1.7963
790,2.5500,2.5500,2.5500,2.5500,2.5500,2.5500,2.5500,2.5500,2.5500,2.5500,2.5499,2.5495,2.5484,2.5451,2.5367,2.5172,2.4770,2.4020,2.2752,2.0788,1.7959
791,2.5500,2.5500,2.5500,2.5500,2.5500,2.5500,2.5500,2.5500,2.5500,2.5500,2.5499,2.5495,2.5484,2.5451,2.5366,2.5171,2.4768,2.4017,2.2749,2.0784,1.7955
792,2.5500,2.5500,2.5500,2.5500,2.5500,2.5500,2.5500,2.5500,2.5500,2.5500,2.5499,2.5495,2.5484,2.5451,2.5366,2.5170,2.4766,2.4014,2.2745,2.0780,1.7951
793,2.5500,2.5500,2.5500,2.5500,2.5500,2.5500,2.5500,2.5500,2.5500,2.5500,2.5499,2.5495,2.5484,2.5450,2.5365,2.5169,2.4764,2.4012,2.2742,2.0776,1.7947
794,2.5500,2.5500,2.5500,2.5500,2.5500,2.5500,2.5500,2.5500,2.5500,2.5500,2.5499,2.5495,2.5483,2.5450,2.5364,2.5168,2.4762,2.4009,2.2738,2.0772,1.7943
795,2.5500,2.5500,2.5500,2.5500,2.5500,2.5500,2.5500,2.5500,2.5500,2.5500,2.5499,2.5495,2.5483,2.5450,2.5364,2.5167,2.4760,2.4006,2.2735,2.0768,1.7939
796,2.5500,2.5500,2.5500,2.5500,2.5500,2.5500,2.5500,2.5500,2.5500,2.5500,2.5499,2.5495,2.5483,2.5450,2.5363,2.5165,2.4759,2.4004,2.2731,2.0764,1.7936
797,2.5500,2.5500,2.5500,2.5500,2.5500,2.5500,2.5500,2.5500,2.5500,2.5500,2.5499,2.5495,2.5483,2.5449,2.5363,2.5164,2.4757,2.4001,2.2728,2.0761,1.7932
798,2.5500,2.5500,2.5500,2.5500,2.5500,2.5500,2.5500,2.5500,2.5500,2.5500,2.5499,2.5495,2.5483,2.5449,2.5362,2.5163,2.4755,2.3998,2.2724,2.0757,1.7928
799,2.5500,2.5500,2.5500,2.5500,2.5500,2.5500,2.5500,2.5500,2.5500,2.5500,2.5499,2.5495,2.5483,2.5449,2.5361,2.5162,2.4753,2.3995,2.2721,2.0753,1.7924
800,2.5500,2.5500,2.5500,2.5500,2.5500,2.5500,2.5500,2.5500,2.5500,2.5500,2.5499,2.5495,2.5483,2.5448,2.5361,2.5161,2.4751,2.3993,2.2717,2.0749,1.7920
801,2.5500,2.5500,2.5500,2.5500,2.5500,2.5500,2.5500,2.5500,2.5500,2.5500,2.5499,2.5495,2.5483,2.5448,2.5360,2.5160,2.4749,2.3990,2.2714,2.0745,1.7916
802,2.5500,2.5500,2.5500,2.5500,2.5500,2.5500,2.5500,2.5500,2.5500,2.5500,2.5499,2.5495,2.5483,2.5448,2.5360,2.5159,2.4748,2.3987,2.2710,2.0741,1.7912
803,2.5500,2.5500,2.5500,2.5500,2.5500,2.5500,2.5500,2.5500,2.5500,2.5500,2.5499,2.5495,2.5482,2.5448,2.5359,2.5158,2.4746,2.3985,2.2707,2.0737,1.7908
804,2.5500,2.5500,2.5500,2.5500,2.5500,2.5500,2.5500,2.5500,2.5500,2.5500,2.5499,2.5495,2.5482,2.5447,2.5359,2.5157,2.4744,2.3982,2.2703,2.0733,1.7905
805,2.5500,2.5500,2.5500,2.5500,2.5500,2.5500,2.5500,2.5500,2.5500,2.5500,2.5499,2.5495,2.5482,2.5447,2.5358,2.5156,2.4742,2.3979,2.2700,2.0729,1.7901
806,2.5500,2.5500,2.5500,2.5500,2.5500,2.5500,2.5500,2.5500,2.5500,2.5500,2.5499,2.5495,2.5482,2.5447,2.5357,2.5154,2.4740,2.3977,2.2696,2.0725,1.7897
807,2.5500,2.5500,2.5500,2.5500,2.5500,2.5500,2.5500,2.5500,2.5500,2.5500,2.5499,2.5495,2.5482,2.5447,2.5357,2.5153,2.4738,2.3974,2.2693,2.0721,1.7893
808,2.5500,2.5500,2.5500,2.5500,2.5500,2.5500,2.5500,2.5500,2.5500,2.5500,2.5498,2.5494,2.5482,2.5446,2.5356,2.5152,2.4737,2.3971,2.2689,2.0717,1.7889
809,2.5500,2.5500,2.5500,2.5500,2.5500,2.5500,2.5500,2.5500,2.5500,2.5500,2.5498,2.5494,2.5482,2.5446,2.5356,2.5151,2.4735,2.3968,2.2686,2.0713,1.7885
810,2.5500,2.5500,2.5500,2.5500,2.5500,2.5500,2.5500,2.5500,2.5500,2.5500,2.5498,2.5494,2.5482,2.5446,2.5355,2.5150,2.4733,2.3966,2.2682,2.0709,1.7882
811,2.5500,2.5500,2.5500,2.5500,2.5500,2.5500,2.5500,2.5500,2.5500,2.5500,2.5498,2.5494,2.5482,2.5445,2.5354,2.5149,2.4731,2.3963,2.2679,2.0705,1.7878
812,2.5500,2.5500,2.5500,2.5500,2.5500,2.5500,2.5500,2.5500,2.5500,2.5500,2.5498,2.5494,2.5481,2.5445,2.5354,2.5148,2.4729,2.3960,2.2675,2.0701,1.7874
813,2.5500,2.5500,2.5500,2.5500,2.5500,2.5500,2.5500,2.5500,2.5500,2.5500,2.5498,2.5494,2.5481,2.5445,2.5353,2.5147,2.4727,2.3958,2.2672,2.0698,1.7870
814,2.5500,2.5500,2.5500,2.5500,2.5500,2.5500,2.5500,2.5500,2.5500,2.5500,2.5498,2.5494,2.5481,2.5445,2.5353,2.5146,2.4725,2.3955,2.2668,2.0694,1.7866
815,2.5500,2.5500,2.5500,2.5500,2.5500,2.5500,2.5500,2.5500,2.5500,2.5500,2.5498,2.5494,2.5481,2.5444,2.5352,2.5144,2.4724,2.3952,2.2665,2.0690,1.7862
816,2.5500,2.5500,2.5500,2.5500,2.5500,2.5500,2.5500,2.5500,2.5500,2.5500,2.5498,2.5494,2.5481,2.5444,2.5351,2.5143,2.4722,2.3950,2.2661,2.0686,1.7859
817,2.5500,2.5500,2.5500,2.5500,2.5500,2.5500,2.5500,2.5500,2.5500,2.5500,2.5498,2.5494,2.5481,2.5444,2.5351,2.5142,2.4720,2.3947,2.2658,2.0682,1.7855
818,2.5500,2.5500,2.5500,2.5500,2.5500,2.5500,2.5500,2.5500,2.5500,2.5500,2.5498,2.5494,2.5481,2.5443,2.5350,2.5141,2.4718,2.3944,2.2654,2.0678,1.7851
819,2.5500,2.5500,2.5500,2.5500,2.5500,2.5500,2.5500,2.5500,2.5500,2.5500,2.5498,2.5494,2.5481,2.5443,2.5350,2.5140,2.4716,2.3941,2.2651,2.0674,1.7847
820,2.5500,2.5500,2.5500,2.5500,2.5500,2.5500,2.5500,2.5500,2.5500,2.5500,2.5498,2.5494,2.5480,2.5443,2.5349,2.5139,2.4714,2.3939,2.2648,2.0670,1.7843
821,2.5500,2.5500,2.5500,2.5500,2.5500,2.5500,2.5500,2.5500,2.5500,2.5500,2.5498,2.5494,2.5480,2.5443,2.5348,2.5138,2.4712,2.3936,2.2644,2.0666,1.7840
822,2.5500,2.5500,2.5500,2.5500,2.5500,2.5500,2.5500,2.5500,2.5500,2.5500,2.5498,2.5494,2.5480,2.5442,2.5348,2.5137,2.4711,2.3933,2.2641,2.0662,1.7836
823,2.5500,2.5500,2.5500,2.5500,2.5500,2.5500,2.5500,2.5500,2.5500,2.5500,2.5498,2.5494,2.5480,2.5442,2.5347,2.5135,2.4709,2.3931,2.2637,2.0659,1.7832
824,2.5500,2.5500,2.5500,2.5500,2.5500,2.5500,2.5500,2.5500,2.5500,2.5500,2.5498,2.5494,2.5480,2.5442,2.5347,2.5134,2.4707,2.3928,2.2634,2.0655,1.7828
825,2.5500,2.5500,2.5500,2.5500,2.5500,2.5500,2.5500,2.5500,2.5500,2.5500,2.5498,2.5494,2.5480,2.5441,2.5346,2.5133,2.4705,2.3925,2.2630,2.0651,1.7824
826,2.5500,2.5500,2.5500,2.5500,2.5500,2.5500,2.5500,2.5500,2.5500,2.5500,2.5498,2.5494,2.5480,2.5441,2.5345,2.5132,2.4703,2.3923,2.2627,2.0647,1.7821
827,2.5500,2.5500,2.5500,2.5500,2.5500,2.5500,2.5500,2.5500,2.5500,2.5500,2.5498,2.5494,2.5480,2.5441,2.5345,2.5131,2.4701,2.3920,2.2623,2.0643,1.7817
828,2.5500,2.5500,2.5500,2.5500,2.5500,2.5500,2.5500,2.5500,2.5500,2.5500,2.5498,2.5494,2.5479,2.5440,2.5344,2.5130,2.4699,2.3917,2.2620,2.0639,1.7813
829,2.5500,2.5500,2.5500,2.5500,2.5500,2.5500,2.5500,2.5500,2.5500,2.5500,2.5498,2.5494,2.5479,2.5440,2.5344,2.5129,2.4698,2.3915,2.2616,2.0635,1.7809
830,2.5500,2.5500,2.5500,2.5500,2.5500,2.5500,2.5500,2.5500,2.5500,2.5500,2.5498,2.5493,2.5479,2.5440,2.5343,2.5127,2.4696,2.3912,2.2613,2.0631,1.7805
831,2.5500,2.5500,2.5500,2.5500,2.5500,2.5500,2.5500,2.5500,2.5500,2.5500,2.5498,2.5493,2.5479,2.5440,2.5342,2.5126,2.4694,2.3909,2.2610,2.0628,1.7802
832,2.5500,2.5500,2.5500,2.5500,2.5500,2.5500,2.5500,2.5500,2.5500,2.5500,2.5498,2.5493,2.5479,2.5439,2.5342,2.5125,2.4692,2.3906,2.2606,2.0624,1.7798
833,2.5500,2.5500,2.5500,2.5500,2.5500,2.5500,2.5500,2.5500,2.5500,2.5500,2.5498,2.5493,2.5479,2.5439,2.5341,2.5124,2.4690,2.3904,2.2603,2.0620,1.7794
834,2.5500,2.5500,2.5500,2.5500,2.5500,2.5500,2.5500,2.5500,2.5500,2.5500,2.5498,2.5493,2.5479,2.5439,2.5340,2.5123,2.4688,2.3901,2.2599,2.0616,1.7790
835,2.5500,2.5500,2.5500,2.5500,2.5500,2.5500,2.5500,2.5500,2.5500,2.5500,2.5498,2.5493,2.5479,2.5438,2.5340,2.5122,2.4686,2.3898,2.2596,2.0612,1.7787
836,2.5500,2.5500,2.5500,2.5500,2.5500,2.5500,2.5500,2.5500,2.5500,2.5500,2.5498,2.5493,2.5478,2.5438,2.5339,2.5121,2.4685,2.3896,2.2592,2.0608,1.7783
837,2.5500,2.5500,2.5500,2.5500,2.5500,2.5500,2.5500,2.5500,2.5500,2.5499,2.5498,2.5493,2.5478,2.5438,2.5339,2.5119,2.4683,2.3893,2.2589,2.0604,1.7779
838,2.5500,2.5500,2.5500,2.5500,2.5500,2.5500,2.5500,2.5500,2.5500,2.5499,2.5498,2.5493,2.5478,2.5438,2.5338,2.5118,2.4681,2.3890,2.2586,2.0601,1.7775
839,2.5500,2.5500,2.5500,2.5500,2.5500,2.5500,2.5500,2.5500,2.5500,2.5499,2.5498,2.5493,2.5478,2.5437,2.5337,2.5117,2.4679,2.3888,2.2582,2.0597,1.7772
840,2.5500,2.5500,2.5500,2.5500,2.5500,2.5500,2.5500,2.5500,2.5500,2.5499,2.5498,2.5493,2.5478,2.5437,2.5337,2.5116,2.4677,2.3885,2.2579,2.0593,1.7768
841,2.5500,2.5500,2.5500,2.5500,2.5500,2.5500,2.5500,2.5500,2.5500,2.5499,2.5498,2.5493,2.5478,2.5437,2.5336,2.5115,2.4675,2.3882,2.2575,2.0589,1.7764
842,2.5500,2.5500,2.5500,2.5500,2.5500,2.5500,2.5500,2.5500,2.5500,2.5499,2.5498,2.5493,2.5478,2.5436,2.5335,2.5114,2.4673,2.3880,2.2572,2.0585,1.7760
843,2.5500,2.5500,2.5500,2.5500,2.5500,2.5500,2.5500,2.5500,2.5500,2.5499,2.5498,2.5493,2.5478,2.5436,2.5335,2.5113,2.4671,2.3877,2.2569,2.0581,1.7757
844,2.5500,2.5500,2.5500,2.5500,2.5500,2.5500,2.5500,2.5500,2.5500,2.5499,2.5498,2.5493,2.5477,2.5436,2.5334,2.5111,2.4670,2.3874,2.2565,2.0578,1.7753
845,2.5500,2.5500,2.5500,2.5500,2.5500,2.5500,2.5500,2.5500,2.5500,2.5499,2.5498,2.5493,2.5477,2.5435,2.5334,2.5110,2.4668,2.3871,2.2562,2.0574,1.7749
846,2.5500,2.5500,2.5500,2.5500,2.5500,2.5500,2.5500,2.5500,2.5500,2.5499,2.5498,2.5493,2.5477,2.5435,2.5333,2.5109,2.4666,2.3869,2.2558,2.0570,1.7746
847,2.5500,2.5500,2.5500,2.5500,2.5500,2.5500,2.5500,2.5500,2.5500,2.5499,2.5498,2.5493,2.5477,2.5435,2.5332,2.5108,2.4664,2.3866,2.2555,2.0566,1.7742
848,2.5500,2.5500,2.5500,2.5500,2.5500,2.5500,2.5500,2.5500,2.5500,2.5499,2.5498,2.5493,2.5477,2.5434,2.5332,2.5107,2.4662,2.3863,2.2551,2.0562,1.7738
849,2.5500,2.5500,2.5500,2.5500,2.5500,2.5500,2.5500,2.5500,2.5500,2.5499,2.5498,2.5493,2.5477,2.5434,2.5331,2.5106,2.4660,2.3861,2.2548,2.0559,1.7734
850,2.5500,2.5500,2.5500,2.5500,2.5500,2.5500,2.5500,2.5500,2.5500,2.5499,2.5498,2.5492,2.5477,2.5434,2.5330,2.5104,2.4658,2.3858,2.2545,2.0555,1.7731
851,2.5500,2.5500,2.5500,2.5500,2.5500,2.5500,2.5500,2.5500,2.5500,2.5499,2.5498,2.5492,2.5476,2.5433,2.5330,2.5103,2.4656,2.3855,2.2541,2.0551,1.7727
852,2.5500,2.5500,2.5500,2.5500,2.5500,2.5500,2.5500,2.5500,2.5500,2.5499,2.5498,2.5492,2.5476,2.5433,2.5329,2.5102,2.4655,2.3853,2.2538,2.0547,1.7723
853,2.5500,2.5500,2.5500,2.5500,2.5500,2.5500,2.5500,2.5500,2.5500,2.5499,2.5498,2.5492,2.5476,2.5433,2.5328,2.5101,2.4653,2.3850,2.2534,2.0543,1.7720
854,2.5500,2.5500,2.5500,2.5500,2.5500,2.5500,2.5500,2.5500,2.5500,2.5499,2.5498,2.5492,2.5476,2.5433,2.5328,2.5100,2.4651,2.3847,2.2531,2.0540,1.7716
855,2.5500,2.5500,2.5500,2.5500,2.5500,2.5500,2.5500,2.5500,2.5500,2.5499,2.5498,2.5492,2.5476,2.5432,2.5327,2.5099,2.4649,2.3845,2.2528,2.0536,1.7712
856,2.5500,2.5500,2.5500,2.5500,2.5500,2.5500,2.5500,2.5500,2.5500,2.5499,2.5498,2.5492,2.5476,2.5432,2.5326,2.5097,2.4647,2.3842,2.2524,2.0532,1.7708
857,2.5500,2.5500,2.5500,2.5500,2.5500,2.5500,2.5500,2.5500,2.5500,2.5499,2.5498,2.5492,2.5476,2.5432,2.5326,2.5096,2.4645,2.3839,2.2521,2.0528,1.7705
858,2.5500,2.5500,2.5500,2.5500,2.5500,2.5500,2.5500,2.5500,2.5500,2.5499,2.5498,2.5492,2.5475,2.5431,2.5325,2.5095,2.4643,2.3837,2.2517,2.0524,1.7701
859,2.5500,2.5500,2.5500,2.5500,2.5500,2.5500,2.5500,2.5500,2.5500,2.5499,2.5498,2.5492,2.5475,2.5431,2.5325,2.5094,2.4641,2.3834,2.2514,2.0521,1.7697
860,2.5500,2.5500,2.5500,2.5500,2.5500,2.5500,2.5500,2.5500,2.5500,2.5499,2.5498,2.5492,2.5475,2.5431,2.5324,2.5093,2.4640,2.3831,2.2511,2.0517,1.7694
861,2.5500,2.5500,2.5500,2.5500,2.5500,2.5500,2.5500,2.5500,2.5500,2.5499,2.5498,2.5492,2.5475,2.5430,2.5323,2.5092,2.4638,2.3829,2.2507,2.0513,1.7690
862,2.5500,2.5500,2.5500,2.5500,2.5500,2.5500,2.5500,2.5500,2.5500,2.5499,2.5498,2.5492,2.5475,2.5430,2.5323,2.5090,2.4636,2.3826,2.2504,2.0509,1.7686
863,2.5500,2.5500,2.5500,2.5500,2.5500,2.5500,2.5500,2.5500,2.5500,2.5499,2.5498,2.5492,2.5475,2.5430,2.5322,2.5089,2.4634,2.3823,2.2501,2.0506,1.7683
864,2.5500,2.5500,2.5500,2.5500,2.5500,2.5500,2.5500,2.5500,2.5500,2.5499,2.5498,2.5492,2.5475,2.5429,2.5321,2.5088,2.4632,2.3821,2.2497,2.0502,1.7679
865,2.5500,2.5500,2.5500,2.5500,2.5500,2.5500,2.5500,2.5500,2.5500,2.5499,2.5498,2.5492,2.5474,2.5429,2.5321,2.5087,2.4630,2.3818,2.2494,2.0498,1.7675
866,2.5500,2.5500,2.5500,2.5500,2.5500,2.5500,2.5500,2.5500,2.5500,2.5499,2.5498,2.5492,2.5474,2.5429,2.5320,2.5086,2.4628,2.3815,2.2490,2.0494,1.7672
867,2.5500,2.5500,2.5500,2.5500,2.5500,2.5500,2.5500,2.5500,2.5500,2.5499,2.5497,2.5492,2.5474,2.5428,2.5319,2.5084,2.4626,2.3813,2.2487,2.0491,1.7668
868,2.5500,2.5500,2.5500,2.5500,2.5500,2.5500,2.5500,2.5500,2.5500,2.5499,2.5497,2.5492,2.5474,2.5428,2.5319,2.5083,2.4625,2.3810,2.2484,2.0487,1.7664
869,2.5500,2.5500,2.5500,2.5500,2.5500,2.5500,2.5500,2.5500,2.5500,2.5499,2.5497,2.5491,2.5474,2.5428,2.5318,2.5082,2.4623,2.3807,2.2480,2.0483,1.7661
870,2.5500,2.5500,2.5500,2.5500,2.5500,2.5500,2.5500,2.5500,2.5500,2.5499,2.5497,2.5491,2.5474,2.5427,2.5317,2.5081,2.4621,2.3804,2.2477,2.0479,1.7657
871,2.5500,2.5500,2.5500,2.5500,2.5500,2.5500,2.5500,2.5500,2.5500,2.5499,2.5497,2.5491,2.5474,2.5427,2.5317,2.5080,2.4619,2.3802,2.2474,2.0476,1.7653
872,2.5500,2.5500,2.5500,2.5500,2.5500,2.5500,2.5500,2.5500,2.5500,2.5499,2.5497,2.5491,2.5473,2.5427,2.5316,2.5079,2.4617,2.3799,2.2470,2.0472,1.7650
873,2.5500,2.5500,2.5500,2.5500,2.5500,2.5500,2.5500,2.5500,2.5500,2.5499,2.5497,2.5491,2.5473,2.5426,2.5315,2.5077,2.4615,2.3796,2.2467,2.0468,1.7646
874,2.5500,2.5500,2.5500,2.5500,2.5500,2.5500,2.5500,2.5500,2.5500,2.5499,2.5497,2.5491,2.5473,2.5426,2.5315,2.5076,2.4613,2.3794,2.2464,2.0464,1.7642
875,2.5500,2.5500,2.5500,2.5500,2.5500,2.5500,2.5500,2.5500,2.5500,2.5499,2.5497,2.5491,2.5473,2.5426,2.5314,2.5075,2.4611,2.3791,2.2460,2.0461,1.7639
876,2.5500,2.5500,2.5500,2.5500,2.5500,2.5500,2.5500,2.5500,2.5500,2.5499,2.5497,2.5491,2.5473,2.5425,2.5313,2.5074,2.4609,2.3788,2.2457,2.0457,1.7635
877,2.5500,2.5500,2.5500,2.5500,2.5500,2.5500,2.5500,2.5500,2.5500,2.5499,2.5497,2.5491,2.5473,2.5425,2.5313,2.5073,2.4608,2.3786,2.2453,2.0453,1.7632
878,2.5500,2.5500,2.5500,2.5500,2.5500,2.5500,2.5500,2.5500,2.5500,2.5499,2.5497,2.5491,2.5473,2.5425,2.5312,2.5071,2.4606,2.3783,2.2450,2.0449,1.7628
879,2.5500,2.5500,2.5500,2.5500,2.5500,2.5500,2.5500,2.5500,2.5500,2.5499,2.5497,2.5491,2.5472,2.5424,2.5311,2.5070,2.4604,2.3780,2.2447,2.0446,1.7624
880,2.5500,2.5500,2.5500,2.5500,2.5500,2.5500,2.5500,2.5500,2.5500,2.5499,2.5497,2.5491,2.5472,2.5424,2.5311,2.5069,2.4602,2.3778,2.2443,2.0442,1.7621
881,2.5500,2.5500,2.5500,2.5500,2.5500,2.5500,2.5500,2.5500,2.5500,2.5499,2.5497,2.5491,2.5472,2.5424,2.5310,2.5068,2.4600,2.3775,2.2440,2.0438,1.7617
882,2.5500,2.5500,2.5500,2.5500,2.5500,2.5500,2.5500,2.5500,2.5500,2.5499,2.5497,2.5491,2.5472,2.5423,2.5309,2.5067,2.4598,2.3772,2.2437,2.0434,1.7613
883,2.5500,2.5500,2.5500,2.5500,2.5500,2.5500,2.5500,2.5500,2.5500,2.5499,2.5497,2.5491,2.5472,2.5423,2.5309,2.5065,2.4596,2.3770,2.2433,2.0431,1.7610
884,2.5500,2.5500,2.5500,2.5500,2.5500,2.5500,2.5500,2.5500,2.5500,2.5499,2.5497,2.5491,2.5472,2.5423,2.5308,2.5064,2.4594,2.3767,2.2430,2.0427,1.7606
885,2.5500,2.5500,2.5500,2.5500,2.5500,2.5500,2.5500,2.5500,2.5500,2.5499,2.5497,2.5490,2.5471,2.5422,2.5307,2.5063,2.4592,2.3764,2.2427,2.0423,1.7603
886,2.5500,2.5500,2.5500,2.5500,2.5500,2.5500,2.5500,2.5500,2.5500,2.5499,2.5497,2.5490,2.5471,2.5422,2.5307,2.5062,2.4590,2.3762,2.2423,2.0420,1.7599
887,2.5500,2.5500,2.5500,2.5500,2.5500,2.5500,2.5500,2.5500,2.5500,2.5499,2.5497,2.5490,2.5471,2.5422,2.5306,2.5061,2.4589,2.3759,2.2420,2.0416,1.7595
888,2.5500,2.5500,2.5500,2.5500,2.5500,2.5500,2.5500,2.5500,2.5500,2.5499,2.5497,2.5490,2.5471,2.5421,2.5305,2.5059,2.4587,2.3756,2.2417,2.0412,1.7592
889,2.5500,2.5500,2.5500,2.5500,2.5500,2.5500,2.5500,2.5500,2.5500,2.5499,2.5497,2.5490,2.5471,2.5421,2.5305,2.5058,2.4585,2.3754,2.2413,2.0409,1.7588
890,2.5500,2.5500,2.5500,2.5500,2.5500,2.5500,2.5500,2.5500,2.5500,2.5499,2.5497,2.5490,2.5471,2.5421,2.5304,2.5057,2.4583,2.3751,2.2410,2.0405,1.7585
891,2.5500,2.5500,2.5500,2.5500,2.5500,2.5500,2.5500,2.5500,2.5500,2.5499,2.5497,2.5490,2.5471,2.5420,2.5303,2.5056,2.4581,2.3748,2.2407,2.0401,1.7581
892,2.5500,2.5500,2.5500,2.5500,2.5500,2.5500,2.5500,2.5500,2.5500,2.5499,2.5497,2.5490,2.5470,2.5420,2.5302,2.5055,2.4579,2.3746,2.2403,2.0397,1.7577
893,2.5500,2.5500,2.5500,2.5500,2.5500,2.5500,2.5500,2.5500,2.5500,2.5499,2.5497,2.5490,2.5470,2.5420,2.5302,2.5053,2.4577,2.3743,2.2400,2.0394,1.7574
894,2.5500,2.5500,2.5500,2.5500,2.5500,2.5500,2.5500,2.5500,2.5500,2.5499,2.5497,2.5490,2.5470,2.5419,2.5301,2.5052,2.4575,2.3740,2.2397,2.0390,1.7570
895,2.5500,2.5500,2.5500,2.5500,2.5500,2.5500,2.5500,2.5500,2.5500,2.5499,2.5497,2.5490,2.5470,2.5419,2.5300,2.5051,2.4573,2.3738,2.2393,2.0386,1.7567
896,2.5500,2.5500,2.5500,2.5500,2.5500,2.5500,2.5500,2.5500,2.5500,2.5499,2.5497,2.5490,2.5470,2.5419,2.5300,2.5050,2.4572,2.3735,2.2390,2.0383,1.7563
897,2.5500,2.5500,2.5500,2.5500,2.5500,2.5500,2.5500,2.5500,2.5500,2.5499,2.5497,2.5490,2.5470,2.5418,2.5299,2.5049,2.4570,2.3732,2.2387,2.0379,1.7560
898,2.5500,2.5500,2.5500,2.5500,2.5500,2.5500,2.5500,2.5500,2.5500,2.5499,2.5497,2.5490,2.5469,2.5418,2.5298,2.5047,2.4568,2.3730,2.2383,2.0375,1.7556
899,2.5500,2.5500,2.5500,2.5500,2.5500,2.5500,2.5500,2.5500,2.5500,2.5499,2.5497,2.5490,2.5469,2.5417,2.5298,2.5046,2.4566,2.3727,2.2380,2.0372,1.7552
900,2.5500,2.5500,2.5500,2.5500,2.5500,2.5500,2.5500,2.5500,2.5500,2.5499,2.5497,2.5490,2.5469,2.5417,2.5297,2.5045,2.4564,2.3724,2.2377,2.0368,1.7549
901,2.5500,2.5500,2.5500,2.5500,2.5500,2.5500,2.5500,2.5500,2.5500,2.5499,2.5497,2.5489,2.5469,2.5417,2.5296,2.5044,2.4562,2.3722,2.2373,2.0364,1.7545
902,2.5500,2.5500,2.5500,2.5500,2.5500,2.5500,2.5500,2.5500,2.5500,2.5499,2.5497,2.5489,2.5469,2.5416,2.5296,2.5042,2.4560,2.3719,2.2370,2.0361,1.7542
903,2.5500,2.5500,2.5500,2.5500,2.5500,2.5500,2.5500,2.5500,2.5500,2.5499,2.5497,2.5489,2.5469,2.5416,2.5295,2.5041,2.4558,2.3716,2.2367,2.0357,1.7538
904,2.5500,2.5500,2.5500,2.5500,2.5500,2.5500,2.5500,2.5500,2.5500,2.5499,2.5497,2.5489,2.5468,2.5416,2.5294,2.5040,2.4556,2.3714,2.2364,2.0353,1.7535
905,2.5500,2.5500,2.5500,2.5500,2.5500,2.5500,2.5500,2.5500,2.5500,2.5499,2.5497,2.5489,2.5468,2.5415,2.5293,2.5039,2.4554,2.3711,2.2360,2.0350,1.7531
906,2.5500,2.5500,2.5500,2.5500,2.5500,2.5500,2.5500,2.5500,2.5500,2.5499,2.5497,2.5489,2.5468,2.5415,2.5293,2.5038,2.4552,2.3709,2.2357,2.0346,1.7528
907,2.5500,2.5500,2.5500,2.5500,2.5500,2.5500,2.5500,2.5500,2.5500,2.5499,2.5497,2.5489,2.5468,2.5415,2.5292,2.5036,2.4551,2.3706,2.2354,2.0342,1.7524
908,2.5500,2.5500,2.5500,2.5500,2.5500,2.5500,2.5500,2.5500,2.5500,2.5499,2.5497,2.5489,2.5468,2.5414,2.5291,2.5035,2.4549,2.3703,2.2350,2.0339,1.7520
909,2.5500,2.5500,2.5500,2.5500,2.5500,2.5500,2.5500,2.5500,2.5500,2.5499,2.5497,2.5489,2.5468,2.5414,2.5291,2.5034,2.4547,2.3701,2.2347,2.0335,1.7517
910,2.5500,2.5500,2.5500,2.5500,2.5500,2.5500,2.5500,2.5500,2.5500,2.5499,2.5497,2.5489,2.5467,2.5414,2.5290,2.5033,2.4545,2.3698,2.2344,2.0332,1.7513
911,2.5500,2.5500,2.5500,2.5500,2.5500,2.5500,2.5500,2.5500,2.5500,2.5499,2.5496,2.5489,2.5467,2.5413,2.5289,2.5031,2.4543,2.3695,2.2340,2.0328,1.7510
912,2.5500,2.5500,2.5500,2.5500,2.5500,2.5500,2.5500,2.5500,2.5500,2.5499,2.5496,2.5489,2.5467,2.5413,2.5289,2.5030,2.4541,2.3693,2.2337,2.0324,1.7506
913,2.5500,2.5500,2.5500,2.5500,2.5500,2.5500,2.5500,2.5500,2.5500,2.5499,2.5496,2.5489,2.5467,2.5412,2.5288,2.5029,2.4539,2.3690,2.2334,2.0321,1.7503
914,2.5500,2.5500,2.5500,2.5500,2.5500,2.5500,2.5500,2.5500,2.5500,2.5499,2.5496,2.5489,2.5467,2.5412,2.5287,2.5028,2.4537,2.3687,2.2331,2.0317,1.7499
915,2.5500,2.5500,2.5500,2.5500,2.5500,2.5500,2.5500,2.5500,2.5500,2.5499,2.5496,2.5488,2.5467,2.5412,2.5286,2.5027,2.4535,2.3685,2.2327,2.0313,1.7496
916,2.5500,2.5500,2.5500,2.5500,2.5500,2.5500,2.5500,2.5500,2.5500,2.5499,2.5496,2.5488,2.5466,2.5411,2.5286,2.5025,2.4533,2.3682,2.2324,2.0310,1.7492
917,2.5500,2.5500,2.5500,2.5500,2.5500,2.5500,2.5500,2.5500,2.5500,2.5499,2.5496,2.5488,2.5466,2.5411,2.5285,2.5024,2.4531,2.3679,2.2321,2.0306,1.7489
918,2.5500,2.5500,2.5500,2.5500,2.5500,2.5500,2.5500,2.5500,2.5500,2.5499,2.5496,2.5488,2.5466,2.5411,2.5284,2.5023,2.4530,2.3677,2.2317,2.0302,1.7485
919,2.5500,2.5500,2.5500,2.5500,2.5500,2.5500,2.5500,2.5500,2.5500,2.5499,2.5496,2.5488,2.5466,2.5410,2.5284,2.5022,2.4528,2.3674,2.2314,2.0299,1.7482
920,2.5500,2.5500,2.5500,2.5500,2.5500,2.5500,2.5500,2.5500,2.5500,2.5499,2.5496,2.5488,2.5466,2.5410,2.5283,2.5020,2.4526,2.3671,2.2311,2.0295,1.7478
921,2.5500,2.5500,2.5500,2.5500,2.5500,2.5500,2.5500,2.5500,2.5500,2.5499,2.5496,2.5488,2.5466,2.5409,2.5282,2.5019,2.4524,2.3669,2.2308,2.0292,1.7475
922,2.5500,2.5500,2.5500,2.5500,2.5500,2.5500,2.5500,2.5500,2.5500,2.5499,2.5496,2.5488,2.5465,2.5409,2.5281,2.5018,2.4522,2.3666,2.2304,2.0288,1.7471
923,2.5500,2.5500,2.5500,2.5500,2.5500,2.5500,2.5500,2.5500,2.5500,2.5499,2.5496,2.5488,2.5465,2.5409,2.5281,2.5017,2.4520,2.3663,2.2301,2.0284,1.7468
924,2.5500,2.5500,2.5500,2.5500,2.5500,2.5500,2.5500,2.5500,2.5500,2.5499,2.5496,2.5488,2.5465,2.5408,2.5280,2.5015,2.4518,2.3661,2.2298,2.0281,1.7464
925,2.5500,2.5500,2.5500,2.5500,2.5500,2.5500,2.5500,2.5500,2.5500,2.5499,2.5496,2.5488,2.5465,2.5408,2.5279,2.5014,2.4516,2.3658,2.2294,2.0277,1.7461
926,2.5500,2.5500,2.5500,2.5500,2.5500,2.5500,2.5500,2.5500,2.5500,2.5499,2.5496,2.5488,2.5465,2.5408,2.5279,2.5013,2.4514,2.3656,2.2291,2.0274,1.7457
927,2.5500,2.5500,2.5500,2.5500,2.5500,2.5500,2.5500,2.5500,2.5500,2.5499,2.5496,2.5488,2.5465,2.5407,2.5278,2.5012,2.4512,2.3653,2.2288,2.0270,1.7454
928,2.5500,2.5500,2.5500,2.5500,2.5500,2.5500,2.5500,2.5500,2.5500,2.5499,2.5496,2.5488,2.5464,2.5407,2.5277,2.5011,2.4510,2.3650,2.2285,2.0266,1.7450
929,2.5500,2.5500,2.5500,2.5500,2.5500,2.5500,2.5500,2.5500,2.5500,2.5499,2.5496,2.5487,2.5464,2.5406,2.5276,2.5009,2.4509,2.3648,2.2281,2.0263,1.7447
930,2.5500,2.5500,2.5500,2.5500,2.5500,2.5500,2.5500,2.5500,2.5500,2.5499,2.5496,2.5487,2.5464,2.5406,2.5276,2.5008,2.4507,2.3645,2.2278,2.0259,1.7443
931,2.5500,2.5500,2.5500,2.5500,2.5500,2.5500,2.5500,2.5500,2.5500,2.5499,2.5496,2.5487,2.5464,2.5406,2.5275,2.5007,2.4505,2.3642,2.2275,2.0256,1.7440
932,2.5500,2.5500,2.5500,2.5500,2.5500,2.5500,2.5500,2.5500,2.5500,2.5499,2.5496,2.5487,2.5464,2.5405,2.5274,2.5006,2.4503,2.3640,2.2272,2.0252,1.7436
933,2.5500,2.5500,2.5500,2.5500,2.5500,2.5500,2.5500,2.5500,2.5500,2.5499,2.5496,2.5487,2.5463,2.5405,2.5273,2.5004,2.4501,2.3637,2.2268,2.0248,1.7433
934,2.5500,2.5500,2.5500,2.5500,2.5500,2.5500,2.5500,2.5500,2.5500,2.5499,2.5496,2.5487,2.5463,2.5405,2.5273,2.5003,2.4499,2.3634,2.2265,2.0245,1.7429
935,2.5500,2.5500,2.5500,2.5500,2.5500,2.5500,2.5500,2.5500,2.5500,2.5499,2.5496,2.5487,2.5463,2.5404,2.5272,2.5002,2.4497,2.3632,2.2262,2.0241,1.7426
936,2.5500,2.5500,2.5500,2.5500,2.5500,2.5500,2.5500,2.5500,2.5500,2.5499,2.5496,2.5487,2.5463,2.5404,2.5271,2.5001,2.4495,2.3629,2.2259,2.0238,1.7422
937,2.5500,2.5500,2.5500,2.5500,2.5500,2.5500,2.5500,2.5500,2.5500,2.5499,2.5496,2.5487,2.5463,2.5403,2.5271,2.4999,2.4493,2.3626,2.2255,2.0234,1.7419
938,2.5500,2.5500,2.5500,2.5500,2.5500,2.5500,2.5500,2.5500,2.5500,2.5499,2.5496,2.5487,2.5463,2.5403,2.5270,2.4998,2.4491,2.3624,2.2252,2.0231,1.7415
939,2.5500,2.5500,2.5500,2.5500,2.5500,2.5500,2.5500,2.5500,2.5500,2.5499,2.5496,2.5487,2.5462,2.5403,2.5269,2.4997,2.4489,2.3621,2.2249,2.0227,1.7412
940,2.5500,2.5500,2.5500,2.5500,2.5500,2.5500,2.5500,2.5500,2.5500,2.5499,2.5496,2.5487,2.5462,2.5402,2.5268,2.4996,2.4487,2.3619,2.2246,2.0223,1.7408
941,2.5500,2.5500,2.5500,2.5500,2.5500,2.5500,2.5500,2.5500,2.5500,2.5499,2.5496,2.5487,2.5462,2.5402,2.5268,2.4994,2.4486,2.3616,2.2242,2.0220,1.7405
942,2.5500,2.5500,2.5500,2.5500,2.5500,2.5500,2.5500,2.5500,2.5500,2.5499,2.5496,2.5486,2.5462,2.5401,2.5267,2.4993,2.4484,2.3613,2.2239,2.0216,1.7402
943,2.5500,2.5500,2.5500,2.5500,2.5500,2.5500,2.5500,2.5500,2.5500,2.5499,2.5496,2.5486,2.5462,2.5401,2.5266,2.4992,2.4482,2.3611,2.2236,2.0213,1.7398
944,2.5500,2.5500,2.5500,2.5500,2.5500,2.5500,2.5500,2.5500,2.5500,2.5499,2.5496,2.5486,2.5461,2.5401,2.5265,2.4991,2.4480,2.3608,2.2233,2.0209,1.7395
945,2.5500,2.5500,2.5500,2.5500,2.5500,2.5500,2.5500,2.5500,2.5500,2.5499,2.5496,2.5486,2.5461,2.5400,2.5265,2.4989,2.4478,2.3605,2.2229,2.0206,1.7391
946,2.5500,2.5500,2.5500,2.5500,2.5500,2.5500,2.5500,2.5500,2.5500,2.5499,2.5495,2.5486,2.5461,2.5400,2.5264,2.4988,2.4476,2.3603,2.2226,2.0202,1.7388
947,2.5500,2.5500,2.5500,2.5500,2.5500,2.5500,2.5500,2.5500,2.5500,2.5499,2.5495,2.5486,2.5461,2.5400,2.5263,2.4987,2.4474,2.3600,2.2223,2.0199,1.7384
948,2.5500,2.5500,2.5500,2.5500,2.5500,2.5500,2.5500,2.5500,2.5500,2.5499,2.5495,2.5486,2.5461,2.5399,2.5262,2.4985,2.4472,2.3597,2.2220,2.0195,1.7381
949,2.5500,2.5500,2.5500,2.5500,2.5500,2.5500,2.5500,2.5500,2.5500,2.5499,2.5495,2.5486,2.5461,2.5399,2.5262,2.4984,2.4470,2.3595,2.2216,2.0191,1.7377
950,2.5500,2.5500,2.5500,2.5500,2.5500,2.5500,2.5500,2.5500,2.5500,2.5499,2.5495,2.5486,2.5460,2.5398,2.5261,2.4983,2.4468,2.3592,2.2213,2.0188,1.7374
951,2.5500,2.5500,2.5500,2.5500,2.5500,2.5500,2.5500,2.5500,2.5500,2.5499,2.5495,2.5486,2.5460,2.5398,2.5260,2.4982,2.4466,2.3590,2.2210,2.0184,1.7371
952,2.5500,2.5500,2.5500,2.5500,2.5500,2.5500,2.5500,2.5500,2.5500,2.5499,2.5495,2.5486,2.5460,2.5398,2.5259,2.4980,2.4464,2.3587,2.2207,2.0181,1.7367
953,2.5500,2.5500,2.5500,2.5500,2.5500,2.5500,2.5500,2.5500,2.5500,2.5499,2.5495,2.5486,2.5460,2.5397,2.5259,2.4979,2.4462,2.3584,2.2203,2.0177,1.7364
954,2.5500,2.5500,2.5500,2.5500,2.5500,2.5500,2.5500,2.5500,2.5500,2.5499,2.5495,2.5486,2.5460,2.5397,2.5258,2.4978,2.4461,2.3582,2.2200,2.0174,1.7360
955,2.5500,2.5500,2.5500,2.5500,2.5500,2.5500,2.5500,2.5500,2.5500,2.5499,2.5495,2.5485,2.5459,2.5396,2.5257,2.4977,2.4459,2.3579,2.2197,2.0170,1.7357
956,2.5500,2.5500,2.5500,2.5500,2.5500,2.5500,2.5500,2.5500,2.5500,2.5499,2.5495,2.5485,2.5459,2.5396,2.5256,2.4975,2.4457,2.3576,2.2194,2.0167,1.7353
957,2.5500,2.5500,2.5500,2.5500,2.5500,2.5500,2.5500,2.5500,2.5500,2.5499,2.5495,2.5485,2.5459,2.5396,2.5256,2.4974,2.4455,2.3574,2.2191,2.0163,1.7350
958,2.5500,2.5500,2.5500,2.5500,2.5500,2.5500,2.5500,2.5500,2.5500,2.5499,2.5495,2.5485,2.5459,2.5395,2.5255,2.4973,2.4453,2.3571,2.2187,2.0160,1.7347
959,2.5500,2.5500,2.5500,2.5500,2.5500,2.5500,2.5500,2.5500,2.5500,2.5499,2.5495,2.5485,2.5459,2.5395,2.5254,2.4972,2.4451,2.3569,2.2184,2.0156,1.7343
960,2.5500,2.5500,2.5500,2.5500,2.5500,2.5500,2.5500,2.5500,2.5500,2.5498,2.5495,2.5485,2.5458,2.5394,2.5253,2.4970,2.4449,2.3566,2.2181,2.0153,1.7340
961,2.5500,2.5500,2.5500,2.5500,2.5500,2.5500,2.5500,2.5500,2.5500,2.5498,2.5495,2.5485,2.5458,2.5394,2.5253,2.4969,2.4447,2.3563,2.2178,2.0149,1.7336
962,2.5500,2.5500,2.5500,2.5500,2.5500,2.5500,2.5500,2.5500,2.5500,2.5498,2.5495,2.5485,2.5458,2.5394,2.5252,2.4968,2.4445,2.3561,2.2174,2.0146,1.7333
963,2.5500,2.5500,2.5500,2.5500,2.5500,2.5500,2.5500,2.5500,2.5500,2.5498,2.5495,2.5485,2.5458,2.5393,2.5251,2.4966,2.4443,2.3558,2.2171,2.0142,1.7330
964,2.5500,2.5500,2.5500,2.5500,2.5500,2.5500,2.5500,2.5500,2.5500,2.5498,2.5495,2.5485,2.5458,2.5393,2.5250,2.4965,2.4441,2.3555,2.2168,2.0139,1.7326
965,2.5500,2.5500,2.5500,2.5500,2.5500,2.5500,2.5500,2.5500,2.5500,2.5498,2.5495,2.5485,2.5457,2.5392,2.5250,2.4964,2.4439,2.3553,2.2165,2.0135,1.7323
966,2.5500,2.5500,2.5500,2.5500,2.5500,2.5500,2.5500,2.5500,2.5500,2.5498,2.5495,2.5484,2.5457,2.5392,2.5249,2.4963,2.4437,2.3550,2.2162,2.0132,1.7319
967,2.5500,2.5500,2.5500,2.5500,2.5500,2.5500,2.5500,2.5500,2.5500,2.5498,2.5495,2.5484,2.5457,2.5392,2.5248,2.4961,2.4435,2.3548,2.2158,2.0128,1.7316
968,2.5500,2.5500,2.5500,2.5500,2.5500,2.5500,2.5500,2.5500,2.5500,2.5498,2.5495,2.5484,2.5457,2.5391,2.5247,2.4960,2.4434,2.3545,2.2155,2.0125,1.7313
969,2.5500,2.5500,2.5500,2.5500,2.5500,2.5500,2.5500,2.5500,2.5500,2.5498,2.5495,2.5484,2.5457,2.5391,2.5247,2.4959,2.4432,2.3542,2.2152,2.0121,1.7309
970,2.5500,2.5500,2.5500,2.5500,2.5500,2.5500,2.5500,2.5500,2.5500,2.5498,2.5495,2.5484,2.5456,2.5390,2.5246,2.4958,2.4430,2.3540,2.2149,2.0118,1.7306
971,2.5500,2.5500,2.5500,2.5500,2.5500,2.5500,2.5500,2.5500,2.5500,2.5498,2.5495,2.5484,2.5456,2.5390,2.5245,2.4956,2.4428,2.3537,2.2146,2.0114,1.7302
972,2.5500,2.5500,2.5500,2.5500,2.5500,2.5500,2.5500,2.5500,2.5500,2.5498,2.5495,2.5484,2.5456,2.5389,2.5244,2.4955,2.4426,2.3534,2.2142,2.0111,1.7299
973,2.5500,2.5500,2.5500,2.5500,2.5500,2.5500,2.5500,2.5500,2.5500,2.5498,2.5495,2.5484,2.5456,2.5389,2.5244,2.4954,2.4424,2.3532,2.2139,2.0107,1.7296
974,2.5500,2.5500,2.5500,2.5500,2.5500,2.5500,2.5500,2.5500,2.5500,2.5498,2.5495,2.5484,2.5456,2.5389,2.5243,2.4952,2.4422,2.3529,2.2136,2.0104,1.7292
975,2.5500,2.5500,2.5500,2.5500,2.5500,2.5500,2.5500,2.5500,2.5500,2.5498,2.5495,2.5484,2.5455,2.5388,2.5242,2.4951,2.4420,2.3527,2.2133,2.0100,1.7289
976,2.5500,2.5500,2.5500,2.5500,2.5500,2.5500,2.5500,2.5500,2.5500,2.5498,2.5494,2.5484,2.5455,2.5388,2.5241,2.4950,2.4418,2.3524,2.2130,2.0097,1.7286
977,2.5500,2.5500,2.5500,2.5500,2.5500,2.5500,2.5500,2.5500,2.5500,2.5498,2.5494,2.5484,2.5455,2.5387,2.5240,2.4949,2.4416,2.3521,2.2126,2.0093,1.7282
978,2.5500,2.5500,2.5500,2.5500,2.5500,2.5500,2.5500,2.5500,2.5500,2.5498,2.5494,2.5483,2.5455,2.5387,2.5240,2.4947,2.4414,2.3519,2.2123,2.0090,1.7279
979,2.5500,2.5500,2.5500,2.5500,2.5500,2.5500,2.5500,2.5500,2.5500,2.5498,2.5494,2.5483,2.5455,2.5387,2.5239,2.4946,2.4412,2.3516,2.2120,2.0086,1.7275
980,2.5500,2.5500,2.5500,2.5500,2.5500,2.5500,2.5500,2.5500,2.5500,2.5498,2.5494,2.5483,2.5454,2.5386,2.5238,2.4945,2.4410,2.3513,2.2117,2.0083,1.7272
981,2.5500,2.5500,2.5500,2.5500,2.5500,2.5500,2.5500,2.5500,2.5499,2.5498,2.5494,2.5483,2.5454,2.5386,2.5237,2.4943,2.4408,2.3511,2.2114,2.0079,1.7269
982,2.5500,2.5500,2.5500,2.5500,2.5500,2.5500,2.5500,2.5500,2.5499,2.5498,2.5494,2.5483,2.5454,2.5385,2.5237,2.4942,2.4407,2.3508,2.2111,2.0076,1.7265
983,2.5500,2.5500,2.5500,2.5500,2.5500,2.5500,2.5500,2.5500,2.5499,2.5498,2.5494,2.5483,2.5454,2.5385,2.5236,2.4941,2.4405,2.3506,2.2107,2.0072,1.7262
984,2.5500,2.5500,2.5500,2.5500,2.5500,2.5500,2.5500,2.5500,2.5499,2.5498,2.5494,2.5483,2.5454,2.5384,2.5235,2.4940,2.4403,2.3503,2.2104,2.0069,1.7259
985,2.5500,2.5500,2.5500,2.5500,2.5500,2.5500,2.5500,2.5500,2.5499,2.5498,2.5494,2.5483,2.5453,2.5384,2.5234,2.4938,2.4401,2.3500,2.2101,2.0065,1.7255
986,2.5500,2.5500,2.5500,2.5500,2.5500,2.5500,2.5500,2.5500,2.5499,2.5498,2.5494,2.5483,2.5453,2.5384,2.5233,2.4937,2.4399,2.3498,2.2098,2.0062,1.7252
987,2.5500,2.5500,2.5500,2.5500,2.5500,2.5500,2.5500,2.5500,2.5499,2.5498,2.5494,2.5483,2.5453,2.5383,2.5233,2.4936,2.4397,2.3495,2.2095,2.0059,1.7249
988,2.5500,2.5500,2.5500,2.5500,2.5500,2.5500,2.5500,2.5500,2.5499,2.5498,2.5494,2.5483,2.5453,2.5383,2.5232,2.4934,2.4395,2.3493,2.2092,2.0055,1.7245
989,2.5500,2.5500,2.5500,2.5500,2.5500,2.5500,2.5500,2.5500,2.5499,2.5498,2.5494,2.5482,2.5453,2.5382,2.5231,2.4933,2.4393,2.3490,2.2088,2.0052,1.7242
990,2.5500,2.5500,2.5500,2.5500,2.5500,2.5500,2.5500,2.5500,2.5499,2.5498,2.5494,2.5482,2.5452,2.5382,2.5230,2.4932,2.4391,2.3487,2.2085,2.0048,1.7239
991,2.5500,2.5500,2.5500,2.5500,2.5500,2.5500,2.5500,2.5500,2.5499,2.5498,2.5494,2.5482,2.5452,2.5381,2.5230,2.4930,2.4389,2.3485,2.2082,2.0045,1.7235
992,2.5500,2.5500,2.5500,2.5500,2.5500,2.5500,2.5500,2.5500,2.5499,2.5498,2.5494,2.5482,2.5452,2.5381,2.5229,2.4929,2.4387,2.3482,2.2079,2.0041,1.7232
993,2.5500,2.5500,2.5500,2.5500,2.5500,2.5500,2.5500,2.5500,2.5499,2.5498,2.5494,2.5482,2.5452,2.5381,2.5228,2.4928,2.4385,2.3480,2.2076,2.0038,1.7229
994,2.5500,2.5500,2.5500,2.5500,2.5500,2.5500,2.5500,2.5500,2.5499,2.5498,2.5494,2.5482,2.5452,2.5380,2.5227,2.4927,2.4383,2.3477,2.2073,2.0034,1.7225
995,2.5500,2.5500,2.5500,2.5500,2.5500,2.5500,2.5500,2.5500,2.5499,2.5498,2.5494,2.5482,2.5451,2.5380,2.5226,2.4925,2.4381,2.3474,2.2069,2.0031,1.7222
996,2.5500,2.5500,2.5500,2.5500,2.5500,2.5500,2.5500,2.5500,2.5499,2.5498,2.5494,2.5482,2.5451,2.5379,2.5226,2.4924,2.4379,2.3472,2.2066,2.0028,1.7219
997,2.5500,2.5500,2.5500,2.5500,2.5500,2.5500,2.5500,2.5500,2.5499,2.5498,2.5494,2.5482,2.5451,2.5379,2.5225,2.4923,2.4378,2.3469,2.2063,2.0024,1.7215
998,2.5500,2.5500,2.5500,2.5500,2.5500,2.5500,2.5500,2.5500,2.5499,2.5498,2.5494,2.5482,2.5451,2.5378,2.5224,2.4921,2.4376,2.3467,2.2060,2.0021,1.7212
999,2.5500,2.5500,2.5500,2.5500,2.5500,2.5500,2.5500,2.5500,2.5499,2.5498,2.5494,2.5481,2.5450,2.5378,2.5223,2.4920,2.4374,2.3464,2.2057,2.0017,1.7209
1000,2.5500,2.5500,2.5500,2.5500,2.5500,2.5500,2.5500,2.5500,2.5499,2.5498,2.5494,2.5481,2.5450,2.5378,2.5222,2.4919,2.4372,2.3461,2.2054,2.0014,1.7205
1001,2.5500,2.5500,2.5500,2.5500,2.5500,2.5500,2.5500,2.5500,2.5499,2.5498,2.5494,2.5481,2.5450,2.5377,2.5222,2.4917,2.4370,2.3459,2.2050,2.0010,1.7202
1002,2.5500,2.5500,2.5500,2.5500,2.5500,2.5500,2.5500,2.5500,2.5499,2.5498,2.5494,2.5481,2.5450,2.5377,2.5221,2.4916,2.4368,2.3456,2.2047,2.0007,1.7199
1003,2.5500,2.5500,2.5500,2.5500,2.5500,2.5500,2.5500,2.5500,2.5499,2.5498,2.5493,2.5481,2.5450,2.5376,2.5220,2.4915,2.4366,2.3454,2.2044,2.0004,1.7196
1004,2.5500,2.5500,2.5500,2.5500,2.5500,2.5500,2.5500,2.5500,2.5499,2.5498,2.5493,2.5481,2.5449,2.5376,2.5219,2.4914,2.4364,2.3451,2.2041,2.0000,1.7192
1005,2.5500,2.5500,2.5500,2.5500,2.5500,2.5500,2.5500,2.5500,2.5499,2.5498,2.5493,2.5481,2.5449,2.5375,2.5219,2.4912,2.4362,2.3448,2.2038,1.9997,1.7189
1006,2.5500,2.5500,2.5500,2.5500,2.5500,2.5500,2.5500,2.5500,2.5499,2.5498,2.5493,2.5481,2.5449,2.5375,2.5218,2.4911,2.4360,2.3446,2.2035,1.9993,1.7186
1007,2.5500,2.5500,2.5500,2.5500,2.5500,2.5500,2.5500,2.5500,2.5499,2.5498,2.5493,2.5481,2.5449,2.5375,2.5217,2.4910,2.4358,2.3443,2.2032,1.9990,1.7182
1008,2.5500,2.5500,2.5500,2.5500,2.5500,2.5500,2.5500,2.5500,2.5499,2.5498,2.5493,2.5481,2.5448,2.5374,2.5216,2.4908,2.4356,2.3441,2.2028,1.9986,1.7179
1009,2.5500,2.5500,2.5500,2.5500,2.5500,2.5500,2.5500,2.5500,2.5499,2.5498,2.5493,2.5480,2.5448,2.5374,2.5215,2.4907,2.4354,2.3438,2.2025,1.9983,1.7176
1010,2.5500,2.5500,2.5500,2.5500,2.5500,2.5500,2.5500,2.5500,2.5499,2.5498,2.5493,2.5480,2.5448,2.5373,2.5215,2.4906,2.4352,2.3435,2.2022,1.9980,1.7172
1011,2.5500,2.5500,2.5500,2.5500,2.5500,2.5500,2.5500,2.5500,2.5499,2.5498,2.5493,2.5480,2.5448,2.5373,2.5214,2.4904,2.4350,2.3433,2.2019,1.9976,1.7169
1012,2.5500,2.5500,2.5500,2.5500,2.5500,2.5500,2.5500,2.5500,2.5499,2.5498,2.5493,2.5480,2.5448,2.5372,2.5213,2.4903,2.4348,2.3430,2.2016,1.9973,1.7166
1013,2.5500,2.5500,2.5500,2.5500,2.5500,2.5500,2.5500,2.5500,2.5499,2.5498,2.5493,2.5480,2.5447,2.5372,2.5212,2.4902,2.4346,2.3428,2.2013,1.9969,1.7163
1014,2.5500,2.5500,2.5500,2.5500,2.5500,2.5500,2.5500,2.5500,2.5499,2.5498,2.5493,2.5480,2.5447,2.5371,2.5211,2.4900,2.4345,2.3425,2.2010,1.9966,1.7159
1015,2.5500,2.5500,2.5500,2.5500,2.5500,2.5500,2.5500,2.5500,2.5499,2.5498,2.5493,2.5480,2.5447,2.5371,2.5211,2.4899,2.4343,2.3422,2.2007,1.9963,1.7156
1016,2.5500,2.5500,2.5500,2.5500,2.5500,2.5500,2.5500,2.5500,2.5499,2.5498,2.5493,2.5480,2.5447,2.5371,2.5210,2.4898,2.4341,2.3420,2.2003,1.9959,1.7153
1017,2.5500,2.5500,2.5500,2.5500,2.5500,2.5500,2.5500,2.5500,2.5499,2.5498,2.5493,2.5480,2.5446,2.5370,2.5209,2.4897,2.4339,2.3417,2.2000,1.9956,1.7150
1018,2.5500,2.5500,2.5500,2.5500,2.5500,2.5500,2.5500,2.5500,2.5499,2.5498,2.5493,2.5480,2.5446,2.5370,2.5208,2.4895,2.4337,2.3415,2.1997,1.9953,1.7146
1019,2.5500,2.5500,2.5500,2.5500,2.5500,2.5500,2.5500,2.5500,2.5499,2.5498,2.5493,2.5479,2.5446,2.5369,2.5207,2.4894,2.4335,2.3412,2.1994,1.9949,1.7143
1020,2.5500,2.5500,2.5500,2.5500,2.5500,2.5500,2.5500,2.5500,2.5499,2.5498,2.5493,2.5479,2.5446,2.5369,2.5206,2.4893,2.4333,2.3409,2.1991,1.9946,1.7140
1021,2.5500,2.5500,2.5500,2.5500,2.5500,2.5500,2.5500,2.5500,2.5499,2.5498,2.5493,2.5479,2.5446,2.5368,2.5206,2.4891,2.4331,2.3407,2.1988,1.9942,1.7136
1022,2.5500,2.5500,2.5500,2.5500,2.5500,2.5500,2.5500,2.5500,2.5499,2.5498,2.5493,2.5479,2.5445,2.5368,2.5205,2.4890,2.4329,2.3404,2.1985,1.9939,1.7133
1023,2.5500,2.5500,2.5500,2.5500,2.5500,2.5500,2.5500,2.5500,2.5499,2.5498,2.5493,2.5479,2.5445,2.5367,2.5204,2.4889,2.4327,2.3402,2.1982,1.9936,1.7130
1024,2.5500,2.5500,2.5500,2.5500,2.5500,2.5500,2.5500,2.5500,2.5499,2.5498,2.5493,2.5479,2.5445,2.5367,2.5203,2.4887,2.4325,2.3399,2.1978,1.9932,1.7127
1025,2.5500,2.5500,2.5500,2.5500,2.5500,2.5500,2.5500,2.5500,2.5499,2.5498,2.5493,2.5479,2.5445,2.5366,2.5202,2.4886,2.4323,2.3396,2.1975,1.9929,1.7123
1026,2.5500,2.5500,2.5500,2.5500,2.5500,2.5500,2.5500,2.5500,2.5499,2.5498,2.5492,2.5479,2.5444,2.5366,2.5202,2.4885,2.4321,2.3394,2.1972,1.9926,1.7120
1027,2.5500,2.5500,2.5500,2.5500,2.5500,2.5500,2.5500,2.5500,2.5499,2.5498,2.5492,2.5479,2.5444,2.5366,2.5201,2.4883,2.4319,2.3391,2.1969,1.9922,1.7117
1028,2.5500,2.5500,2.5500,2.5500,2.5500,2.5500,2.5500,2.5500,2.5499,2.5498,2.5492,2.5478,2.5444,2.5365,2.5200,2.4882,2.4317,2.3389,2.1966,1.9919,1.7114
1029,2.5500,2.5500,2.5500,2.5500,2.5500,2.5500,2.5500,2.5500,2.5499,2.5498,2.5492,2.5478,2.5444,2.5365,2.5199,2.4881,2.4315,2.3386,2.1963,1.9915,1.7110
1030,2.5500,2.5500,2.5500,2.5500,2.5500,2.5500,2.5500,2.5500,2.5499,2.5497,2.5492,2.5478,2.5443,2.5364,2.5198,2.4879,2.4313,2.3384,2.1960,1.9912,1.7107
1031,2.5500,2.5500,2.5500,2.5500,2.5500,2.5500,2.5500,2.5500,2.5499,2.5497,2.5492,2.5478,2.5443,2.5364,2.5198,2.4878,2.4312,2.3381,2.1957,1.9909,1.7104
1032,2.5500,2.5500,2.5500,2.5500,2.5500,2.5500,2.5500,2.5500,2.5499,2.5497,2.5492,2.5478,2.5443,2.5363,2.5197,2.4877,2.4310,2.3378,2.1954,1.9905,1.7101
1033,2.5500,2.5500,2.5500,2.5500,2.5500,2.5500,2.5500,2.5500,2.5499,2.5497,2.5492,2.5478,2.5443,2.5363,2.5196,2.4875,2.4308,2.3376,2.1950,1.9902,1.7098
1034,2.5500,2.5500,2.5500,2.5500,2.5500,2.5500,2.5500,2.5500,2.5499,2.5497,2.5492,2.5478,2.5443,2.5362,2.5195,2.4874,2.4306,2.3373,2.1947,1.9899,1.7094
1035,2.5500,2.5500,2.5500,2.5500,2.5500,2.5500,2.5500,2.5500,2.5499,2.5497,2.5492,2.5478,2.5442,2.5362,2.5194,2.4873,2.4304,2.3371,2.1944,1.9895,1.7091
1036,2.5500,2.5500,2.5500,2.5500,2.5500,2.5500,2.5500,2.5500,2.5499,2.5497,2.5492,2.5478,2.5442,2.5361,2.5193,2.4871,2.4302,2.3368,2.1941,1.9892,1.7088
1037,2.5500,2.5500,2.5500,2.5500,2.5500,2.5500,2.5500,2.5500,2.5499,2.5497,2.5492,2.5478,2.5442,2.5361,2.5193,2.4870,2.4300,2.3365,2.1938,1.9889,1.7085
1038,2.5500,2.5500,2.5500,2.5500,2.5500,2.5500,2.5500,2.5500,2.5499,2.5497,2.5492,2.5477,2.5442,2.5360,2.5192,2.4869,2.4298,2.3363,2.1935,1.9885,1.7081
1039,2.5500,2.5500,2.5500,2.5500,2.5500,2.5500,2.5500,2.5500,2.5499,2.5497,2.5492,2.5477,2.5441,2.5360,2.5191,2.4867,2.4296,2.3360,2.1932,1.9882,1.7078
1040,2.5500,2.5500,2.5500,2.5500,2.5500,2.5500,2.5500,2.5500,2.5499,2.5497,2.5492,2.5477,2.5441,2.5360,2.5190,2.4866,2.4294,2.3358,2.1929,1.9879,1.7075
1041,2.5500,2.5500,2.5500,2.5500,2.5500,2.5500,2.5500,2.5500,2.5499,2.5497,2.5492,2.5477,2.5441,2.5359,2.5189,2.4865,2.4292,2.3355,2.1926,1.9875,1.7072
1042,2.5500,2.5500,2.5500,2.5500,2.5500,2.5500,2.5500,2.5500,2.5499,2.5497,2.5492,2.5477,2.5441,2.5359,2.5188,2.4863,2.4290,2.3353,2.1923,1.9872,1.7069
1043,2.5500,2.5500,2.5500,2.5500,2.5500,2.5500,2.5500,2.5500,2.5499,2.5497,2.5492,2.5477,2.5440,2.5358,2.5188,2.4862,2.4288,2.3350,2.1920,1.9869,1.7065
1044,2.5500,2.5500,2.5500,2.5500,2.5500,2.5500,2.5500,2.5500,2.5499,2.5497,2.5492,2.5477,2.5440,2.5358,2.5187,2.4861,2.4286,2.3347,2.1916,1.9865,1.7062
1045,2.5500,2.5500,2.5500,2.5500,2.5500,2.5500,2.5500,2.5500,2.5499,2.5497,2.5492,2.5477,2.5440,2.5357,2.5186,2.4859,2.4284,2.3345,2.1913,1.9862,1.7059
1046,2.5500,2.5500,2.5500,2.5500,2.5500,2.5500,2.5500,2.5500,2.5499,2.5497,2.5492,2.5477,2.5440,2.5357,2.5185,2.4858,2.4282,2.3342,2.1910,1.9859,1.7056
1047,2.5500,2.5500,2.5500,2.5500,2.5500,2.5500,2.5500,2.5500,2.5499,2.5497,2.5492,2.5476,2.5439,2.5356,2.5184,2.4857,2.4280,2.3340,2.1907,1.9855,1.7053
1048,2.5500,2.5500,2.5500,2.5500,2.5500,2.5500,2.5500,2.5500,2.5499,2.5497,2.5491,2.5476,2.5439,2.5356,2.5183,2.4855,2.4278,2.3337,2.1904,1.9852,1.7049
1049,2.5500,2.5500,2.5500,2.5500,2.5500,2.5500,2.5500,2.5500,2.5499,2.5497,2.5491,2.5476,2.5439,2.5355,2.5183,2.4854,2.4276,2.3335,2.1901,1.9849,1.7046
1050,2.5500,2.5500,2.5500,2.5500,2.5500,2.5500,2.5500,2.5500,2.5499,2.5497,2.5491,2.5476,2.5439,2.5355,2.5182,2.4853,2.4275,2.3332,2.1898,1.9845,1.7043
1051,2.5500,2.5500,2.5500,2.5500,2.5500,2.5500,2.5500,2.5500,2.5499,2.5497,2.5491,2.5476,2.5438,2.5354,2.5181,2.4851,2.4273,2.3329,2.1895,1.9842,1.7040
1052,2.5500,2.5500,2.5500,2.5500,2.5500,2.5500,2.5500,2.5500,2.5499,2.5497,2.5491,2.5476,2.5438,2.5354,2.5180,2.4850,2.4271,2.3327,2.1892,1.9839,1.7037
1053,2.5500,2.5500,2.5500,2.5500,2.5500,2.5500,2.5500,2.5500,2.5499,2.5497,2.5491,2.5476,2.5438,2.5353,2.5179,2.4849,2.4269,2.3324,2.1889,1.9835,1.7033
1054,2.5500,2.5500,2.5500,2.5500,2.5500,2.5500,2.5500,2.5500,2.5499,2.5497,2.5491,2.5476,2.5438,2.5353,2.5178,2.4847,2.4267,2.3322,2.1886,1.9832,1.7030
1055,2.5500,2.5500,2.5500,2.5500,2.5500,2.5500,2.5500,2.5500,2.5499,2.5497,2.5491,2.5475,2.5437,2.5352,2.5178,2.4846,2.4265,2.3319,2.1883,1.9829,1.7027
1056,2.5500,2.5500,2.5500,2.5500,2.5500,2.5500,2.5500,2.5500,2.5499,2.5497,2.5491,2.5475,2.5437,2.5352,2.5177,2.4845,2.4263,2.3317,2.1880,1.9826,1.7024
1057,2.5500,2.5500,2.5500,2.5500,2.5500,2.5500,2.5500,2.5500,2.5499,2.5497,2.5491,2.5475,2.5437,2.5351,2.5176,2.4843,2.4261,2.3314,2.1877,1.9822,1.7021
1058,2.5500,2.5500,2.5500,2.5500,2.5500,2.5500,2.5500,2.5500,2.5499,2.5497,2.5491,2.5475,2.5437,2.5351,2.5175,2.4842,2.4259,2.3311,2.1873,1.9819,1.7017
1059,2.5500,2.5500,2.5500,2.5500,2.5500,2.5500,2.5500,2.5500,2.5499,2.5497,2.5491,2.5475,2.5436,2.5351,2.5174,2.4841,2.4257,2.3309,2.1870,1.9816,1.7014
1060,2.5500,2.5500,2.5500,2.5500,2.5500,2.5500,2.5500,2.5500,2.5499,2.5497,2.5491,2.5475,2.5436,2.5350,2.5173,2.4839,2.4255,2.3306,2.1867,1.9812,1.7011
1061,2.5500,2.5500,2.5500,2.5500,2.5500,2.5500,2.5500,2.5500,2.5499,2.5497,2.5491,2.5475,2.5436,2.5350,2.5173,2.4838,2.4253,2.3304,2.1864,1.9809,1.7008
1062,2.5500,2.5500,2.5500,2.5500,2.5500,2.5500,2.5500,2.5500,2.5499,2.5497,2.5491,2.5475,2.5436,2.5349,2.5172,2.4837,2.4251,2.3301,2.1861,1.9806,1.7005
1063,2.5500,2.5500,2.5500,2.5500,2.5500,2.5500,2.5500,2.5500,2.5499,2.5497,2.5491,2.5475,2.5435,2.5349,2.5171,2.4835,2.4249,2.3299,2.1858,1.9802,1.7002
1064,2.5500,2.5500,2.5500,2.5500,2.5500,2.5500,2.5500,2.5500,2.5499,2.5497,2.5491,2.5474,2.5435,2.5348,2.5170,2.4834,2.4247,2.3296,2.1855,1.9799,1.6998
1065,2.5500,2.5500,2.5500,2.5500,2.5500,2.5500,2.5500,2.5500,2.5499,2.5497,2.5491,2.5474,2.5435,2.5348,2.5169,2.4833,2.4245,2.3293,2.1852,1.9796,1.6995
1066,2.5500,2.5500,2.5500,2.5500,2.5500,2.5500,2.5500,2.5500,2.5499,2.5497,2.5491,2.5474,2.5435,2.5347,2.5168,2.4831,2.4243,2.3291,2.1849,1.9793,1.6992
1067,2.5500,2.5500,2.5500,2.5500,2.5500,2.5500,2.5500,2.5500,2.5499,2.5497,2.5490,2.5474,2.5434,2.5347,2.5167,2.4830,2.4241,2.3288,2.1846,1.9789,1.6989
1068,2.5500,2.5500,2.5500,2.5500,2.5500,2.5500,2.5500,2.5500,2.5499,2.5497,2.5490,2.5474,2.5434,2.5346,2.5167,2.4829,2.4239,2.3286,2.1843,1.9786,1.6986
1069,2.5500,2.5500,2.5500,2.5500,2.5500,2.5500,2.5500,2.5500,2.5499,2.5497,2.5490,2.5474,2.5434,2.5346,2.5166,2.4827,2.4238,2.3283,2.1840,1.9783,1.6983
1070,2.5500,2.5500,2.5500,2.5500,2.5500,2.5500,2.5500,2.5500,2.5499,2.5497,2.5490,2.5474,2.5434,2.5345,2.5165,2.4826,2.4236,2.3281,2.1837,1.9779,1.6980
1071,2.5500,2.5500,2.5500,2.5500,2.5500,2.5500,2.5500,2.5500,2.5499,2.5497,2.5490,2.5474,2.5433,2.5345,2.5164,2.4824,2.4234,2.3278,2.1834,1.9776,1.6976
1072,2.5500,2.5500,2.5500,2.5500,2.5500,2.5500,2.5500,2.5500,2.5499,2.5497,2.5490,2.5473,2.5433,2.5344,2.5163,2.4823,2.4232,2.3276,2.1831,1.9773,1.6973
1073,2.5500,2.5500,2.5500,2.5500,2.5500,2.5500,2.5500,2.5500,2.5499,2.5497,2.5490,2.5473,2.5433,2.5344,2.5162,2.4822,2.4230,2.3273,2.1828,1.9770,1.6970
1074,2.5500,2.5500,2.5500,2.5500,2.5500,2.5500,2.5500,2.5500,2.5499,2.5497,2.5490,2.5473,2.5433,2.5343,2.5161,2.4820,2.4228,2.3270,2.1825,1.9766,1.6967
1075,2.5500,2.5500,2.5500,2.5500,2.5500,2.5500,2.5500,2.5500,2.5499,2.5497,2.5490,2.5473,2.5432,2.5343,2.5161,2.4819,2.4226,2.3268,2.1822,1.9763,1.6964
1076,2.5500,2.5500,2.5500,2.5500,2.5500,2.5500,2.5500,2.5500,2.5499,2.5497,2.5490,2.5473,2.5432,2.5342,2.5160,2.4818,2.4224,2.3265,2.1819,1.9760,1.6961
1077,2.5500,2.5500,2.5500,2.5500,2.5500,2.5500,2.5500,2.5500,2.5499,2.5497,2.5490,2.5473,2.5432,2.5342,2.5159,2.4816,2.4222,2.3263,2.1816,1.9757,1.6958
1078,2.5500,2.5500,2.5500,2.5500,2.5500,2.5500,2.5500,2.5500,2.5499,2.5497,2.5490,2.5473,2.5432,2.5341,2.5158,2.4815,2.4220,2.3260,2.1813,1.9753,1.6954
1079,2.5500,2.5500,2.5500,2.5500,2.5500,2.5500,2.5500,2.5500,2.5499,2.5497,2.5490,2.5473,2.5431,2.5341,2.5157,2.4814,2.4218,2.3258,2.1810,1.9750,1.6951
1080,2.5500,2.5500,2.5500,2.5500,2.5500,2.5500,2.5500,2.5500,2.5499,2.5497,2.5490,2.5472,2.5431,2.5340,2.5156,2.4812,2.4216,2.3255,2.1806,1.9747,1.6948
1081,2.5500,2.5500,2.5500,2.5500,2.5500,2.5500,2.5500,2.5500,2.5499,2.5496,2.5490,2.5472,2.5431,2.5340,2.5155,2.4811,2.4214,2.3253,2.1803,1.9744,1.6945
1082,2.5500,2.5500,2.5500,2.5500,2.5500,2.5500,2.5500,2.5500,2.5499,2.5496,2.5490,2.5472,2.5431,2.5339,2.5155,2.4810,2.4212,2.3250,2.1800,1.9740,1.6942
1083,2.5500,2.5500,2.5500,2.5500,2.5500,2.5500,2.5500,2.5500,2.5499,2.5496,2.5490,2.5472,2.5430,2.5339,2.5154,2.4808,2.4210,2.3248,2.1797,1.9737,1.6939
1084,2.5500,2.5500,2.5500,2.5500,2.5500,2.5500,2.5500,2.5500,2.5499,2.5496,2.5490,2.5472,2.5430,2.5338,2.5153,2.4807,2.4208,2.3245,2.1794,1.9734,1.6936
1085,2.5500,2.5500,2.5500,2.5500,2.5500,2.5500,2.5500,2.5500,2.5499,2.5496,2.5490,2.5472,2.5430,2.5338,2.5152,2.4805,2.4206,2.3242,2.1791,1.9731,1.6933
1086,2.5500,2.5500,2.5500,2.5500,2.5500,2.5500,2.5500,2.5500,2.5499,2.5496,2.5489,2.5472,2.5430,2.5337,2.5151,2.4804,2.4204,2.3240,2.1788,1.9727,1.6929
1087,2.5500,2.5500,2.5500,2.5500,2.5500,2.5500,2.5500,2.5500,2.5499,2.5496,2.5489,2.5472,2.5429,2.5337,2.5150,2.4803,2.4202,2.3237,2.1785,1.9724,1.6926
1088,2.5500,2.5500,2.5500,2.5500,2.5500,2.5500,2.5500,2.5500,2.5499,2.5496,2.5489,2.5471,2.5429,2.5336,2.5149,2.4801,2.4200,2.3235,2.1782,1.9721,1.6923
1089,2.5500,2.5500,2.5500,2.5500,2.5500,2.5500,2.5500,2.5500,2.5499,2.5496,2.5489,2.5471,2.5429,2.5336,2.5149,2.4800,2.4199,2.3232,2.1779,1.9718,1.6920
1090,2.5500,2.5500,2.5500,2.5500,2.5500,2.5500,2.5500,2.5500,2.5499,2.5496,2.5489,2.5471,2.5428,2.5335,2.5148,2.4799,2.4197,2.3230,2.1776,1.9714,1.6917
1091,2.5500,2.5500,2.5500,2.5500,2.5500,2.5500,2.5500,2.5500,2.5499,2.5496,2.5489,2.5471,2.5428,2.5335,2.5147,2.4797,2.4195,2.3227,2.1773,1.9711,1.6914
1092,2.5500,2.5500,2.5500,2.5500,2.5500,2.5500,2.5500,2.5500,2.5499,2.5496,2.5489,2.5471,2.5428,2.5334,2.5146,2.4796,2.4193,2.3225,2.1770,1.9708,1.6911
1093,2.5500,2.5500,2.5500,2.5500,2.5500,2.5500,2.5500,2.5500,2.5499,2.5496,2.5489,2.5471,2.5428,2.5334,2.5145,2.4795,2.4191,2.3222,2.1767,1.9705,1.6908
1094,2.5500,2.5500,2.5500,2.5500,2.5500,2.5500,2.5500,2.5500,2.5499,2.5496,2.5489,2.5471,2.5427,2.5333,2.5144,2.4793,2.4189,2.3220,2.1764,1.9702,1.6905
1095,2.5500,2.5500,2.5500,2.5500,2.5500,2.5500,2.5500,2.5500,2.5499,2.5496,2.5489,2.5471,2.5427,2.5333,2.5143,2.4792,2.4187,2.3217,2.1761,1.9698,1.6901
1096,2.5500,2.5500,2.5500,2.5500,2.5500,2.5500,2.5500,2.5500,2.5499,2.5496,2.5489,2.5470,2.5427,2.5332,2.5142,2.4790,2.4185,2.3214,2.1758,1.9695,1.6898
1097,2.5500,2.5500,2.5500,2.5500,2.5500,2.5500,2.5500,2.5500,2.5499,2.5496,2.5489,2.5470,2.5427,2.5332,2.5142,2.4789,2.4183,2.3212,2.1755,1.9692,1.6895
1098,2.5500,2.5500,2.5500,2.5500,2.5500,2.5500,2.5500,2.5500,2.5499,2.5496,2.5489,2.5470,2.5426,2.5331,2.5141,2.4788,2.4181,2.3209,2.1752,1.9689,1.6892
1099,2.5500,2.5500,2.5500,2.5500,2.5500,2.5500,2.5500,2.5500,2.5499,2.5496,2.5489,2.5470,2.5426,2.5331,2.5140,2.4786,2.4179,2.3207,2.1749,1.9685,1.6889
1100,2.5500,2.5500,2.5500,2.5500,2.5500,2.5500,2.5500,2.5500,2.5499,2.5496,2.5489,2.5470,2.5426,2.5330,2.5139,2.4785,2.4177,2.3204,2.1746,1.9682,1.6886
1101,2.5500,2.5500,2.5500,2.5500,2.5500,2.5500,2.5500,2.5500,2.5499,2.5496,2.5489,2.5470,2.5425,2.5330,2.5138,2.4784,2.4175,2.3202,2.1743,1.9679,1.6883
1102,2.5500,2.5500,2.5500,2.5500,2.5500,2.5500,2.5500,2.5500,2.5499,2.5496,2.5489,2.5470,2.5425,2.5329,2.5137,2.4782,2.4173,2.3199,2.1740,1.9676,1.6880
1103,2.5500,2.5500,2.5500,2.5500,2.5500,2.5500,2.5500,2.5500,2.5499,2.5496,2.5488,2.5469,2.5425,2.5329,2.5136,2.4781,2.4171,2.3197,2.1737,1.9673,1.6877
1104,2.5500,2.5500,2.5500,2.5500,2.5500,2.5500,2.5500,2.5500,2.5499,2.5496,2.5488,2.5469,2.5425,2.5328,2.5135,2.4780,2.4169,2.3194,2.1734,1.9669,1.6874
1105,2.5500,2.5500,2.5500,2.5500,2.5500,2.5500,2.5500,2.5500,2.5499,2.5496,2.5488,2.5469,2.5424,2.5328,2.5135,2.4778,2.4167,2.3192,2.1731,1.9666,1.6871
1106,2.5500,2.5500,2.5500,2.5500,2.5500,2.5500,2.5500,2.5500,2.5499,2.5496,2.5488,2.5469,2.5424,2.5327,2.5134,2.4777,2.4165,2.3189,2.1728,1.9663,1.6867
1107,2.5500,2.5500,2.5500,2.5500,2.5500,2.5500,2.5500,2.5500,2.5499,2.5496,2.5488,2.5469,2.5424,2.5327,2.5133,2.4775,2.4163,2.3187,2.1725,1.9660,1.6864
1108,2.5500,2.5500,2.5500,2.5500,2.5500,2.5500,2.5500,2.5500,2.5499,2.5496,2.5488,2.5469,2.5424,2.5326,2.5132,2.4774,2.4161,2.3184,2.1722,1.9657,1.6861
1109,2.5500,2.5500,2.5500,2.5500,2.5500,2.5500,2.5500,2.5500,2.5499,2.5496,2.5488,2.5469,2.5423,2.5326,2.5131,2.4773,2.4159,2.3181,2.1719,1.9653,1.6858
1110,2.5500,2.5500,2.5500,2.5500,2.5500,2.5500,2.5500,2.5500,2.5499,2.5496,2.5488,2.5469,2.5423,2.5325,2.5130,2.4771,2.4157,2.3179,2.1716,1.9650,1.6855
1111,2.5500,2.5500,2.5500,2.5500,2.5500,2.5500,2.5500,2.5500,2.5499,2.5496,2.5488,2.5468,2.5423,2.5324,2.5129,2.4770,2.4156,2.3176,2.1713,1.9647,1.6852
1112,2.5500,2.5500,2.5500,2.5500,2.5500,2.5500,2.5500,2.5500,2.5499,2.5496,2.5488,2.5468,2.5422,2.5324,2.5128,2.4769,2.4154,2.3174,2.1710,1.9644,1.6849
1113,2.5500,2.5500,2.5500,2.5500,2.5500,2.5500,2.5500,2.5500,2.5499,2.5496,2.5488,2.5468,2.5422,2.5323,2.5127,2.4767,2.4152,2.3171,2.1707,1.9641,1.6846
1114,2.5500,2.5500,2.5500,2.5500,2.5500,2.5500,2.5500,2.5500,2.5499,2.5496,2.5488,2.5468,2.5422,2.5323,2.5127,2.4766,2.4150,2.3169,2.1704,1.9637,1.6843
1115,2.5500,2.5500,2.5500,2.5500,2.5500,2.5500,2.5500,2.5500,2.5499,2.5496,2.5488,2.5468,2.5422,2.5322,2.5126,2.4764,2.4148,2.3166,2.1701,1.9634,1.6840
1116,2.5500,2.5500,2.5500,2.5500,2.5500,2.5500,2.5500,2.5500,2.5499,2.5496,2.5488,2.5468,2.5421,2.5322,2.5125,2.4763,2.4146,2.3164,2.1698,1.9631,1.6837
1117,2.5500,2.5500,2.5500,2.5500,2.5500,2.5500,2.5500,2.5500,2.5499,2.5496,2.5488,2.5468,2.5421,2.5321,2.5124,2.4762,2.4144,2.3161,2.1695,1.9628,1.6834
1118,2.5500,2.5500,2.5500,2.5500,2.5500,2.5500,2.5500,2.5500,2.5499,2.5496,2.5488,2.5467,2.5421,2.5321,2.5123,2.4760,2.4142,2.3159,2.1692,1.9625,1.6831
1119,2.5500,2.5500,2.5500,2.5500,2.5500,2.5500,2.5500,2.5500,2.5499,2.5496,2.5487,2.5467,2.5420,2.5320,2.5122,2.4759,2.4140,2.3156,2.1689,1.9622,1.6828
1120,2.5500,2.5500,2.5500,2.5500,2.5500,2.5500,2.5500,2.5500,2.5499,2.5496,2.5487,2.5467,2.5420,2.5320,2.5121,2.4757,2.4138,2.3154,2.1686,1.9618,1.6825
1121,2.5500,2.5500,2.5500,2.5500,2.5500,2.5500,2.5500,2.5500,2.5499,2.5496,2.5487,2.5467,2.5420,2.5319,2.5120,2.4756,2.4136,2.3151,2.1683,1.9615,1.6822
1122,2.5500,2.5500,2.5500,2.5500,2.5500,2.5500,2.5500,2.5500,2.5499,2.5495,2.5487,2.5467,2.5420,2.5319,2.5119,2.4755,2.4134,2.3149,2.1681,1.9612,1.6819
1123,2.5500,2.5500,2.5500,2.5500,2.5500,2.5500,2.5500,2.5500,2.5498,2.5495,2.5487,2.5467,2.5419,2.5318,2.5119,2.4753,2.4132,2.3146,2.1678,1.9609,1.6815
1124,2.5500,2.5500,2.5500,2.5500,2.5500,2.5500,2.5500,2.5500,2.5498,2.5495,2.5487,2.5467,2.5419,2.5318,2.5118,2.4752,2.4130,2.3144,2.1675,1.9606,1.6812
1125,2.5500,2.5500,2.5500,2.5500,2.5500,2.5500,2.5500,2.5500,2.5498,2.5495,2.5487,2.5466,2.5419,2.5317,2.5117,2.4751,2.4128,2.3141,2.1672,1.9603,1.6809
1126,2.5500,2.5500,2.5500,2.5500,2.5500,2.5500,2.5500,2.5500,2.5498,2.5495,2.5487,2.5466,2.5418,2.5317,2.5116,2.4749,2.4126,2.3139,2.1669,1.9599,1.6806
1127,2.5500,2.5500,2.5500,2.5500,2.5500,2.5500,2.5500,2.5500,2.5498,2.5495,2.5487,2.5466,2.5418,2.5316,2.5115,2.4748,2.4124,2.3136,2.1666,1.9596,1.6803
1128,2.5500,2.5500,2.5500,2.5500,2.5500,2.5500,2.5500,2.5500,2.5498,2.5495,2.5487,2.5466,2.5418,2.5316,2.5114,2.4746,2.4122,2.3133,2.1663,1.9593,1.6800
1129,2.5500,2.5500,2.5500,2.5500,2.5500,2.5500,2.5500,2.5500,2.5498,2.5495,2.5487,2.5466,2.5418,2.5315,2.5113,2.4745,2.4120,2.3131,2.1660,1.9590,1.6797
1130,2.5500,2.5500,2.5500,2.5500,2.5500,2.5500,2.5500,2.5500,2.5498,2.5495,2.5487,2.5466,2.5417,2.5314,2.5112,2.4744,2.4118,2.3128,2.1657,1.9587,1.6794
1131,2.5500,2.5500,2.5500,2.5500,2.5500,2.5500,2.5500,2.5500,2.5498,2.5495,2.5487,2.5466,2.5417,2.5314,2.5111,2.4742,2.4116,2.3126,2.1654,1.9584,1.6791
1132,2.5500,2.5500,2.5500,2.5500,2.5500,2.5500,2.5500,2.5500,2.5498,2.5495,2.5487,2.5465,2.5417,2.5313,2.5111,2.4741,2.4115,2.3123,2.1651,1.9580,1.6788
1133,2.5500,2.5500,2.5500,2.5500,2.5500,2.5500,2.5500,2.5499,2.5498,2.5495,2.5487,2.5465,2.5416,2.5313,2.5110,2.4739,2.4113,2.3121,2.1648,1.9577,1.6785
1134,2.5500,2.5500,2.5500,2.5500,2.5500,2.5500,2.5500,2.5499,2.5498,2.5495,2.5487,2.5465,2.5416,2.5312,2.5109,2.4738,2.4111,2.3118,2.1645,1.9574,1.6782
1135,2.5500,2.5500,2.5500,2.5500,2.5500,2.5500,2.5500,2.5499,2.5498,2.5495,2.5486,2.5465,2.5416,2.5312,2.5108,2.4737,2.4109,2.3116,2.1642,1.9571,1.6779
1136,2.5500,2.5500,2.5500,2.5500,2.5500,2.5500,2.5500,2.5499,2.5498,2.5495,2.5486,2.5465,2.5416,2.5311,2.5107,2.4735,2.4107,2.3113,2.1639,1.9568,1.6776
1137,2.5500,2.5500,2.5500,2.5500,2.5500,2.5500,2.5500,2.5499,2.5498,2.5495,2.5486,2.5465,2.5415,2.5311,2.5106,2.4734,2.4105,2.3111,2.1636,1.9565,1.6773
1138,2.5500,2.5500,2.5500,2.5500,2.5500,2.5500,2.5500,2.5499,2.5498,2.5495,2.5486,2.5465,2.5415,2.5310,2.5105,2.4733,2.4103,2.3108,2.1633,1.9562,1.6770
1139,2.5500,2.5500,2.5500,2.5500,2.5500,2.5500,2.5500,2.5499,2.5498,2.5495,2.5486,2.5464,2.5415,2.5310,2.5104,2.4731,2.4101,2.3106,2.1630,1.9558,1.6767
1140,2.5500,2.5500,2.5500,2.5500,2.5500,2.5500,2.5500,2.5499,2.5498,2.5495,2.5486,2.5464,2.5414,2.5309,2.5103,2.4730,2.4099,2.3103,2.1627,1.9555,1.6764
1141,2.5500,2.5500,2.5500,2.5500,2.5500,2.5500,2.5500,2.5499,2.5498,2.5495,2.5486,2.5464,2.5414,2.5309,2.5102,2.4728,2.4097,2.3101,2.1624,1.9552,1.6761
1142,2.5500,2.5500,2.5500,2.5500,2.5500,2.5500,2.5500,2.5499,2.5498,2.5495,2.5486,2.5464,2.5414,2.5308,2.5101,2.4727,2.4095,2.3098,2.1621,1.9549,1.6758
1143,2.5500,2.5500,2.5500,2.5500,2.5500,2.5500,2.5500,2.5499,2.5498,2.5495,2.5486,2.5464,2.5413,2.5307,2.5101,2.4726,2.4093,2.3096,2.1618,1.9546,1.6755
1144,2.5500,2.5500,2.5500,2.5500,2.5500,2.5500,2.5500,2.5499,2.5498,2.5495,2.5486,2.5464,2.5413,2.5307,2.5100,2.4724,2.4091,2.3093,2.1616,1.9543,1.6752
1145,2.5500,2.5500,2.5500,2.5500,2.5500,2.5500,2.5500,2.5499,2.5498,2.5495,2.5486,2.5464,2.5413,2.5306,2.5099,2.4723,2.4089,2.3091,2.1613,1.9540,1.6749
1146,2.5500,2.5500,2.5500,2.5500,2.5500,2.5500,2.5500,2.5499,2.5498,2.5495,2.5486,2.5463,2.5413,2.5306,2.5098,2.4721,2.4087,2.3088,2.1610,1.9536,1.6746
1147,2.5500,2.5500,2.5500,2.5500,2.5500,2.5500,2.5500,2.5499,2.5498,2.5495,2.5486,2.5463,2.5412,2.5305,2.5097,2.4720,2.4085,2.3086,2.1607,1.9533,1.6743
1148,2.5500,2.5500,2.5500,2.5500,2.5500,2.5500,2.5500,2.5499,2.5498,2.5495,2.5486,2.5463,2.5412,2.5305,2.5096,2.4719,2.4083,2.3083,2.1604,1.9530,1.6740
1149,2.5500,2.5500,2.5500,2.5500,2.5500,2.5500,2.5500,2.5499,2.5498,2.5495,2.5485,2.5463,2.5412,2.5304,2.5095,2.4717,2.4081,2.3081,2.1601,1.9527,1.6737
1150,2.5500,2.5500,2.5500,2.5500,2.5500,2.5500,2.5500,2.5499,2.5498,2.5495,2.5485,2.5463,2.5411,2.5304,2.5094,2.4716,2.4079,2.3078,2.1598,1.9524,1.6734
1151,2.5500,2.5500,2.5500,2.5500,2.5500,2.5500,2.5500,2.5499,2.5498,2.5495,2.5485,2.5463,2.5411,2.5303,2.5093,2.4714,2.4077,2.3076,2.1595,1.9521,1.6731
1152,2.5500,2.5500,2.5500,2.5500,2.5500,2.5500,2.5500,2.5499,2.5498,2.5495,2.5485,2.5462,2.5411,2.5303,2.5092,2.4713,2.4075,2.3073,2.1592,1.9518,1.6728
1153,2.5500,2.5500,2.5500,2.5500,2.5500,2.5500,2.5500,2.5499,2.5498,2.5495,2.5485,2.5462,2.5410,2.5302,2.5091,2.4712,2.4073,2.3071,2.1589,1.9515,1.6725
1154,2.5500,2.5500,2.5500,2.5500,2.5500,2.5500,2.5500,2.5499,2.5498,2.5495,2.5485,2.5462,2.5410,2.5301,2.5091,2.4710,2.4072,2.3068,2.1586,1.9512,1.6722
1155,2.5500,2.5500,2.5500,2.5500,2.5500,2.5500,2.5500,2.5499,2.5498,2.5495,2.5485,2.5462,2.5410,2.5301,2.5090,2.4709,2.4070,2.3066,2.1583,1.9508,1.6719
1156,2.5500,2.5500,2.5500,2.5500,2.5500,2.5500,2.5500,2.5499,2.5498,2.5495,2.5485,2.5462,2.5410,2.5300,2.5089,2.4707,2.4068,2.3063,2.1580,1.9505,1.6716
1157,2.5500,2.5500,2.5500,2.5500,2.5500,2.5500,2.5500,2.5499,2.5498,2.5494,2.5485,2.5462,2.5409,2.5300,2.5088,2.4706,2.4066,2.3061,2.1577,1.9502,1.6713
1158,2.5500,2.5500,2.5500,2.5500,2.5500,2.5500,2.5500,2.5499,2.5498,2.5494,2.5485,2.5462,2.5409,2.5299,2.5087,2.4705,2.4064,2.3058,2.1575,1.9499,1.6710
1159,2.5500,2.5500,2.5500,2.5500,2.5500,2.5500,2.5500,2.5499,2.5498,2.5494,2.5485,2.5461,2.5409,2.5299,2.5086,2.4703,2.4062,2.3056,2.1572,1.9496,1.6707
1160,2.5500,2.5500,2.5500,2.5500,2.5500,2.5500,2.5500,2.5499,2.5498,2.5494,2.5485,2.5461,2.5408,2.5298,2.5085,2.4702,2.4060,2.3053,2.1569,1.9493,1.6704
1161,2.5500,2.5500,2.5500,2.5500,2.5500,2.5500,2.5500,2.5499,2.5498,2.5494,2.5485,2.5461,2.5408,2.5298,2.5084,2.4700,2.4058,2.3051,2.1566,1.9490,1.6701
1162,2.5500,2.5500,2.5500,2.5500,2.5500,2.5500,2.5500,2.5499,2.5498,2.5494,2.5485,2.5461,2.5408,2.5297,2.5083,2.4699,2.4056,2.3048,2.1563,1.9487,1.6698
1163,2.5500,2.5500,2.5500,2.5500,2.5500,2.5500,2.5500,2.5499,2.5498,2.5494,2.5484,2.5461,2.5407,2.5297,2.5082,2.4698,2.4054,2.3046,2.1560,1.9484,1.6695
1164,2.5500,2.5500,2.5500,2.5500,2.5500,2.5500,2.5500,2.5499,2.5498,2.5494,2.5484,2.5461,2.5407,2.5296,2.5081,2.4696,2.4052,2.3043,2.1557,1.9481,1.6692
1165,2.5500,2.5500,2.5500,2.5500,2.5500,2.5500,2.5500,2.5499,2.5498,2.5494,2.5484,2.5460,2.5407,2.5295,2.5080,2.4695,2.4050,2.3041,2.1554,1.9477,1.6689
1166,2.5500,2.5500,2.5500,2.5500,2.5500,2.5500,2.5500,2.5499,2.5498,2.5494,2.5484,2.5460,2.5407,2.5295,2.5079,2.4693,2.4048,2.3038,2.1551,1.9474,1.6686
1167,2.5500,2.5500,2.5500,2.5500,2.5500,2.5500,2.5500,2.5499,2.5498,2.5494,2.5484,2.5460,2.5406,2.5294,2.5079,2.4692,2.4046,2.3036,2.1548,1.9471,1.6684
1168,2.5500,2.5500,2.5500,2.5500,2.5500,2.5500,2.5500,2.5499,2.5498,2.5494,2.5484,2.5460,2.5406,2.5294,2.5078,2.4691,2.4044,2.3033,2.1545,1.9468,1.6681
1169,2.5500,2.5500,2.5500,2.5500,2.5500,2.5500,2.5500,2.5499,2.5498,2.5494,2.5484,2.5460,2.5406,2.5293,2.5077,2.4689,2.4042,2.3031,2.1543,1.9465,1.6678
1170,2.5500,2.5500,2.5500,2.5500,2.5500,2.5500,2.5500,2.5499,2.5498,2.5494,2.5484,2.5460,2.5405,2.5293,2.5076,2.4688,2.4040,2.3028,2.1540,1.9462,1.6675
1171,2.5500,2.5500,2.5500,2.5500,2.5500,2.5500,2.5500,2.5499,2.5498,2.5494,2.5484,2.5459,2.5405,2.5292,2.5075,2.4686,2.4038,2.3026,2.1537,1.9459,1.6672
1172,2.5500,2.5500,2.5500,2.5500,2.5500,2.5500,2.5500,2.5499,2.5498,2.5494,2.5484,2.5459,2.5405,2.5291,2.5074,2.4685,2.4036,2.3023,2.1534,1.9456,1.6669
1173,2.5500,2.5500,2.5500,2.5500,2.5500,2.5500,2.5500,2.5499,2.5498,2.5494,2.5484,2.5459,2.5404,2.5291,2.5073,2.4684,2.4034,2.3021,2.1531,1.9453,1.6666
1174,2.5500,2.5500,2.5500,2.5500,2.5500,2.5500,2.5500,2.5499,2.5498,2.5494,2.5484,2.5459,2.5404,2.5290,2.5072,2.4682,2.4032,2.3018,2.1528,1.9450,1.6663
1175,2.5500,2.5500,2.5500,2.5500,2.5500,2.5500,2.5500,2.5499,2.5498,2.5494,2.5484,2.5459,2.5404,2.5290,2.5071,2.4681,2.4030,2.3016,2.1525,1.9447,1.6660
1176,2.5500,2.5500,2.5500,2.5500,2.5500,2.5500,2.5500,2.5499,2.5498,2.5494,2.5484,2.5459,2.5403,2.5289,2.5070,2.4679,2.4029,2.3013,2.1522,1.9444,1.6657
1177,2.5500,2.5500,2.5500,2.5500,2.5500,2.5500,2.5500,2.5499,2.5498,2.5494,2.5483,2.5459,2.5403,2.5289,2.5069,2.4678,2.4027,2.3011,2.1519,1.9441,1.6654
1178,2.5500,2.5500,2.5500,2.5500,2.5500,2.5500,2.5500,2.5499,2.5498,2.5494,2.5483,2.5458,2.5403,2.5288,2.5068,2.4677,2.4025,2.3008,2.1516,1.9437,1.6651
1179,2.5500,2.5500,2.5500,2.5500,2.5500,2.5500,2.5500,2.5499,2.5498,2.5494,2.5483,2.5458,2.5402,2.5288,2.5067,2.4675,2.4023,2.3006,2.1514,1.9434,1.6648
1180,2.5500,2.5500,2.5500,2.5500,2.5500,2.5500,2.5500,2.5499,2.5498,2.5494,2.5483,2.5458,2.5402,2.5287,2.5066,2.4674,2.4021,2.3003,2.1511,1.9431,1.6645
1181,2.5500,2.5500,2.5500,2.5500,2.5500,2.5500,2.5500,2.5499,2.5498,2.5494,2.5483,2.5458,2.5402,2.5286,2.5066,2.4672,2.4019,2.3001,2.1508,1.9428,1.6642
1182,2.5500,2.5500,2.5500,2.5500,2.5500,2.5500,2.5500,2.5499,2.5498,2.5494,2.5483,2.5458,2.5401,2.5286,2.5065,2.4671,2.4017,2.2998,2.1505,1.9425,1.6639
1183,2.5500,2.5500,2.5500,2.5500,2.5500,2.5500,2.5500,2.5499,2.5498,2.5494,2.5483,2.5458,2.5401,2.5285,2.5064,2.4669,2.4015,2.2996,2.1502,1.9422,1.6636
1184,2.5500,2.5500,2.5500,2.5500,2.5500,2.5500,2.5500,2.5499,2.5498,2.5494,2.5483,2.5457,2.5401,2.5285,2.5063,2.4668,2.4013,2.2993,2.1499,1.9419,1.6634
1185,2.5500,2.5500,2.5500,2.5500,2.5500,2.5500,2.5500,2.5499,2.5498,2.5494,2.5483,2.5457,2.5401,2.5284,2.5062,2.4667,2.4011,2.2991,2.1496,1.9416,1.6631
1186,2.5500,2.5500,2.5500,2.5500,2.5500,2.5500,2.5500,2.5499,2.5498,2.5494,2.5483,2.5457,2.5400,2.5284,2.5061,2.4665,2.4009,2.2988,2.1493,1.9413,1.6628
1187,2.5500,2.5500,2.5500,2.5500,2.5500,2.5500,2.5500,2.5499,2.5498,2.5493,2.5483,2.5457,2.5400,2.5283,2.5060,2.4664,2.4007,2.2986,2.1490,1.9410,1.6625
1188,2.5500,2.5500,2.5500,2.5500,2.5500,2.5500,2.5500,2.5499,2.5498,2.5493,2.5483,2.5457,2.5400,2.5282,2.5059,2.4662,2.4005,2.2984,2.1488,1.9407,1.6622
1189,2.5500,2.5500,2.5500,2.5500,2.5500,2.5500,2.5500,2.5499,2.5498,2.5493,2.5483,2.5457,2.5399,2.5282,2.5058,2.4661,2.4003,2.2981,2.1485,1.9404,1.6619
1190,2.5500,2.5500,2.5500,2.5500,2.5500,2.5500,2.5500,2.5499,2.5498,2.5493,2.5482,2.5456,2.5399,2.5281,2.5057,2.4660,2.4001,2.2979,2.1482,1.9401,1.6616
1191,2.5500,2.5500,2.5500,2.5500,2.5500,2.5500,2.5500,2.5499,2.5498,2.5493,2.5482,2.5456,2.5399,2.5281,2.5056,2.4658,2.3999,2.2976,2.1479,1.9398,1.6613
1192,2.5500,2.5500,2.5500,2.5500,2.5500,2.5500,2.5500,2.5499,2.5498,2.5493,2.5482,2.5456,2.5398,2.5280,2.5055,2.4657,2.3997,2.2974,2.1476,1.9395,1.6610
1193,2.5500,2.5500,2.5500,2.5500,2.5500,2.5500,2.5500,2.5499,2.5498,2.5493,2.5482,2.5456,2.5398,2.5280,2.5054,2.4655,2.3995,2.2971,2.1473,1.9392,1.6607
1194,2.5500,2.5500,2.5500,2.5500,2.5500,2.5500,2.5500,2.5499,2.5498,2.5493,2.5482,2.5456,2.5398,2.5279,2.5053,2.4654,2.3993,2.2969,2.1470,1.9389,1.6604
1195,2.5500,2.5500,2.5500,2.5500,2.5500,2.5500,2.5500,2.5499,2.5498,2.5493,2.5482,2.5456,2.5397,2.5278,2.5052,2.4653,2.3991,2.2966,2.1467,1.9386,1.6601
1196,2.5500,2.5500,2.5500,2.5500,2.5500,2.5500,2.5500,2.5499,2.5498,2.5493,2.5482,2.5455,2.5397,2.5278,2.5051,2.4651,2.3989,2.2964,2.1465,1.9383,1.6599
1197,2.5500,2.5500,2.5500,2.5500,2.5500,2.5500,2.5500,2.5499,2.5498,2.5493,2.5482,2.5455,2.5397,2.5277,2.5051,2.4650,2.3987,2.2961,2.1462,1.9380,1.6596
1198,2.5500,2.5500,2.5500,2.5500,2.5500,2.5500,2.5500,2.5499,2.5498,2.5493,2.5482,2.5455,2.5396,2.5277,2.5050,2.4648,2.3986,2.2959,2.1459,1.9376,1.6593
1199,2.5500,2.5500,2.5500,2.5500,2.5500,2.5500,2.5500,2.5499,2.5498,2.5493,2.5482,2.5455,2.5396,2.5276,2.5049,2.4647,2.3984,2.2956,2.1456,1.9373,1.6590
1200,2.5500,2.5500,2.5500,2.5500,2.5500,2.5500,2.5500,2.5499,2.5498,2.5493,2.5482,2.5455,2.5396,2.5275,2.5048,2.4645,2.3982,2.2954,2.1453,1.9370,1.6587
1201,2.5500,2.5500,2.5500,2.5500,2.5500,2.5500,2.5500,2.5499,2.5498,2.5493,2.5482,2.5455,2.5395,2.5275,2.5047,2.4644,2.3980,2.2951,2.1450,1.9367,1.6584
1202,2.5500,2.5500,2.5500,2.5500,2.5500,2.5500,2.5500,2.5499,2.5498,2.5493,2.5481,2.5454,2.5395,2.5274,2.5046,2.4643,2.3978,2.2949,2.1447,1.9364,1.6581
1203,2.5500,2.5500,2.5500,2.5500,2.5500,2.5500,2.5500,2.5499,2.5497,2.5493,2.5481,2.5454,2.5395,2.5274,2.5045,2.4641,2.3976,2.2946,2.1445,1.9361,1.6578
1204,2.5500,2.5500,2.5500,2.5500,2.5500,2.5500,2.5500,2.5499,2.5497,2.5493,2.5481,2.5454,2.5394,2.5273,2.5044,2.4640,2.3974,2.2944,2.1442,1.9358,1.6575
1205,2.5500,2.5500,2.5500,2.5500,2.5500,2.5500,2.5500,2.5499,2.5497,2.5493,2.5481,2.5454,2.5394,2.5273,2.5043,2.4638,2.3972,2.2941,2.1439,1.9355,1.6573
1206,2.5500,2.5500,2.5500,2.5500,2.5500,2.5500,2.5500,2.5499,2.5497,2.5493,2.5481,2.5454,2.5394,2.5272,2.5042,2.4637,2.3970,2.2939,2.1436,1.9352,1.6570
1207,2.5500,2.5500,2.5500,2.5500,2.5500,2.5500,2.5500,2.5499,2.5497,2.5493,2.5481,2.5453,2.5393,2.5271,2.5041,2.4635,2.3968,2.2937,2.1433,1.9349,1.6567
1208,2.5500,2.5500,2.5500,2.5500,2.5500,2.5500,2.5500,2.5499,2.5497,2.5493,2.5481,2.5453,2.5393,2.5271,2.5040,2.4634,2.3966,2.2934,2.1430,1.9346,1.6564
1209,2.5500,2.5500,2.5500,2.5500,2.5500,2.5500,2.5500,2.5499,2.5497,2.5493,2.5481,2.5453,2.5393,2.5270,2.5039,2.4633,2.3964,2.2932,2.1427,1.9343,1.6561
1210,2.5500,2.5500,2.5500,2.5500,2.5500,2.5500,2.5500,2.5499,2.5497,2.5493,2.5481,2.5453,2.5392,2.5270,2.5038,2.4631,2.3962,2.2929,2.1425,1.9340,1.6558
1211,2.5500,2.5500,2.5500,2.5500,2.5500,2.5500,2.5500,2.5499,2.5497,2.5493,2.5481,2.5453,2.5392,2.5269,2.5037,2.4630,2.3960,2.2927,2.1422,1.9337,1.6555
1212,2.5500,2.5500,2.5500,2.5500,2.5500,2.5500,2.5500,2.5499,2.5497,2.5493,2.5481,2.5453,2.5392,2.5268,2.5036,2.4628,2.3958,2.2924,2.1419,1.9334,1.6552
1213,2.5500,2.5500,2.5500,2.5500,2.5500,2.5500,2.5500,2.5499,2.5497,2.5493,2.5481,2.5452,2.5391,2.5268,2.5035,2.4627,2.3956,2.2922,2.1416,1.9331,1.6549
1214,2.5500,2.5500,2.5500,2.5500,2.5500,2.5500,2.5500,2.5499,2.5497,2.5493,2.5480,2.5452,2.5391,2.5267,2.5034,2.4626,2.3954,2.2919,2.1413,1.9328,1.6547
1215,2.5500,2.5500,2.5500,2.5500,2.5500,2.5500,2.5500,2.5499,2.5497,2.5492,2.5480,2.5452,2.5391,2.5267,2.5033,2.4624,2.3952,2.2917,2.1410,1.9325,1.6544
1216,2.5500,2.5500,2.5500,2.5500,2.5500,2.5500,2.5500,2.5499,2.5497,2.5492,2.5480,2.5452,2.5390,2.5266,2.5032,2.4623,2.3950,2.2914,2.1407,1.9322,1.6541
1217,2.5500,2.5500,2.5500,2.5500,2.5500,2.5500,2.5500,2.5499,2.5497,2.5492,2.5480,2.5452,2.5390,2.5265,2.5031,2.4621,2.3948,2.2912,2.1405,1.9319,1.6538
1218,2.5500,2.5500,2.5500,2.5500,2.5500,2.5500,2.5500,2.5499,2.5497,2.5492,2.5480,2.5452,2.5390,2.5265,2.5031,2.4620,2.3946,2.2909,2.1402,1.9316,1.6535
1219,2.5500,2.5500,2.5500,2.5500,2.5500,2.5500,2.5500,2.5499,2.5497,2.5492,2.5480,2.5451,2.5389,2.5264,2.5030,2.4618,2.3944,2.2907,2.1399,1.9313,1.6532
1220,2.5500,2.5500,2.5500,2.5500,2.5500,2.5500,2.5500,2.5499,2.5497,2.5492,2.5480,2.5451,2.5389,2.5264,2.5029,2.4617,2.3943,2.2905,2.1396,1.9310,1.6529
1221,2.5500,2.5500,2.5500,2.5500,2.5500,2.5500,2.5500,2.5499,2.5497,2.5492,2.5480,2.5451,2.5389,2.5263,2.5028,2.4616,2.3941,2.2902,2.1393,1.9307,1.6527
1222,2.5500,2.5500,2.5500,2.5500,2.5500,2.5500,2.5500,2.5499,2.5497,2.5492,2.5480,2.5451,2.5388,2.5262,2.5027,2.4614,2.3939,2.2900,2.1390,1.9304,1.6524
1223,2.5500,2.5500,2.5500,2.5500,2.5500,2.5500,2.5500,2.5499,2.5497,2.5492,2.5480,2.5451,2.5388,2.5262,2.5026,2.4613,2.3937,2.2897,2.1388,1.9301,1.6521
1224,2.5500,2.5500,2.5500,2.5500,2.5500,2.5500,2.5500,2.5499,2.5497,2.5492,2.5480,2.5450,2.5388,2.5261,2.5025,2.4611,2.3935,2.2895,2.1385,1.9298,1.6518
1225,2.5500,2.5500,2.5500,2.5500,2.5500,2.5500,2.5500,2.5499,2.5497,2.5492,2.5479,2.5450,2.5387,2.5261,2.5024,2.4610,2.3933,2.2892,2.1382,1.9295,1.6515
1226,2.5500,2.5500,2.5500,2.5500,2.5500,2.5500,2.5500,2.5499,2.5497,2.5492,2.5479,2.5450,2.5387,2.5260,2.5023,2.4608,2.3931,2.2890,2.1379,1.9292,1.6512
1227,2.5500,2.5500,2.5500,2.5500,2.5500,2.5500,2.5500,2.5499,2.5497,2.5492,2.5479,2.5450,2.5387,2.5259,2.5022,2.4607,2.3929,2.2887,2.1376,1.9289,1.6509
1228,2.5500,2.5500,2.5500,2.5500,2.5500,2.5500,2.5500,2.5499,2.5497,2.5492,2.5479,2.5450,2.5386,2.5259,2.5021,2.4606,2.3927,2.2885,2.1373,1.9286,1.6507
1229,2.5500,2.5500,2.5500,2.5500,2.5500,2.5500,2.5500,2.5499,2.5497,2.5492,2.5479,2.5450,2.5386,2.5258,2.5020,2.4604,2.3925,2.2882,2.1371,1.9283,1.6504
1230,2.5500,2.5500,2.5500,2.5500,2.5500,2.5500,2.5500,2.5499,2.5497,2.5492,2.5479,2.5449,2.5386,2.5258,2.5019,2.4603,2.3923,2.2880,2.1368,1.9280,1.6501
1231,2.5500,2.5500,2.5500,2.5500,2.5500,2.5500,2.5500,2.5499,2.5497,2.5492,2.5479,2.5449,2.5385,2.5257,2.5018,2.4601,2.3921,2.2878,2.1365,1.9277,1.6498
1232,2.5500,2.5500,2.5500,2.5500,2.5500,2.5500,2.5500,2.5499,2.5497,2.5492,2.5479,2.5449,2.5385,2.5256,2.5017,2.4600,2.3919,2.2875,2.1362,1.9274,1.6495
1233,2.5500,2.5500,2.5500,2.5500,2.5500,2.5500,2.5500,2.5499,2.5497,2.5492,2.5479,2.5449,2.5385,2.5256,2.5016,2.4598,2.3917,2.2873,2.1359,1.9271,1.6492
1234,2.5500,2.5500,2.5500,2.5500,2.5500,2.5500,2.5500,2.5499,2.5497,2.5492,2.5479,2.5449,2.5384,2.5255,2.5015,2.4597,2.3915,2.2870,2.1357,1.9268,1.6489
1235,2.5500,2.5500,2.5500,2.5500,2.5500,2.5500,2.5500,2.5499,2.5497,2.5492,2.5479,2.5448,2.5384,2.5255,2.5014,2.4596,2.3913,2.2868,2.1354,1.9266,1.6487
1236,2.5500,2.5500,2.5500,2.5500,2.5500,2.5500,2.5500,2.5499,2.5497,2.5492,2.5479,2.5448,2.5383,2.5254,2.5013,2.4594,2.3911,2.2865,2.1351,1.9263,1.6484
1237,2.5500,2.5500,2.5500,2.5500,2.5500,2.5500,2.5500,2.5499,2.5497,2.5492,2.5478,2.5448,2.5383,2.5253,2.5012,2.4593,2.3909,2.2863,2.1348,1.9260,1.6481
1238,2.5500,2.5500,2.5500,2.5500,2.5500,2.5500,2.5500,2.5499,2.5497,2.5492,2.5478,2.5448,2.5383,2.5253,2.5011,2.4591,2.3907,2.2860,2.1345,1.9257,1.6478
1239,2.5500,2.5500,2.5500,2.5500,2.5500,2.5500,2.5500,2.5499,2.5497,2.5492,2.5478,2.5448,2.5382,2.5252,2.5010,2.4590,2.3905,2.2858,2.1342,1.9254,1.6475
1240,2.5500,2.5500,2.5500,2.5500,2.5500,2.5500,2.5500,2.5499,2.5497,2.5491,2.5478,2.5448,2.5382,2.5252,2.5009,2.4588,2.3903,2.2856,2.1340,1.9251,1.6472
1241,2.5500,2.5500,2.5500,2.5500,2.5500,2.5500,2.5500,2.5499,2.5497,2.5491,2.5478,2.5447,2.5382,2.5251,2.5008,2.4587,2.3902,2.2853,2.1337,1.9248,1.6470
1242,2.5500,2.5500,2.5500,2.5500,2.5500,2.5500,2.5500,2.5499,2.5497,2.5491,2.5478,2.5447,2.5381,2.5250,2.5007,2.4585,2.3900,2.2851,2.1334,1.9245,1.6467
1243,2.5500,2.5500,2.5500,2.5500,2.5500,2.5500,2.5500,2.5499,2.5497,2.5491,2.5478,2.5447,2.5381,2.5250,2.5006,2.4584,2.3898,2.2848,2.1331,1.9242,1.6464
1244,2.5500,2.5500,2.5500,2.5500,2.5500,2.5500,2.5500,2.5499,2.5497,2.5491,2.5478,2.5447,2.5381,2.5249,2.5005,2.4583,2.3896,2.2846,2.1328,1.9239,1.6461
1245,2.5500,2.5500,2.5500,2.5500,2.5500,2.5500,2.5500,2.5499,2.5497,2.5491,2.5478,2.5447,2.5380,2.5249,2.5004,2.4581,2.3894,2.2843,2.1326,1.9236,1.6458
1246,2.5500,2.5500,2.5500,2.5500,2.5500,2.5500,2.5500,2.5499,2.5497,2.5491,2.5478,2.5446,2.5380,2.5248,2.5003,2.4580,2.3892,2.2841,2.1323,1.9233,1.6456
1247,2.5500,2.5500,2.5500,2.5500,2.5500,2.5500,2.5500,2.5499,2.5497,2.5491,2.5477,2.5446,2.5380,2.5247,2.5002,2.4578,2.3890,2.2838,2.1320,1.9230,1.6453
1248,2.5500,2.5500,2.5500,2.5500,2.5500,2.5500,2.5500,2.5499,2.5497,2.5491,2.5477,2.5446,2.5379,2.5247,2.5001,2.4577,2.3888,2.2836,2.1317,1.9227,1.6450
1249,2.5500,2.5500,2.5500,2.5500,2.5500,2.5500,2.5500,2.5499,2.5497,2.5491,2.5477,2.5446,2.5379,2.5246,2.5000,2.4575,2.3886,2.2834,2.1314,1.9224,1.6447
1250,2.5500,2.5500,2.5500,2.5500,2.5500,2.5500,2.5500,2.5499,2.5497,2.5491,2.5477,2.5446,2.5379,2.5246,2.5000,2.4574,2.3884,2.2831,2.1312,1.9221,1.6444
1251,2.5500,2.5500,2.5500,2.5500,2.5500,2.5500,2.5500,2.5499,2.5497,2.5491,2.5477,2.5445,2.5378,2.5245,2.4999,2.4573,2.3882,2.2829,2.1309,1.9218,1.6441
1252,2.5500,2.5500,2.5500,2.5500,2.5500,2.5500,2.5500,2.5499,2.5497,2.5491,2.5477,2.5445,2.5378,2.5244,2.4998,2.4571,2.3880,2.2826,2.1306,1.9215,1.6439
1253,2.5500,2.5500,2.5500,2.5500,2.5500,2.5500,2.5500,2.5499,2.5497,2.5491,2.5477,2.5445,2.5377,2.5244,2.4997,2.4570,2.3878,2.2824,2.1303,1.9212,1.6436
1254,2.5500,2.5500,2.5500,2.5500,2.5500,2.5500,2.5500,2.5499,2.5497,2.5491,2.5477,2.5445,2.5377,2.5243,2.4996,2.4568,2.3876,2.2821,2.1300,1.9209,1.6433
1255,2.5500,2.5500,2.5500,2.5500,2.5500,2.5500,2.5500,2.5499,2.5497,2.5491,2.5477,2.5445,2.5377,2.5242,2.4995,2.4567,2.3874,2.2819,2.1298,1.9207,1.6430
1256,2.5500,2.5500,2.5500,2.5500,2.5500,2.5500,2.5500,2.5499,2.5497,2.5491,2.5477,2.5444,2.5376,2.5242,2.4994,2.4565,2.3872,2.2817,2.1295,1.9204,1.6427
1257,2.5500,2.5500,2.5500,2.5500,2.5500,2.5500,2.5500,2.5499,2.5497,2.5491,2.5477,2.5444,2.5376,2.5241,2.4993,2.4564,2.3870,2.2814,2.1292,1.9201,1.6425
1258,2.5500,2.5500,2.5500,2.5500,2.5500,2.5500,2.5500,2.5499,2.5497,2.5491,2.5476,2.5444,2.5376,2.5241,2.4992,2.4562,2.3868,2.2812,2.1289,1.9198,1.6422
1259,2.5500,2.5500,2.5500,2.5500,2.5500,2.5500,2.5500,2.5499,2.5497,2.5491,2.5476,2.5444,2.5375,2.5240,2.4991,2.4561,2.3866,2.2809,2.1286,1.9195,1.6419
1260,2.5500,2.5500,2.5500,2.5500,2.5500,2.5500,2.5500,2.5499,2.5497,2.5491,2.5476,2.5444,2.5375,2.5239,2.4990,2.4560,2.3864,2.2807,2.1284,1.9192,1.6416
1261,2.5500,2.5500,2.5500,2.5500,2.5500,2.5500,2.5500,2.5499,2.5496,2.5491,2.5476,2.5444,2.5375,2.5239,2.4989,2.4558,2.3863,2.2804,2.1281,1.9189,1.6413
1262,2.5500,2.5500,2.5500,2.5500,2.5500,2.5500,2.5500,2.5499,2.5496,2.5491,2.5476,2.5443,2.5374,2.5238,2.4988,2.4557,2.3861,2.2802,2.1278,1.9186,1.6411
1263,2.5500,2.5500,2.5500,2.5500,2.5500,2.5500,2.5500,2.5499,2.5496,2.5490,2.5476,2.5443,2.5374,2.5237,2.4987,2.4555,2.3859,2.2800,2.1275,1.9183,1.6408
1264,2.5500,2.5500,2.5500,2.5500,2.5500,2.5500,2.5500,2.5499,2.5496,2.5490,2.5476,2.5443,2.5373,2.5237,2.4986,2.4554,2.3857,2.2797,2.1273,1.9180,1.6405
1265,2.5500,2.5500,2.5500,2.5500,2.5500,2.5500,2.5500,2.5499,2.5496,2.5490,2.5476,2.5443,2.5373,2.5236,2.4985,2.4552,2.3855,2.2795,2.1270,1.9177,1.6402
1266,2.5500,2.5500,2.5500,2.5500,2.5500,2.5500,2.5500,2.5499,2.5496,2.5490,2.5476,2.5443,2.5373,2.5236,2.4984,2.4551,2.3853,2.2792,2.1267,1.9174,1.6399
1267,2.5500,2.5500,2.5500,2.5500,2.5500,2.5500,2.5500,2.5499,2.5496,2.5490,2.5476,2.5442,2.5372,2.5235,2.4983,2.4549,2.3851,2.2790,2.1264,1.9171,1.6397
1268,2.5500,2.5500,2.5500,2.5500,2.5500,2.5500,2.5500,2.5499,2.5496,2.5490,2.5475,2.5442,2.5372,2.5234,2.4982,2.4548,2.3849,2.2787,2.1261,1.9168,1.6394
1269,2.5500,2.5500,2.5500,2.5500,2.5500,2.5500,2.5500,2.5499,2.5496,2.5490,2.5475,2.5442,2.5372,2.5234,2.4981,2.4547,2.3847,2.2785,2.1259,1.9166,1.6391
1270,2.5500,2.5500,2.5500,2.5500,2.5500,2.5500,2.5500,2.5499,2.5496,2.5490,2.5475,2.5442,2.5371,2.5233,2.4980,2.4545,2.3845,2.2783,2.1256,1.9163,1.6388
1271,2.5500,2.5500,2.5500,2.5500,2.5500,2.5500,2.5500,2.5499,2.5496,2.5490,2.5475,2.5442,2.5371,2.5232,2.4979,2.4544,2.3843,2.2780,2.1253,1.9160,1.6386
1272,2.5500,2.5500,2.5500,2.5500,2.5500,2.5500,2.5500,2.5499,2.5496,2.5490,2.5475,2.5441,2.5371,2.5232,2.4978,2.4542,2.3841,2.2778,2.1250,1.9157,1.6383
1273,2.5500,2.5500,2.5500,2.5500,2.5500,2.5500,2.5500,2.5499,2.5496,2.5490,2.5475,2.5441,2.5370,2.5231,2.4977,2.4541,2.3839,2.2775,2.1248,1.9154,1.6380
1274,2.5500,2.5500,2.5500,2.5500,2.5500,2.5500,2.5500,2.5499,2.5496,2.5490,2.5475,2.5441,2.5370,2.5231,2.4976,2.4539,2.3837,2.2773,2.1245,1.9151,1.6377
1275,2.5500,2.5500,2.5500,2.5500,2.5500,2.5500,2.5500,2.5499,2.5496,2.5490,2.5475,2.5441,2.5369,2.5230,2.4975,2.4538,2.3835,2.2770,2.1242,1.9148,1.6374
1276,2.5500,2.5500,2.5500,2.5500,2.5500,2.5500,2.5500,2.5499,2.5496,2.5490,2.5475,2.5441,2.5369,2.5229,2.4974,2.4536,2.3833,2.2768,2.1239,1.9145,1.6372
1277,2.5500,2.5500,2.5500,2.5500,2.5500,2.5500,2.5500,2.5499,2.5496,2.5490,2.5475,2.5440,2.5369,2.5229,2.4973,2.4535,2.3831,2.2766,2.1237,1.9142,1.6369
1278,2.5500,2.5500,2.5500,2.5500,2.5500,2.5500,2.5500,2.5499,2.5496,2.5490,2.5474,2.5440,2.5368,2.5228,2.4972,2.4534,2.3829,2.2763,2.1234,1.9139,1.6366
1279,2.5500,2.5500,2.5500,2.5500,2.5500,2.5500,2.5500,2.5499,2.5496,2.5490,2.5474,2.5440,2.5368,2.5227,2.4971,2.4532,2.3827,2.2761,2.1231,1.9137,1.6363
1280,2.5500,2.5500,2.5500,2.5500,2.5500,2.5500,2.5500,2.5499,2.5496,2.5490,2.5474,2.5440,2.5368,2.5227,2.4970,2.4531,2.3826,2.2758,2.1228,1.9134,1.6361
1281,2.5500,2.5500,2.5500,2.5500,2.5500,2.5500,2.5500,2.5499,2.5496,2.5490,2.5474,2.5440,2.5367,2.5226,2.4969,2.4529,2.3824,2.2756,2.1225,1.9131,1.6358
1282,2.5500,2.5500,2.5500,2.5500,2.5500,2.5500,2.5500,2.5499,2.5496,2.5490,2.5474,2.5439,2.5367,2.5226,2.4968,2.4528,2.3822,2.2754,2.1223,1.9128,1.6355
1283,2.5500,2.5500,2.5500,2.5500,2.5500,2.5500,2.5500,2.5499,2.5496,2.5490,2.5474,2.5439,2.5366,2.5225,2.4967,2.4526,2.3820,2.2751,2.1220,1.9125,1.6352
1284,2.5500,2.5500,2.5500,2.5500,2.5500,2.5500,2.5500,2.5499,2.5496,2.5489,2.5474,2.5439,2.5366,2.5224,2.4966,2.4525,2.3818,2.2749,2.1217,1.9122,1.6350
1285,2.5500,2.5500,2.5500,2.5500,2.5500,2.5500,2.5500,2.5499,2.5496,2.5489,2.5474,2.5439,2.5366,2.5224,2.4965,2.4523,2.3816,2.2746,2.1214,1.9119,1.6347
1286,2.5500,2.5500,2.5500,2.5500,2.5500,2.5500,2.5500,2.5499,2.5496,2.5489,2.5474,2.5439,2.5365,2.5223,2.4964,2.4522,2.3814,2.2744,2.1212,1.9116,1.6344
1287,2.5500,2.5500,2.5500,2.5500,2.5500,2.5500,2.5500,2.5499,2.5496,2.5489,2.5474,2.5438,2.5365,2.5222,2.4963,2.4521,2.3812,2.2742,2.1209,1.9113,1.6341
1288,2.5500,2.5500,2.5500,2.5500,2.5500,2.5500,2.5500,2.5499,2.5496,2.5489,2.5473,2.5438,2.5365,2.5222,2.4962,2.4519,2.3810,2.2739,2.1206,1.9111,1.6339
1289,2.5500,2.5500,2.5500,2.5500,2.5500,2.5500,2.5500,2.5499,2.5496,2.5489,2.5473,2.5438,2.5364,2.5221,2.4961,2.4518,2.3808,2.2737,2.1203,1.9108,1.6336
1290,2.5500,2.5500,2.5500,2.5500,2.5500,2.5500,2.5500,2.5499,2.5496,2.5489,2.5473,2.5438,2.5364,2.5220,2.4960,2.4516,2.3806,2.2734,2.1201,1.9105,1.6333
1291,2.5500,2.5500,2.5500,2.5500,2.5500,2.5500,2.5500,2.5499,2.5496,2.5489,2.5473,2.5437,2.5363,2.5220,2.4959,2.4515,2.3804,2.2732,2.1198,1.9102,1.6330
1292,2.5500,2.5500,2.5500,2.5500,2.5500,2.5500,2.5500,2.5499,2.5496,2.5489,2.5473,2.5437,2.5363,2.5219,2.4958,2.4513,2.3802,2.2729,2.1195,1.9099,1.6328
1293,2.5500,2.5500,2.5500,2.5500,2.5500,2.5500,2.5500,2.5499,2.5496,2.5489,2.5473,2.5437,2.5363,2.5219,2.4957,2.4512,2.3800,2.2727,2.1192,1.9096,1.6325
1294,2.5500,2.5500,2.5500,2.5500,2.5500,2.5500,2.5499,2.5499,2.5496,2.5489,2.5473,2.5437,2.5362,2.5218,2.4956,2.4510,2.3798,2.2725,2.1190,1.9093,1.6322
1295,2.5500,2.5500,2.5500,2.5500,2.5500,2.5500,2.5499,2.5498,2.5496,2.5489,2.5473,2.5437,2.5362,2.5217,2.4955,2.4509,2.3796,2.2722,2.1187,1.9090,1.6319
1296,2.5500,2.5500,2.5500,2.5500,2.5500,2.5500,2.5499,2.5498,2.5496,2.5489,2.5473,2.5436,2.5362,2.5217,2.4954,2.4507,2.3794,2.2720,2.1184,1.9088,1.6317
1297,2.5500,2.5500,2.5500,2.5500,2.5500,2.5500,2.5499,2.5498,2.5496,2.5489,2.5472,2.5436,2.5361,2.5216,2.4953,2.4506,2.3792,2.2717,2.1181,1.9085,1.6314
1298,2.5500,2.5500,2.5500,2.5500,2.5500,2.5500,2.5499,2.5498,2.5496,2.5489,2.5472,2.5436,2.5361,2.5215,2.4952,2.4505,2.3791,2.2715,2.1179,1.9082,1.6311
1299,2.5500,2.5500,2.5500,2.5500,2.5500,2.5500,2.5499,2.5498,2.5496,2.5489,2.5472,2.5436,2.5360,2.5215,2.4951,2.4503,2.3789,2.2713,2.1176,1.9079,1.6308
1300,2.5500,2.5500,2.5500,2.5500,2.5500,2.5500,2.5499,2.5498,2.5496,2.5489,2.5472,2.5436,2.5360,2.5214,2.4950,2.4502,2.3787,2.2710,2.1173,1.9076,1.6306
1301,2.5500,2.5500,2.5500,2.5500,2.5500,2.5500,2.5499,2.5498,2.5496,2.5489,2.5472,2.5435,2.5360,2.5213,2.4949,2.4500,2.3785,2.2708,2.1171,1.9073,1.6303
1302,2.5500,2.5500,2.5500,2.5500,2.5500,2.5500,2.5499,2.5498,2.5496,2.5489,2.5472,2.5435,2.5359,2.5213,2.4948,2.4499,2.3783,2.2705,2.1168,1.9070,1.6300
1303,2.5500,2.5500,2.5500,2.5500,2.5500,2.5500,2.5499,2.5498,2.5496,2.5489,2.5472,2.5435,2.5359,2.5212,2.4947,2.4497,2.3781,2.2703,2.1165,1.9067,1.6297
1304,2.5500,2.5500,2.5500,2.5500,2.5500,2.5500,2.5499,2.5498,2.5496,2.5488,2.5472,2.5435,2.5359,2.5211,2.4946,2.4496,2.3779,2.2701,2.1162,1.9065,1.6295
1305,2.5500,2.5500,2.5500,2.5500,2.5500,2.5500,2.5499,2.5498,2.5496,2.5488,2.5472,2.5435,2.5358,2.5211,2.4945,2.4494,2.3777,2.2698,2.1160,1.9062,1.6292
1306,2.5500,2.5500,2.5500,2.5500,2.5500,2.5500,2.5499,2.5498,2.5496,2.5488,2.5472,2.5434,2.5358,2.5210,2.4944,2.4493,2.3775,2.2696,2.1157,1.9059,1.6289
1307,2.5500,2.5500,2.5500,2.5500,2.5500,2.5500,2.5499,2.5498,2.5496,2.5488,2.5471,2.5434,2.5357,2.5210,2.4943,2.4491,2.3773,2.2693,2.1154,1.9056,1.6287
1308,2.5500,2.5500,2.5500,2.5500,2.5500,2.5500,2.5499,2.5498,2.5496,2.5488,2.5471,2.5434,2.5357,2.5209,2.4942,2.4490,2.3771,2.2691,2.1151,1.9053,1.6284
1309,2.5500,2.5500,2.5500,2.5500,2.5500,2.5500,2.5499,2.5498,2.5495,2.5488,2.5471,2.5434,2.5357,2.5208,2.4941,2.4489,2.3769,2.2689,2.1149,1.9050,1.6281
1310,2.5500,2.5500,2.5500,2.5500,2.5500,2.5500,2.5499,2.5498,2.5495,2.5488,2.5471,2.5433,2.5356,2.5208,2.4940,2.4487,2.3767,2.2686,2.1146,1.9048,1.6278
1311,2.5500,2.5500,2.5500,2.5500,2.5500,2.5500,2.5499,2.5498,2.5495,2.5488,2.5471,2.5433,2.5356,2.5207,2.4939,2.4486,2.3765,2.2684,2.1143,1.9045,1.6276
1312,2.5500,2.5500,2.5500,2.5500,2.5500,2.5500,2.5499,2.5498,2.5495,2.5488,2.5471,2.5433,2.5355,2.5206,2.4938,2.4484,2.3763,2.2681,2.1141,1.9042,1.6273
1313,2.5500,2.5500,2.5500,2.5500,2.5500,2.5500,2.5499,2.5498,2.5495,2.5488,2.5471,2.5433,2.5355,2.5206,2.4937,2.4483,2.3761,2.2679,2.1138,1.9039,1.6270
1314,2.5500,2.5500,2.5500,2.5500,2.5500,2.5500,2.5499,2.5498,2.5495,2.5488,2.5471,2.5433,2.5355,2.5205,2.4936,2.4481,2.3759,2.2677,2.1135,1.9036,1.6268
1315,2.5500,2.5500,2.5500,2.5500,2.5500,2.5500,2.5499,2.5498,2.5495,2.5488,2.5471,2.5432,2.5354,2.5204,2.4935,2.4480,2.3757,2.2674,2.1132,1.9033,1.6265
1316,2.5500,2.5500,2.5500,2.5500,2.5500,2.5500,2.5499,2.5498,2.5495,2.5488,2.5470,2.5432,2.5354,2.5204,2.4934,2.4478,2.3756,2.2672,2.1130,1.9030,1.6262
1317,2.5500,2.5500,2.5500,2.5500,2.5500,2.5500,2.5499,2.5498,2.5495,2.5488,2.5470,2.5432,2.5353,2.5203,2.4933,2.4477,2.3754,2.2669,2.1127,1.9028,1.6259
1318,2.5500,2.5500,2.5500,2.5500,2.5500,2.5500,2.5499,2.5498,2.5495,2.5488,2.5470,2.5432,2.5353,2.5202,2.4932,2.4475,2.3752,2.2667,2.1124,1.9025,1.6257
1319,2.5500,2.5500,2.5500,2.5500,2.5500,2.5500,2.5499,2.5498,2.5495,2.5488,2.5470,2.5432,2.5353,2.5202,2.4931,2.4474,2.3750,2.2665,2.1121,1.9022,1.6254
1320,2.5500,2.5500,2.5500,2.5500,2.5500,2.5500,2.5499,2.5498,2.5495,2.5488,2.5470,2.5431,2.5352,2.5201,2.4930,2.4472,2.3748,2.2662,2.1119,1.9019,1.6251
1321,2.5500,2.5500,2.5500,2.5500,2.5500,2.5500,2.5499,2.5498,2.5495,2.5488,2.5470,2.5431,2.5352,2.5200,2.4929,2.4471,2.3746,2.2660,2.1116,1.9016,1.6249
1322,2.5500,2.5500,2.5500,2.5500,2.5500,2.5500,2.5499,2.5498,2.5495,2.5488,2.5470,2.5431,2.5352,2.5200,2.4928,2.4470,2.3744,2.2658,2.1113,1.9013,1.6246
1323,2.5500,2.5500,2.5500,2.5500,2.5500,2.5500,2.5499,2.5498,2.5495,2.5487,2.5470,2.5431,2.5351,2.5199,2.4927,2.4468,2.3742,2.2655,2.1111,1.9011,1.6243
1324,2.5500,2.5500,2.5500,2.5500,2.5500,2.5500,2.5499,2.5498,2.5495,2.5487,2.5470,2.5430,2.5351,2.5198,2.4926,2.4467,2.3740,2.2653,2.1108,1.9008,1.6241
1325,2.5500,2.5500,2.5500,2.5500,2.5500,2.5500,2.5499,2.5498,2.5495,2.5487,2.5469,2.5430,2.5350,2.5198,2.4925,2.4465,2.3738,2.2650,2.1105,1.9005,1.6238
1326,2.5500,2.5500,2.5500,2.5500,2.5500,2.5500,2.5499,2.5498,2.5495,2.5487,2.5469,2.5430,2.5350,2.5197,2.4923,2.4464,2.3736,2.2648,2.1103,1.9002,1.6235
1327,2.5500,2.5500,2.5500,2.5500,2.5500,2.5500,2.5499,2.5498,2.5495,2.5487,2.5469,2.5430,2.5350,2.5196,2.4922,2.4462,2.3734,2.2646,2.1100,1.8999,1.6232
1328,2.5500,2.5500,2.5500,2.5500,2.5500,2.5500,2.5499,2.5498,2.5495,2.5487,2.5469,2.5430,2.5349,2.5196,2.4921,2.4461,2.3732,2.2643,2.1097,1.8997,1.6230
1329,2.5500,2.5500,2.5500,2.5500,2.5500,2.5500,2.5499,2.5498,2.5495,2.5487,2.5469,2.5429,2.5349,2.5195,2.4920,2.4459,2.3730,2.2641,2.1094,1.8994,1.6227
1330,2.5500,2.5500,2.5500,2.5500,2.5500,2.5500,2.5499,2.5498,2.5495,2.5487,2.5469,2.5429,2.5348,2.5194,2.4919,2.4458,2.3728,2.2638,2.1092,1.8991,1.6224
1331,2.5500,2.5500,2.5500,2.5500,2.5500,2.5500,2.5499,2.5498,2.5495,2.5487,2.5469,2.5429,2.5348,2.5194,2.4918,2.4456,2.3726,2.2636,2.1089,1.8988,1.6222
1332,2.5500,2.5500,2.5500,2.5500,2.5500,2.5500,2.5499,2.5498,2.5495,2.5487,2.5469,2.5429,2.5348,2.5193,2.4917,2.4455,2.3724,2.2634,2.1086,1.8985,1.6219
1333,2.5500,2.5500,2.5500,2.5500,2.5500,2.5500,2.5499,2.5498,2.5495,2.5487,2.5468,2.5428,2.5347,2.5192,2.4916,2.4453,2.3723,2.2631,2.1084,1.8982,1.6216
1334,2.5500,2.5500,2.5500,2.5500,2.5500,2.5500,2.5499,2.5498,2.5495,2.5487,2.5468,2.5428,2.5347,2.5192,2.4915,2.4452,2.3721,2.2629,2.1081,1.8980,1.6214
1335,2.5500,2.5500,2.5500,2.5500,2.5500,2.5500,2.5499,2.5498,2.5495,2.5487,2.5468,2.5428,2.5346,2.5191,2.4914,2.4451,2.3719,2.2627,2.1078,1.8977,1.6211
1336,2.5500,2.5500,2.5500,2.5500,2.5500,2.5500,2.5499,2.5498,2.5495,2.5487,2.5468,2.5428,2.5346,2.5190,2.4913,2.4449,2.3717,2.2624,2.1076,1.8974,1.6208
1337,2.5500,2.5500,2.5500,2.5500,2.5500,2.5500,2.5499,2.5498,2.5495,2.5487,2.5468,2.5428,2.5346,2.5190,2.4912,2.4448,2.3715,2.2622,2.1073,1.8971,1.6206
1338,2.5500,2.5500,2.5500,2.5500,2.5500,2.5500,2.5499,2.5498,2.5495,2.5487,2.5468,2.5427,2.5345,2.5189,2.4911,2.4446,2.3713,2.2619,2.1070,1.8968,1.6203
1339,2.5500,2.5500,2.5500,2.5500,2.5500,2.5500,2.5499,2.5498,2.5495,2.5487,2.5468,2.5427,2.5345,2.5188,2.4910,2.4445,2.3711,2.2617,2.1067,1.8966,1.6200
1340,2.5500,2.5500,2.5500,2.5500,2.5500,2.5500,2.5499,2.5498,2.5495,2.5487,2.5468,2.5427,2.5344,2.5188,2.4909,2.4443,2.3709,2.2615,2.1065,1.8963,1.6198
1341,2.5500,2.5500,2.5500,2.5500,2.5500,2.5500,2.5499,2.5498,2.5495,2.5486,2.5468,2.5427,2.5344,2.5187,2.4908,2.4442,2.3707,2.2612,2.1062,1.8960,1.6195
1342,2.5500,2.5500,2.5500,2.5500,2.5500,2.5500,2.5499,2.5498,2.5495,2.5486,2.5467,2.5426,2.5344,2.5186,2.4907,2.4440,2.3705,2.2610,2.1059,1.8957,1.6192
1343,2.5500,2.5500,2.5500,2.5500,2.5500,2.5500,2.5499,2.5498,2.5495,2.5486,2.5467,2.5426,2.5343,2.5186,2.4906,2.4439,2.3703,2.2608,2.1057,1.8954,1.6190
1344,2.5500,2.5500,2.5500,2.5500,2.5500,2.5500,2.5499,2.5498,2.5495,2.5486,2.5467,2.5426,2.5343,2.5185,2.4905,2.4437,2.3701,2.2605,2.1054,1.8952,1.6187
1345,2.5500,2.5500,2.5500,2.5500,2.5500,2.5500,2.5499,2.5498,2.5495,2.5486,2.5467,2.5426,2.5342,2.5184,2.4904,2.4436,2.3699,2.2603,2.1051,1.8949,1.6184
1346,2.5500,2.5500,2.5500,2.5500,2.5500,2.5500,2.5499,2.5498,2.5495,2.5486,2.5467,2.5425,2.5342,2.5184,2.4903,2.4434,2.3697,2.2600,2.1049,1.8946,1.6182
1347,2.5500,2.5500,2.5500,2.5500,2.5500,2.5500,2.5499,2.5498,2.5495,2.5486,2.5467,2.5425,2.5341,2.5183,2.4902,2.4433,2.3695,2.2598,2.1046,1.8943,1.6179
1348,2.5500,2.5500,2.5500,2.5500,2.5500,2.5500,2.5499,2.5498,2.5495,2.5486,2.5467,2.5425,2.5341,2.5182,2.4901,2.4431,2.3693,2.2596,2.1043,1.8940,1.6176
1349,2.5500,2.5500,2.5500,2.5500,2.5500,2.5500,2.5499,2.5498,2.5494,2.5486,2.5467,2.5425,2.5341,2.5182,2.4900,2.4430,2.3692,2.2593,2.1041,1.8938,1.6174
1350,2.5500,2.5500,2.5500,2.5500,2.5500,2.5500,2.5499,2.5498,2.5494,2.5486,2.5466,2.5425,2.5340,2.5181,2.4899,2.4429,2.3690,2.2591,2.1038,1.8935,1.6171
1351,2.5500,2.5500,2.5500,2.5500,2.5500,2.5500,2.5499,2.5498,2.5494,2.5486,2.5466,2.5424,2.5340,2.5180,2.4898,2.4427,2.3688,2.2589,2.1035,1.8932,1.6168
1352,2.5500,2.5500,2.5500,2.5500,2.5500,2.5500,2.5499,2.5498,2.5494,2.5486,2.5466,2.5424,2.5339,2.5180,2.4897,2.4426,2.3686,2.2586,2.1033,1.8929,1.6166
1353,2.5500,2.5500,2.5500,2.5500,2.5500,2.5500,2.5499,2.5498,2.5494,2.5486,2.5466,2.5424,2.5339,2.5179,2.4896,2.4424,2.3684,2.2584,2.1030,1.8926,1.6163
1354,2.5500,2.5500,2.5500,2.5500,2.5500,2.5500,2.5499,2.5498,2.5494,2.5486,2.5466,2.5424,2.5339,2.5178,2.4895,2.4423,2.3682,2.2582,2.1027,1.8924,1.6160
1355,2.5500,2.5500,2.5500,2.5500,2.5500,2.5500,2.5499,2.5498,2.5494,2.5486,2.5466,2.5423,2.5338,2.5178,2.4894,2.4421,2.3680,2.2579,2.1025,1.8921,1.6158
1356,2.5500,2.5500,2.5500,2.5500,2.5500,2.5500,2.5499,2.5498,2.5494,2.5486,2.5466,2.5423,2.5338,2.5177,2.4893,2.4420,2.3678,2.2577,2.1022,1.8918,1.6155
1357,2.5500,2.5500,2.5500,2.5500,2.5500,2.5500,2.5499,2.5498,2.5494,2.5486,2.5466,2.5423,2.5337,2.5176,2.4892,2.4418,2.3676,2.2574,2.1019,1.8915,1.6152
1358,2.5500,2.5500,2.5500,2.5500,2.5500,2.5500,2.5499,2.5498,2.5494,2.5485,2.5465,2.5423,2.5337,2.5176,2.4891,2.4417,2.3674,2.2572,2.1017,1.8913,1.6150
1359,2.5500,2.5500,2.5500,2.5500,2.5500,2.5500,2.5499,2.5498,2.5494,2.5485,2.5465,2.5422,2.5337,2.5175,2.4890,2.4415,2.3672,2.2570,2.1014,1.8910,1.6147
1360,2.5500,2.5500,2.5500,2.5500,2.5500,2.5500,2.5499,2.5498,2.5494,2.5485,2.5465,2.5422,2.5336,2.5174,2.4888,2.4414,2.3670,2.2567,2.1011,1.8907,1.6145
1361,2.5500,2.5500,2.5500,2.5500,2.5500,2.5500,2.5499,2.5498,2.5494,2.5485,2.5465,2.5422,2.5336,2.5174,2.4887,2.4412,2.3668,2.2565,2.1009,1.8904,1.6142
1362,2.5500,2.5500,2.5500,2.5500,2.5500,2.5500,2.5499,2.5498,2.5494,2.5485,2.5465,2.5422,2.5335,2.5173,2.4886,2.4411,2.3666,2.2563,2.1006,1.8901,1.6139
1363,2.5500,2.5500,2.5500,2.5500,2.5500,2.5500,2.5499,2.5498,2.5494,2.5485,2.5465,2.5422,2.5335,2.5172,2.4885,2.4409,2.3664,2.2560,2.1003,1.8899,1.6137
1364,2.5500,2.5500,2.5500,2.5500,2.5500,2.5500,2.5499,2.5498,2.5494,2.5485,2.5465,2.5421,2.5334,2.5172,2.4884,2.4408,2.3662,2.2558,2.1001,1.8896,1.6134
1365,2.5500,2.5500,2.5500,2.5500,2.5500,2.5500,2.5499,2.5498,2.5494,2.5485,2.5465,2.5421,2.5334,2.5171,2.4883,2.4406,2.3661,2.2556,2.0998,1.8893,1.6131
1366,2.5500,2.5500,2.5500,2.5500,2.5500,2.5500,2.5499,2.5498,2.5494,2.5485,2.5464,2.5421,2.5334,2.5170,2.4882,2.4405,2.3659,2.2553,2.0995,1.8890,1.6129
1367,2.5500,2.5500,2.5500,2.5500,2.5500,2.5500,2.5499,2.5498,2.5494,2.5485,2.5464,2.5421,2.5333,2.5169,2.4881,2.4404,2.3657,2.2551,2.0993,1.8888,1.6126
1368,2.5500,2.5500,2.5500,2.5500,2.5500,2.5500,2.5499,2.5498,2.5494,2.5485,2.5464,2.5420,2.5333,2.5169,2.4880,2.4402,2.3655,2.2548,2.0990,1.8885,1.6124
1369,2.5500,2.5500,2.5500,2.5500,2.5500,2.5500,2.5499,2.5498,2.5494,2.5485,2.5464,2.5420,2.5332,2.5168,2.4879,2.4401,2.3653,2.2546,2.0987,1.8882,1.6121
1370,2.5500,2.5500,2.5500,2.5500,2.5500,2.5500,2.5499,2.5498,2.5494,2.5485,2.5464,2.5420,2.5332,2.5167,2.4878,2.4399,2.3651,2.2544,2.0985,1.8879,1.6118
1371,2.5500,2.5500,2.5500,2.5500,2.5500,2.5500,2.5499,2.5498,2.5494,2.5485,2.5464,2.5420,2.5332,2.5167,2.4877,2.4398,2.3649,2.2541,2.0982,1.8877,1.6116
1372,2.5500,2.5500,2.5500,2.5500,2.5500,2.5500,2.5499,2.5498,2.5494,2.5485,2.5464,2.5419,2.5331,2.5166,2.4876,2.4396,2.3647,2.2539,2.0979,1.8874,1.6113
1373,2.5500,2.5500,2.5500,2.5500,2.5500,2.5500,2.5499,2.5498,2.5494,2.5485,2.5464,2.5419,2.5331,2.5165,2.4875,2.4395,2.3645,2.2537,2.0977,1.8871,1.6110
1374,2.5500,2.5500,2.5500,2.5500,2.5500,2.5500,2.5499,2.5498,2.5494,2.5484,2.5463,2.5419,2.5330,2.5165,2.4874,2.4393,2.3643,2.2534,2.0974,1.8868,1.6108
1375,2.5500,2.5500,2.5500,2.5500,2.5500,2.5500,2.5499,2.5498,2.5494,2.5484,2.5463,2.5419,2.5330,2.5164,2.4873,2.4392,2.3641,2.2532,2.0971,1.8866,1.6105
1376,2.5500,2.5500,2.5500,2.5500,2.5500,2.5500,2.5499,2.5498,2.5494,2.5484,2.5463,2.5418,2.5329,2.5163,2.4872,2.4390,2.3639,2.2530,2.0969,1.8863,1.6103
1377,2.5500,2.5500,2.5500,2.5500,2.5500,2.5500,2.5499,2.5498,2.5494,2.5484,2.5463,2.5418,2.5329,2.5163,2.4871,2.4389,2.3637,2.2527,2.0966,1.8860,1.6100
1378,2.5500,2.5500,2.5500,2.5500,2.5500,2.5500,2.5499,2.5498,2.5494,2.5484,2.5463,2.5418,2.5329,2.5162,2.4870,2.4387,2.3635,2.2525,2.0963,1.8857,1.6097
1379,2.5500,2.5500,2.5500,2.5500,2.5500,2.5500,2.5499,2.5498,2.5494,2.5484,2.5463,2.5418,2.5328,2.5161,2.4869,2.4386,2.3633,2.2523,2.0961,1.8855,1.6095
1380,2.5500,2.5500,2.5500,2.5500,2.5500,2.5500,2.5499,2.5498,2.5494,2.5484,2.5463,2.5417,2.5328,2.5161,2.4868,2.4384,2.3632,2.2520,2.0958,1.8852,1.6092
1381,2.5500,2.5500,2.5500,2.5500,2.5500,2.5500,2.5499,2.5498,2.5494,2.5484,2.5463,2.5417,2.5327,2.5160,2.4867,2.4383,2.3630,2.2518,2.0956,1.8849,1.6089
1382,2.5500,2.5500,2.5500,2.5500,2.5500,2.5500,2.5499,2.5498,2.5494,2.5484,2.5462,2.5417,2.5327,2.5159,2.4866,2.4381,2.3628,2.2516,2.0953,1.8846,1.6087
1383,2.5500,2.5500,2.5500,2.5500,2.5500,2.5500,2.5499,2.5498,2.5494,2.5484,2.5462,2.5417,2.5326,2.5158,2.4865,2.4380,2.3626,2.2513,2.0950,1.8844,1.6084
1384,2.5500,2.5500,2.5500,2.5500,2.5500,2.5500,2.5499,2.5498,2.5493,2.5484,2.5462,2.5416,2.5326,2.5158,2.4863,2.4378,2.3624,2.2511,2.0948,1.8841,1.6082
1385,2.5500,2.5500,2.5500,2.5500,2.5500,2.5500,2.5499,2.5498,2.5493,2.5484,2.5462,2.5416,2.5326,2.5157,2.4862,2.4377,2.3622,2.2509,2.0945,1.8838,1.6079
1386,2.5500,2.5500,2.5500,2.5500,2.5500,2.5500,2.5499,2.5497,2.5493,2.5484,2.5462,2.5416,2.5325,2.5156,2.4861,2.4376,2.3620,2.2506,2.0942,1.8835,1.6076
1387,2.5500,2.5500,2.5500,2.5500,2.5500,2.5500,2.5499,2.5497,2.5493,2.5484,2.5462,2.5416,2.5325,2.5156,2.4860,2.4374,2.3618,2.2504,2.0940,1.8833,1.6074
1388,2.5500,2.5500,2.5500,2.5500,2.5500,2.5500,2.5499,2.5497,2.5493,2.5484,2.5462,2.5416,2.5324,2.5155,2.4859,2.4373,2.3616,2.2502,2.0937,1.8830,1.6071
1389,2.5500,2.5500,2.5500,2.5500,2.5500,2.5500,2.5499,2.5497,2.5493,2.5484,2.5462,2.5415,2.5324,2.5154,2.4858,2.4371,2.3614,2.2499,2.0934,1.8827,1.6069
1390,2.5500,2.5500,2.5500,2.5500,2.5500,2.5500,2.5499,2.5497,2.5493,2.5483,2.5461,2.5415,2.5323,2.5154,2.4857,2.4370,2.3612,2.2497,2.0932,1.8824,1.6066
1391,2.5500,2.5500,2.5500,2.5500,2.5500,2.5500,2.5499,2.5497,2.5493,2.5483,2.5461,2.5415,2.5323,2.5153,2.4856,2.4368,2.3610,2.2494,2.0929,1.8822,1.6063
1392,2.5500,2.5500,2.5500,2.5500,2.5500,2.5500,2.5499,2.5497,2.5493,2.5483,2.5461,2.5415,2.5323,2.5152,2.4855,2.4367,2.3608,2.2492,2.0927,1.8819,1.6061
1393,2.5500,2.5500,2.5500,2.5500,2.5500,2.5500,2.5499,2.5497,2.5493,2.5483,2.5461,2.5414,2.5322,2.5152,2.4854,2.4365,2.3606,2.2490,2.0924,1.8816,1.6058
1394,2.5500,2.5500,2.5500,2.5500,2.5500,2.5500,2.5499,2.5497,2.5493,2.5483,2.5461,2.5414,2.5322,2.5151,2.4853,2.4364,2.3605,2.2487,2.0921,1.8814,1.6056
1395,2.5500,2.5500,2.5500,2.5500,2.5500,2.5500,2.5499,2.5497,2.5493,2.5483,2.5461,2.5414,2.5321,2.5150,2.4852,2.4362,2.3603,2.2485,2.0919,1.8811,1.6053
1396,2.5500,2.5500,2.5500,2.5500,2.5500,2.5500,2.5499,2.5497,2.5493,2.5483,2.5461,2.5414,2.5321,2.5149,2.4851,2.4361,2.3601,2.2483,2.0916,1.8808,1.6051
1397,2.5500,2.5500,2.5500,2.5500,2.5500,2.5500,2.5499,2.5497,2.5493,2.5483,2.5460,2.5413,2.5320,2.5149,2.4850,2.4359,2.3599,2.2480,2.0913,1.8805,1.6048
1398,2.5500,2.5500,2.5500,2.5500,2.5500,2.5500,2.5499,2.5497,2.5493,2.5483,2.5460,2.5413,2.5320,2.5148,2.4849,2.4358,2.3597,2.2478,2.0911,1.8803,1.6045
1399,2.5500,2.5500,2.5500,2.5500,2.5500,2.5500,2.5499,2.5497,2.5493,2.5483,2.5460,2.5413,2.5320,2.5147,2.4848,2.4356,2.3595,2.2476,2.0908,1.8800,1.6043
1400,2.5500,2.5500,2.5500,2.5500,2.5500,2.5500,2.5499,2.5497,2.5493,2.5483,2.5460,2.5413,2.5319,2.5147,2.4847,2.4355,2.3593,2.2473,2.0906,1.8797,1.6040
1401,2.5500,2.5500,2.5500,2.5500,2.5500,2.5500,2.5499,2.5497,2.5493,2.5483,2.5460,2.5412,2.5319,2.5146,2.4846,2.4353,2.3591,2.2471,2.0903,1.8794,1.6038
1402,2.5500,2.5500,2.5500,2.5500,2.5500,2.5500,2.5499,2.5497,2.5493,2.5483,2.5460,2.5412,2.5318,2.5145,2.4844,2.4352,2.3589,2.2469,2.0900,1.8792,1.6035
1403,2.5500,2.5500,2.5500,2.5500,2.5500,2.5500,2.5499,2.5497,2.5493,2.5483,2.5460,2.5412,2.5318,2.5145,2.4843,2.4350,2.3587,2.2466,2.0898,1.8789,1.6032
1404,2.5500,2.5500,2.5500,2.5500,2.5500,2.5500,2.5499,2.5497,2.5493,2.5483,2.5460,2.5412,2.5317,2.5144,2.4842,2.4349,2.3585,2.2464,2.0895,1.8786,1.6030
1405,2.5500,2.5500,2.5500,2.5500,2.5500,2.5500,2.5499,2.5497,2.5493,2.5482,2.5459,2.5411,2.5317,2.5143,2.4841,2.4347,2.3583,2.2462,2.0892,1.8784,1.6027
1406,2.5500,2.5500,2.5500,2.5500,2.5500,2.5500,2.5499,2.5497,2.5493,2.5482,2.5459,2.5411,2.5317,2.5142,2.4840,2.4346,2.3581,2.2459,2.0890,1.8781,1.6025
1407,2.5500,2.5500,2.5500,2.5500,2.5500,2.5500,2.5499,2.5497,2.5493,2.5482,2.5459,2.5411,2.5316,2.5142,2.4839,2.4344,2.3579,2.2457,2.0887,1.8778,1.6022
1408,2.5500,2.5500,2.5500,2.5500,2.5500,2.5500,2.5499,2.5497,2.5493,2.5482,2.5459,2.5411,2.5316,2.5141,2.4838,2.4343,2.3578,2.2455,2.0885,1.8776,1.6020
1409,2.5500,2.5500,2.5500,2.5500,2.5500,2.5500,2.5499,2.5497,2.5493,2.5482,2.5459,2.5410,2.5315,2.5140,2.4837,2.4342,2.3576,2.2452,2.0882,1.8773,1.6017
1410,2.5500,2.5500,2.5500,2.5500,2.5500,2.5500,2.5499,2.5497,2.5493,2.5482,2.5459,2.5410,2.5315,2.5140,2.4836,2.4340,2.3574,2.2450,2.0879,1.8770,1.6014
1411,2.5500,2.5500,2.5500,2.5500,2.5500,2.5500,2.5499,2.5497,2.5493,2.5482,2.5459,2.5410,2.5314,2.5139,2.4835,2.4339,2.3572,2.2448,2.0877,1.8767,1.6012
1412,2.5500,2.5500,2.5500,2.5500,2.5500,2.5500,2.5499,2.5497,2.5493,2.5482,2.5458,2.5410,2.5314,2.5138,2.4834,2.4337,2.3570,2.2445,2.0874,1.8765,1.6009
1413,2.5500,2.5500,2.5500,2.5500,2.5500,2.5500,2.5499,2.5497,2.5493,2.5482,2.5458,2.5409,2.5313,2.5137,2.4833,2.4336,2.3568,2.2443,2.0872,1.8762,1.6007
1414,2.5500,2.5500,2.5500,2.5500,2.5500,2.5500,2.5499,2.5497,2.5493,2.5482,2.5458,2.5409,2.5313,2.5137,2.4832,2.4334,2.3566,2.2441,2.0869,1.8759,1.6004
1415,2.5500,2.5500,2.5500,2.5500,2.5500,2.5500,2.5499,2.5497,2.5492,2.5482,2.5458,2.5409,2.5313,2.5136,2.4831,2.4333,2.3564,2.2439,2.0866,1.8757,1.6002
1416,2.5500,2.5500,2.5500,2.5500,2.5500,2.5500,2.5499,2.5497,2.5492,2.5482,2.5458,2.5408,2.5312,2.5135,2.4830,2.4331,2.3562,2.2436,2.0864,1.8754,1.5999
1417,2.5500,2.5500,2.5500,2.5500,2.5500,2.5500,2.5499,2.5497,2.5492,2.5482,2.5458,2.5408,2.5312,2.5135,2.4829,2.4330,2.3560,2.2434,2.0861,1.8751,1.5996
1418,2.5500,2.5500,2.5500,2.5500,2.5500,2.5500,2.5499,2.5497,2.5492,2.5482,2.5458,2.5408,2.5311,2.5134,2.4828,2.4328,2.3558,2.2432,2.0859,1.8749,1.5994
1419,2.5500,2.5500,2.5500,2.5500,2.5500,2.5500,2.5499,2.5497,2.5492,2.5481,2.5457,2.5408,2.5311,2.5133,2.4826,2.4327,2.3556,2.2429,2.0856,1.8746,1.5991
1420,2.5500,2.5500,2.5500,2.5500,2.5500,2.5500,2.5499,2.5497,2.5492,2.5481,2.5457,2.5407,2.5310,2.5132,2.4825,2.4325,2.3554,2.2427,2.0853,1.8743,1.5989
1421,2.5500,2.5500,2.5500,2.5500,2.5500,2.5500,2.5499,2.5497,2.5492,2.5481,2.5457,2.5407,2.5310,2.5132,2.4824,2.4324,2.3553,2.2425,2.0851,1.8740,1.5986
1422,2.5500,2.5500,2.5500,2.5500,2.5500,2.5500,2.5499,2.5497,2.5492,2.5481,2.5457,2.5407,2.5309,2.5131,2.4823,2.4322,2.3551,2.2422,2.0848,1.8738,1.5984
1423,2.5500,2.5500,2.5500,2.5500,2.5500,2.5500,2.5499,2.5497,2.5492,2.5481,2.5457,2.5407,2.5309,2.5130,2.4822,2.4321,2.3549,2.2420,2.0846,1.8735,1.5981
1424,2.5500,2.5500,2.5500,2.5500,2.5500,2.5500,2.5499,2.5497,2.5492,2.5481,2.5457,2.5406,2.5309,2.5130,2.4821,2.4319,2.3547,2.2418,2.0843,1.8732,1.5979
1425,2.5500,2.5500,2.5500,2.5500,2.5500,2.5500,2.5499,2.5497,2.5492,2.5481,2.5457,2.5406,2.5308,2.5129,2.4820,2.4318,2.3545,2.2415,2.0840,1.8730,1.5976
1426,2.5500,2.5500,2.5500,2.5500,2.5500,2.5500,2.5499,2.5497,2.5492,2.5481,2.5456,2.5406,2.5308,2.5128,2.4819,2.4316,2.3543,2.2413,2.0838,1.8727,1.5973
1427,2.5500,2.5500,2.5500,2.5500,2.5500,2.5500,2.5499,2.5497,2.5492,2.5481,2.5456,2.5406,2.5307,2.5127,2.4818,2.4315,2.3541,2.2411,2.0835,1.8724,1.5971
1428,2.5500,2.5500,2.5500,2.5500,2.5500,2.5500,2.5499,2.5497,2.5492,2.5481,2.5456,2.5405,2.5307,2.5127,2.4817,2.4313,2.3539,2.2408,2.0833,1.8722,1.5968
1429,2.5500,2.5500,2.5500,2.5500,2.5500,2.5500,2.5499,2.5497,2.5492,2.5481,2.5456,2.5405,2.5306,2.5126,2.4816,2.4312,2.3537,2.2406,2.0830,1.8719,1.5966
1430,2.5500,2.5500,2.5500,2.5500,2.5500,2.5500,2.5499,2.5497,2.5492,2.5481,2.5456,2.5405,2.5306,2.5125,2.4815,2.4310,2.3535,2.2404,2.0827,1.8716,1.5963
1431,2.5500,2.5500,2.5500,2.5500,2.5500,2.5500,2.5499,2.5497,2.5492,2.5481,2.5456,2.5405,2.5305,2.5125,2.4814,2.4309,2.3533,2.2401,2.0825,1.8714,1.5961
1432,2.5500,2.5500,2.5500,2.5500,2.5500,2.5500,2.5499,2.5497,2.5492,2.5481,2.5456,2.5404,2.5305,2.5124,2.4813,2.4307,2.3531,2.2399,2.0822,1.8711,1.5958
1433,2.5500,2.5500,2.5500,2.5500,2.5500,2.5500,2.5499,2.5497,2.5492,2.5480,2.5455,2.5404,2.5305,2.5123,2.4812,2.4306,2.3529,2.2397,2.0820,1.8708,1.5956
1434,2.5500,2.5500,2.5500,2.5500,2.5500,2.5500,2.5499,2.5497,2.5492,2.5480,2.5455,2.5404,2.5304,2.5122,2.4810,2.4304,2.3528,2.2394,2.0817,1.8706,1.5953
1435,2.5500,2.5500,2.5500,2.5500,2.5500,2.5500,2.5499,2.5497,2.5492,2.5480,2.5455,2.5404,2.5304,2.5122,2.4809,2.4303,2.3526,2.2392,2.0814,1.8703,1.5951
1436,2.5500,2.5500,2.5500,2.5500,2.5500,2.5500,2.5499,2.5497,2.5492,2.5480,2.5455,2.5403,2.5303,2.5121,2.4808,2.4301,2.3524,2.2390,2.0812,1.8700,1.5948
1437,2.5500,2.5500,2.5500,2.5500,2.5500,2.5500,2.5499,2.5497,2.5492,2.5480,2.5455,2.5403,2.5303,2.5120,2.4807,2.4300,2.3522,2.2388,2.0809,1.8698,1.5945
1438,2.5500,2.5500,2.5500,2.5500,2.5500,2.5500,2.5499,2.5497,2.5492,2.5480,2.5455,2.5403,2.5302,2.5120,2.4806,2.4298,2.3520,2.2385,2.0807,1.8695,1.5943
1439,2.5500,2.5500,2.5500,2.5500,2.5500,2.5500,2.5499,2.5497,2.5492,2.5480,2.5455,2.5402,2.5302,2.5119,2.4805,2.4297,2.3518,2.2383,2.0804,1.8692,1.5940
1440,2.5500,2.5500,2.5500,2.5500,2.5500,2.5500,2.5499,2.5497,2.5492,2.5480,2.5454,2.5402,2.5301,2.5118,2.4804,2.4296,2.3516,2.2381,2.0802,1.8690,1.5938
1441,2.5500,2.5500,2.5500,2.5500,2.5500,2.5500,2.5499,2.5497,2.5492,2.5480,2.5454,2.5402,2.5301,2.5117,2.4803,2.4294,2.3514,2.2378,2.0799,1.8687,1.5935
1442,2.5500,2.5500,2.5500,2.5500,2.5500,2.5500,2.5499,2.5497,2.5492,2.5480,2.5454,2.5402,2.5300,2.5117,2.4802,2.4293,2.3512,2.2376,2.0796,1.8684,1.5933
1443,2.5500,2.5500,2.5500,2.5500,2.5500,2.5500,2.5499,2.5497,2.5492,2.5480,2.5454,2.5401,2.5300,2.5116,2.4801,2.4291,2.3510,2.2374,2.0794,1.8682,1.5930
1444,2.5500,2.5500,2.5500,2.5500,2.5500,2.5500,2.5499,2.5497,2.5491,2.5480,2.5454,2.5401,2.5300,2.5115,2.4800,2.4290,2.3508,2.2371,2.0791,1.8679,1.5928
1445,2.5500,2.5500,2.5500,2.5500,2.5500,2.5500,2.5499,2.5497,2.5491,2.5480,2.5454,2.5401,2.5299,2.5114,2.4799,2.4288,2.3506,2.2369,2.0789,1.8676,1.5925
1446,2.5500,2.5500,2.5500,2.5500,2.5500,2.5500,2.5499,2.5497,2.5491,2.5479,2.5454,2.5401,2.5299,2.5114,2.4798,2.4287,2.3505,2.2367,2.0786,1.8674,1.5923
1447,2.5500,2.5500,2.5500,2.5500,2.5500,2.5500,2.5499,2.5497,2.5491,2.5479,2.5453,2.5400,2.5298,2.5113,2.4796,2.4285,2.3503,2.2365,2.0784,1.8671,1.5920
1448,2.5500,2.5500,2.5500,2.5500,2.5500,2.5500,2.5499,2.5497,2.5491,2.5479,2.5453,2.5400,2.5298,2.5112,2.4795,2.4284,2.3501,2.2362,2.0781,1.8668,1.5918
1449,2.5500,2.5500,2.5500,2.5500,2.5500,2.5500,2.5499,2.5497,2.5491,2.5479,2.5453,2.5400,2.5297,2.5112,2.4794,2.4282,2.3499,2.2360,2.0778,1.8666,1.5915
1450,2.5500,2.5500,2.5500,2.5500,2.5500,2.5500,2.5499,2.5497,2.5491,2.5479,2.5453,2.5400,2.5297,2.5111,2.4793,2.4281,2.3497,2.2358,2.0776,1.8663,1.5913
1451,2.5500,2.5500,2.5500,2.5500,2.5500,2.5500,2.5499,2.5497,2.5491,2.5479,2.5453,2.5399,2.5296,2.5110,2.4792,2.4279,2.3495,2.2355,2.0773,1.8660,1.5910
1452,2.5500,2.5500,2.5500,2.5500,2.5500,2.5500,2.5499,2.5496,2.5491,2.5479,2.5453,2.5399,2.5296,2.5109,2.4791,2.4278,2.3493,2.2353,2.0771,1.8658,1.5908
1453,2.5500,2.5500,2.5500,2.5500,2.5500,2.5500,2.5499,2.5496,2.5491,2.5479,2.5453,2.5399,2.5295,2.5109,2.4790,2.4276,2.3491,2.2351,2.0768,1.8655,1.5905
1454,2.5500,2.5500,2.5500,2.5500,2.5500,2.5500,2.5499,2.5496,2.5491,2.5479,2.5452,2.5398,2.5295,2.5108,2.4789,2.4275,2.3489,2.2348,2.0766,1.8652,1.5903
1455,2.5500,2.5500,2.5500,2.5500,2.5500,2.5500,2.5499,2.5496,2.5491,2.5479,2.5452,2.5398,2.5294,2.5107,2.4788,2.4273,2.3487,2.2346,2.0763,1.8650,1.5900
1456,2.5500,2.5500,2.5500,2.5500,2.5500,2.5500,2.5499,2.5496,2.5491,2.5479,2.5452,2.5398,2.5294,2.5106,2.4787,2.4272,2.3485,2.2344,2.0761,1.8647,1.5898
1457,2.5500,2.5500,2.5500,2.5500,2.5500,2.5500,2.5499,2.5496,2.5491,2.5479,2.5452,2.5398,2.5294,2.5106,2.4786,2.4270,2.3483,2.2342,2.0758,1.8645,1.5895
1458,2.5500,2.5500,2.5500,2.5500,2.5500,2.5500,2.5499,2.5496,2.5491,2.5479,2.5452,2.5397,2.5293,2.5105,2.4785,2.4269,2.3482,2.2339,2.0755,1.8642,1.5893
1459,2.5500,2.5500,2.5500,2.5500,2.5500,2.5500,2.5499,2.5496,2.5491,2.5478,2.5452,2.5397,2.5293,2.5104,2.4784,2.4267,2.3480,2.2337,2.0753,1.8639,1.5890
1460,2.5500,2.5500,2.5500,2.5500,2.5500,2.5499,2.5499,2.5496,2.5491,2.5478,2.5451,2.5397,2.5292,2.5104,2.4782,2.4266,2.3478,2.2335,2.0750,1.8637,1.5888
1461,2.5500,2.5500,2.5500,2.5500,2.5500,2.5499,2.5499,2.5496,2.5491,2.5478,2.5451,2.5396,2.5292,2.5103,2.4781,2.4264,2.3476,2.2332,2.0748,1.8634,1.5885
1462,2.5500,2.5500,2.5500,2.5500,2.5500,2.5499,2.5499,2.5496,2.5491,2.5478,2.5451,2.5396,2.5291,2.5102,2.4780,2.4263,2.3474,2.2330,2.0745,1.8631,1.5883
1463,2.5500,2.5500,2.5500,2.5500,2.5500,2.5499,2.5499,2.5496,2.5491,2.5478,2.5451,2.5396,2.5291,2.5101,2.4779,2.4261,2.3472,2.2328,2.0743,1.8629,1.5880
1464,2.5500,2.5500,2.5500,2.5500,2.5500,2.5499,2.5499,2.5496,2.5491,2.5478,2.5451,2.5396,2.5290,2.5101,2.4778,2.4260,2.3470,2.2325,2.0740,1.8626,1.5878
1465,2.5500,2.5500,2.5500,2.5500,2.5500,2.5499,2.5499,2.5496,2.5491,2.5478,2.5451,2.5395,2.5290,2.5100,2.4777,2.4258,2.3468,2.2323,2.0738,1.8623,1.5875
1466,2.5500,2.5500,2.5500,2.5500,2.5500,2.5499,2.5499,2.5496,2.5491,2.5478,2.5451,2.5395,2.5289,2.5099,2.4776,2.4257,2.3466,2.2321,2.0735,1.8621,1.5873
1467,2.5500,2.5500,2.5500,2.5500,2.5500,2.5499,2.5499,2.5496,2.5491,2.5478,2.5450,2.5395,2.5289,2.5098,2.4775,2.4255,2.3464,2.2319,2.0732,1.8618,1.5870
1468,2.5500,2.5500,2.5500,2.5500,2.5500,2.5499,2.5499,2.5496,2.5491,2.5478,2.5450,2.5395,2.5288,2.5098,2.4774,2.4254,2.3462,2.2316,2.0730,1.8616,1.5868
1469,2.5500,2.5500,2.5500,2.5500,2.5500,2.5499,2.5499,2.5496,2.5491,2.5478,2.5450,2.5394,2.5288,2.5097,2.4773,2.4252,2.3460,2.2314,2.0727,1.8613,1.5865
1470,2.5500,2.5500,2.5500,2.5500,2.5500,2.5499,2.5499,2.5496,2.5490,2.5478,2.5450,2.5394,2.5288,2.5096,2.4772,2.4251,2.3459,2.2312,2.0725,1.8610,1.5863
1471,2.5500,2.5500,2.5500,2.5500,2.5500,2.5499,2.5499,2.5496,2.5490,2.5478,2.5450,2.5394,2.5287,2.5095,2.4771,2.4249,2.3457,2.2309,2.0722,1.8608,1.5860
1472,2.5500,2.5500,2.5500,2.5500,2.5500,2.5499,2.5499,2.5496,2.5490,2.5477,2.5450,2.5393,2.5287,2.5095,2.4769,2.4248,2.3455,2.2307,2.0720,1.8605,1.5858
1473,2.5500,2.5500,2.5500,2.5500,2.5500,2.5499,2.5499,2.5496,2.5490,2.5477,2.5449,2.5393,2.5286,2.5094,2.4768,2.4246,2.3453,2.2305,2.0717,1.8602,1.5855
1474,2.5500,2.5500,2.5500,2.5500,2.5500,2.5499,2.5499,2.5496,2.5490,2.5477,2.5449,2.5393,2.5286,2.5093,2.4767,2.4245,2.3451,2.2303,2.0715,1.8600,1.5853
1475,2.5500,2.5500,2.5500,2.5500,2.5500,2.5499,2.5498,2.5496,2.5490,2.5477,2.5449,2.5393,2.5285,2.5092,2.4766,2.4243,2.3449,2.2300,2.0712,1.8597,1.5850
1476,2.5500,2.5500,2.5500,2.5500,2.5500,2.5499,2.5498,2.5496,2.5490,2.5477,2.5449,2.5392,2.5285,2.5092,2.4765,2.4242,2.3447,2.2298,2.0710,1.8595,1.5848
1477,2.5500,2.5500,2.5500,2.5500,2.5500,2.5499,2.5498,2.5496,2.5490,2.5477,2.5449,2.5392,2.5284,2.5091,2.4764,2.4240,2.3445,2.2296,2.0707,1.8592,1.5845
1478,2.5500,2.5500,2.5500,2.5500,2.5500,2.5499,2.5498,2.5496,2.5490,2.5477,2.5449,2.5392,2.5284,2.5090,2.4763,2.4239,2.3443,2.2293,2.0704,1.8589,1.5843
1479,2.5500,2.5500,2.5500,2.5500,2.5500,2.5499,2.5498,2.5496,2.5490,2.5477,2.5449,2.5391,2.5283,2.5090,2.4762,2.4237,2.3441,2.2291,2.0702,1.8587,1.5840
1480,2.5500,2.5500,2.5500,2.5500,2.5500,2.5499,2.5498,2.5496,2.5490,2.5477,2.5448,2.5391,2.5283,2.5089,2.4761,2.4236,2.3439,2.2289,2.0699,1.8584,1.5838
1481,2.5500,2.5500,2.5500,2.5500,2.5500,2.5499,2.5498,2.5496,2.5490,2.5477,2.5448,2.5391,2.5282,2.5088,2.4760,2.4234,2.3438,2.2287,2.0697,1.8582,1.5835
1482,2.5500,2.5500,2.5500,2.5500,2.5500,2.5499,2.5498,2.5496,2.5490,2.5477,2.5448,2.5391,2.5282,2.5087,2.4759,2.4233,2.3436,2.2284,2.0694,1.8579,1.5833
1483,2.5500,2.5500,2.5500,2.5500,2.5500,2.5499,2.5498,2.5496,2.5490,2.5477,2.5448,2.5390,2.5281,2.5087,2.4757,2.4231,2.3434,2.2282,2.0692,1.8576,1.5830
1484,2.5500,2.5500,2.5500,2.5500,2.5500,2.5499,2.5498,2.5496,2.5490,2.5476,2.5448,2.5390,2.5281,2.5086,2.4756,2.4230,2.3432,2.2280,2.0689,1.8574,1.5828
1485,2.5500,2.5500,2.5500,2.5500,2.5500,2.5499,2.5498,2.5496,2.5490,2.5476,2.5448,2.5390,2.5280,2.5085,2.4755,2.4228,2.3430,2.2277,2.0687,1.8571,1.5825
1486,2.5500,2.5500,2.5500,2.5500,2.5500,2.5499,2.5498,2.5496,2.5490,2.5476,2.5447,2.5389,2.5280,2.5084,2.4754,2.4227,2.3428,2.2275,2.0684,1.8569,1.5823
1487,2.5500,2.5500,2.5500,2.5500,2.5500,2.5499,2.5498,2.5496,2.5490,2.5476,2.5447,2.5389,2.5279,2.5084,2.4753,2.4225,2.3426,2.2273,2.0682,1.8566,1.5820
1488,2.5500,2.5500,2.5500,2.5500,2.5500,2.5499,2.5498,2.5496,2.5490,2.5476,2.5447,2.5389,2.5279,2.5083,2.4752,2.4224,2.3424,2.2271,2.0679,1.8563,1.5818
1489,2.5500,2.5500,2.5500,2.5500,2.5500,2.5499,2.5498,2.5496,2.5490,2.5476,2.5447,2.5389,2.5279,2.5082,2.4751,2.4222,2.3422,2.2268,2.0677,1.8561,1.5815
1490,2.5500,2.5500,2.5500,2.5500,2.5500,2.5499,2.5498,2.5496,2.5490,2.5476,2.5447,2.5388,2.5278,2.5081,2.4750,2.4221,2.3420,2.2266,2.0674,1.8558,1.5813
1491,2.5500,2.5500,2.5500,2.5500,2.5500,2.5499,2.5498,2.5496,2.5490,2.5476,2.5447,2.5388,2.5278,2.5081,2.4749,2.4220,2.3418,2.2264,2.0672,1.8556,1.5811
1492,2.5500,2.5500,2.5500,2.5500,2.5500,2.5499,2.5498,2.5496,2.5490,2.5476,2.5446,2.5388,2.5277,2.5080,2.4748,2.4218,2.3417,2.2262,2.0669,1.8553,1.5808
1493,2.5500,2.5500,2.5500,2.5500,2.5500,2.5499,2.5498,2.5496,2.5490,2.5476,2.5446,2.5387,2.5277,2.5079,2.4747,2.4217,2.3415,2.2259,2.0667,1.8550,1.5806
1494,2.5500,2.5500,2.5500,2.5500,2.5500,2.5499,2.5498,2.5496,2.5490,2.5476,2.5446,2.5387,2.5276,2.5078,2.4745,2.4215,2.3413,2.2257,2.0664,1.8548,1.5803
1495,2.5500,2.5500,2.5500,2.5500,2.5500,2.5499,2.5498,2.5496,2.5489,2.5476,2.5446,2.5387,2.5276,2.5078,2.4744,2.4214,2.3411,2.2255,2.0661,1.8545,1.5801
1496,2.5500,2.5500,2.5500,2.5500,2.5500,2.5499,2.5498,2.5496,2.5489,2.5475,2.5446,2.5387,2.5275,2.5077,2.4743,2.4212,2.3409,2.2252,2.0659,1.8543,1.5798
1497,2.5500,2.5500,2.5500,2.5500,2.5500,2.5499,2.5498,2.5496,2.5489,2.5475,2.5446,2.5386,2.5275,2.5076,2.4742,2.4211,2.3407,2.2250,2.0656,1.8540,1.5796
1498,2.5500,2.5500,2.5500,2.5500,2.5500,2.5499,2.5498,2.5496,2.5489,2.5475,2.5445,2.5386,2.5274,2.5075,2.4741,2.4209,2.3405,2.2248,2.0654,1.8537,1.5793
1499,2.5500,2.5500,2.5500,2.5500,2.5500,2.5499,2.5498,2.5496,2.5489,2.5475,2.5445,2.5386,2.5274,2.5075,2.4740,2.4208,2.3403,2.2246,2.0651,1.8535,1.5791
1500,2.5500,2.5500,2.5500,2.5500,2.5500,2.5499,2.5498,2.5496,2.5489,2.5475,2.5445,2.5385,2.5273,2.5074,2.4739,2.4206,2.3401,2.2243,2.0649,1.8532,1.5788
1501,2.5500,2.5500,2.5500,2.5500,2.5500,2.5499,2.5498,2.5496,2.5489,2.5475,2.5445,2.5385,2.5273,2.5073,2.4738,2.4205,2.3399,2.2241,2.0646,1.8530,1.5786
1502,2.5500,2.5500,2.5500,2.5500,2.5500,2.5499,2.5498,2.5496,2.5489,2.5475,2.5445,2.5385,2.5272,2.5072,2.4737,2.4203,2.3397,2.2239,2.0644,1.8527,1.5784
1503,2.5500,2.5500,2.5500,2.5500,2.5500,2.5499,2.5498,2.5496,2.5489,2.5475,2.5445,2.5385,2.5272,2.5072,2.4736,2.4202,2.3396,2.2237,2.0641,1.8524,1.5781
1504,2.5500,2.5500,2.5500,2.5500,2.5500,2.5499,2.5498,2.5496,2.5489,2.5475,2.5444,2.5384,2.5271,2.5071,2.4734,2.4200,2.3394,2.2234,2.0639,1.8522,1.5779
1505,2.5500,2.5500,2.5500,2.5500,2.5500,2.5499,2.5498,2.5495,2.5489,2.5475,2.5444,2.5384,2.5271,2.5070,2.4733,2.4199,2.3392,2.2232,2.0636,1.8519,1.5776
1506,2.5500,2.5500,2.5500,2.5500,2.5500,2.5499,2.5498,2.5495,2.5489,2.5475,2.5444,2.5384,2.5270,2.5069,2.4732,2.4197,2.3390,2.2230,2.0634,1.8517,1.5774
1507,2.5500,2.5500,2.5500,2.5500,2.5500,2.5499,2.5498,2.5495,2.5489,2.5474,2.5444,2.5383,2.5270,2.5069,2.4731,2.4196,2.3388,2.2228,2.0631,1.8514,1.5771
1508,2.5500,2.5500,2.5500,2.5500,2.5500,2.5499,2.5498,2.5495,2.5489,2.5474,2.5444,2.5383,2.5269,2.5068,2.4730,2.4194,2.3386,2.2225,2.0629,1.8512,1.5769
1509,2.5500,2.5500,2.5500,2.5500,2.5500,2.5499,2.5498,2.5495,2.5489,2.5474,2.5444,2.5383,2.5269,2.5067,2.4729,2.4193,2.3384,2.2223,2.0626,1.8509,1.5766
1510,2.5500,2.5500,2.5500,2.5500,2.5500,2.5499,2.5498,2.5495,2.5489,2.5474,2.5443,2.5383,2.5268,2.5066,2.4728,2.4191,2.3382,2.2221,2.0624,1.8506,1.5764
1511,2.5500,2.5500,2.5500,2.5500,2.5500,2.5499,2.5498,2.5495,2.5489,2.5474,2.5443,2.5382,2.5268,2.5066,2.4727,2.4190,2.3380,2.2219,2.0621,1.8504,1.5762
1512,2.5500,2.5500,2.5500,2.5500,2.5500,2.5499,2.5498,2.5495,2.5489,2.5474,2.5443,2.5382,2.5267,2.5065,2.4726,2.4188,2.3378,2.2216,2.0619,1.8501,1.5759
1513,2.5500,2.5500,2.5500,2.5500,2.5500,2.5499,2.5498,2.5495,2.5489,2.5474,2.5443,2.5382,2.5267,2.5064,2.4725,2.4187,2.3377,2.2214,2.0616,1.8499,1.5757
1514,2.5500,2.5500,2.5500,2.5500,2.5500,2.5499,2.5498,2.5495,2.5489,2.5474,2.5443,2.5381,2.5266,2.5063,2.4723,2.4185,2.3375,2.2212,2.0614,1.8496,1.5754
1515,2.5500,2.5500,2.5500,2.5500,2.5500,2.5499,2.5498,2.5495,2.5489,2.5474,2.5443,2.5381,2.5266,2.5062,2.4722,2.4184,2.3373,2.2209,2.0611,1.8494,1.5752
1516,2.5500,2.5500,2.5500,2.5500,2.5500,2.5499,2.5498,2.5495,2.5489,2.5474,2.5442,2.5381,2.5265,2.5062,2.4721,2.4182,2.3371,2.2207,2.0609,1.8491,1.5749
1517,2.5500,2.5500,2.5500,2.5500,2.5500,2.5499,2.5498,2.5495,2.5489,2.5474,2.5442,2.5380,2.5265,2.5061,2.4720,2.4181,2.3369,2.2205,2.0606,1.8488,1.5747
1518,2.5500,2.5500,2.5500,2.5500,2.5500,2.5499,2.5498,2.5495,2.5488,2.5473,2.5442,2.5380,2.5264,2.5060,2.4719,2.4179,2.3367,2.2203,2.0604,1.8486,1.5744
1519,2.5500,2.5500,2.5500,2.5500,2.5500,2.5499,2.5498,2.5495,2.5488,2.5473,2.5442,2.5380,2.5264,2.5059,2.4718,2.4178,2.3365,2.2200,2.0601,1.8483,1.5742
1520,2.5500,2.5500,2.5500,2.5500,2.5500,2.5499,2.5498,2.5495,2.5488,2.5473,2.5442,2.5380,2.5263,2.5059,2.4717,2.4176,2.3363,2.2198,2.0599,1.8481,1.5740
1521,2.5500,2.5500,2.5500,2.5500,2.5500,2.5499,2.5498,2.5495,2.5488,2.5473,2.5442,2.5379,2.5263,2.5058,2.4716,2.4175,2.3361,2.2196,2.0596,1.8478,1.5737
1522,2.5500,2.5500,2.5500,2.5500,2.5500,2.5499,2.5498,2.5495,2.5488,2.5473,2.5441,2.5379,2.5262,2.5057,2.4715,2.4173,2.3359,2.2194,2.0594,1.8476,1.5735
1523,2.5500,2.5500,2.5500,2.5500,2.5500,2.5499,2.5498,2.5495,2.5488,2.5473,2.5441,2.5379,2.5262,2.5056,2.4714,2.4172,2.3358,2.2191,2.0591,1.8473,1.5732
1524,2.5500,2.5500,2.5500,2.5500,2.5500,2.5499,2.5498,2.5495,2.5488,2.5473,2.5441,2.5378,2.5262,2.5056,2.4712,2.4170,2.3356,2.2189,2.0589,1.8471,1.5730
1525,2.5500,2.5500,2.5500,2.5500,2.5500,2.5499,2.5498,2.5495,2.5488,2.5473,2.5441,2.5378,2.5261,2.5055,2.4711,2.4169,2.3354,2.2187,2.0586,1.8468,1.5727
1526,2.5500,2.5500,2.5500,2.5500,2.5500,2.5499,2.5498,2.5495,2.5488,2.5473,2.5441,2.5378,2.5261,2.5054,2.4710,2.4167,2.3352,2.2185,2.0584,1.8465,1.5725
1527,2.5500,2.5500,2.5500,2.5500,2.5500,2.5499,2.5498,2.5495,2.5488,2.5473,2.5441,2.5377,2.5260,2.5053,2.4709,2.4166,2.3350,2.2182,2.0581,1.8463,1.5723
1528,2.5500,2.5500,2.5500,2.5500,2.5500,2.5499,2.5498,2.5495,2.5488,2.5473,2.5440,2.5377,2.5260,2.5053,2.4708,2.4164,2.3348,2.2180,2.0579,1.8460,1.5720
1529,2.5500,2.5500,2.5500,2.5500,2.5500,2.5499,2.5498,2.5495,2.5488,2.5472,2.5440,2.5377,2.5259,2.5052,2.4707,2.4163,2.3346,2.2178,2.0576,1.8458,1.5718
1530,2.5500,2.5500,2.5500,2.5500,2.5500,2.5499,2.5498,2.5495,2.5488,2.5472,2.5440,2.5377,2.5259,2.5051,2.4706,2.4161,2.3344,2.2176,2.0574,1.8455,1.5715
1531,2.5500,2.5500,2.5500,2.5500,2.5500,2.5499,2.5498,2.5495,2.5488,2.5472,2.5440,2.5376,2.5258,2.5050,2.4705,2.4160,2.3342,2.2173,2.0571,1.8453,1.5713
1532,2.5500,2.5500,2.5500,2.5500,2.5500,2.5499,2.5498,2.5495,2.5488,2.5472,2.5440,2.5376,2.5258,2.5050,2.4704,2.4158,2.3340,2.2171,2.0569,1.8450,1.5711
1533,2.5500,2.5500,2.5500,2.5500,2.5500,2.5499,2.5498,2.5495,2.5488,2.5472,2.5440,2.5376,2.5257,2.5049,2.4702,2.4157,2.3339,2.2169,2.0567,1.8448,1.5708
1534,2.5500,2.5500,2.5500,2.5500,2.5500,2.5499,2.5498,2.5495,2.5488,2.5472,2.5439,2.5375,2.5257,2.5048,2.4701,2.4155,2.3337,2.2167,2.0564,1.8445,1.5706
1535,2.5500,2.5500,2.5500,2.5500,2.5500,2.5499,2.5498,2.5495,2.5488,2.5472,2.5439,2.5375,2.5256,2.5047,2.4700,2.4154,2.3335,2.2164,2.0562,1.8443,1.5703
1536,2.5500,2.5500,2.5500,2.5500,2.5500,2.5499,2.5498,2.5495,2.5488,2.5472,2.5439,2.5375,2.5256,2.5046,2.4699,2.4152,2.3333,2.2162,2.0559,1.8440,1.5701
1537,2.5500,2.5500,2.5500,2.5500,2.5500,2.5499,2.5498,2.5495,2.5488,2.5472,2.5439,2.5374,2.5255,2.5046,2.4698,2.4151,2.3331,2.2160,2.0557,1.8437,1.5698
1538,2.5500,2.5500,2.5500,2.5500,2.5500,2.5499,2.5498,2.5495,2.5488,2.5472,2.5439,2.5374,2.5255,2.5045,2.4697,2.4149,2.3329,2.2158,2.0554,1.8435,1.5696
1539,2.5500,2.5500,2.5500,2.5500,2.5500,2.5499,2.5498,2.5495,2.5487,2.5472,2.5439,2.5374,2.5254,2.5044,2.4696,2.4148,2.3327,2.2155,2.0552,1.8432,1.5694
1540,2.5500,2.5500,2.5500,2.5500,2.5500,2.5499,2.5498,2.5495,2.5487,2.5471,2.5438,2.5374,2.5254,2.5043,2.4695,2.4146,2.3325,2.2153,2.0549,1.8430,1.5691
1541,2.5500,2.5500,2.5500,2.5500,2.5500,2.5499,2.5498,2.5495,2.5487,2.5471,2.5438,2.5373,2.5253,2.5043,2.4694,2.4145,2.3323,2.2151,2.0547,1.8427,1.5689
1542,2.5500,2.5500,2.5500,2.5500,2.5500,2.5499,2.5498,2.5495,2.5487,2.5471,2.5438,2.5373,2.5253,2.5042,2.4693,2.4143,2.3321,2.2149,2.0544,1.8425,1.5686
1543,2.5500,2.5500,2.5500,2.5500,2.5500,2.5499,2.5498,2.5495,2.5487,2.5471,2.5438,2.5373,2.5252,2.5041,2.4691,2.4142,2.3320,2.2147,2.0542,1.8422,1.5684
1544,2.5500,2.5500,2.5500,2.5500,2.5500,2.5499,2.5498,2.5495,2.5487,2.5471,2.5438,2.5372,2.5252,2.5040,2.4690,2.4140,2.3318,2.2144,2.0539,1.8420,1.5682
1545,2.5500,2.5500,2.5500,2.5500,2.5500,2.5499,2.5498,2.5495,2.5487,2.5471,2.5437,2.5372,2.5251,2.5039,2.4689,2.4139,2.3316,2.2142,2.0537,1.8417,1.5679
1546,2.5500,2.5500,2.5500,2.5500,2.5500,2.5499,2.5498,2.5495,2.5487,2.5471,2.5437,2.5372,2.5251,2.5039,2.4688,2.4137,2.3314,2.2140,2.0534,1.8415,1.5677
1547,2.5500,2.5500,2.5500,2.5500,2.5500,2.5499,2.5498,2.5495,2.5487,2.5471,2.5437,2.5371,2.5250,2.5038,2.4687,2.4136,2.3312,2.2138,2.0532,1.8412,1.5674
1548,2.5500,2.5500,2.5500,2.5500,2.5500,2.5499,2.5498,2.5495,2.5487,2.5471,2.5437,2.5371,2.5250,2.5037,2.4686,2.4134,2.3310,2.2135,2.0529,1.8410,1.5672
1549,2.5500,2.5500,2.5500,2.5500,2.5500,2.5499,2.5498,2.5495,2.5487,2.5471,2.5437,2.5371,2.5249,2.5036,2.4685,2.4133,2.3308,2.2133,2.0527,1.8407,1.5670
1550,2.5500,2.5500,2.5500,2.5500,2.5500,2.5499,2.5498,2.5495,2.5487,2.5470,2.5437,2.5370,2.5248,2.5036,2.4684,2.4131,2.3306,2.2131,2.0525,1.8405,1.5667
1551,2.5500,2.5500,2.5500,2.5500,2.5500,2.5499,2.5498,2.5494,2.5487,2.5470,2.5436,2.5370,2.5248,2.5035,2.4682,2.4130,2.3304,2.2129,2.0522,1.8402,1.5665
1552,2.5500,2.5500,2.5500,2.5500,2.5500,2.5499,2.5498,2.5494,2.5487,2.5470,2.5436,2.5370,2.5247,2.5034,2.4681,2.4128,2.3303,2.2126,2.0520,1.8399,1.5663
1553,2.5500,2.5500,2.5500,2.5500,2.5500,2.5499,2.5498,2.5494,2.5487,2.5470,2.5436,2.5370,2.5247,2.5033,2.4680,2.4127,2.3301,2.2124,2.0517,1.8397,1.5660
1554,2.5500,2.5500,2.5500,2.5500,2.5500,2.5499,2.5498,2.5494,2.5487,2.5470,2.5436,2.5369,2.5246,2.5033,2.4679,2.4125,2.3299,2.2122,2.0515,1.8394,1.5658
1555,2.5500,2.5500,2.5500,2.5500,2.5500,2.5499,2.5498,2.5494,2.5487,2.5470,2.5436,2.5369,2.5246,2.5032,2.4678,2.4124,2.3297,2.2120,2.0512,1.8392,1.5655
1556,2.5500,2.5500,2.5500,2.5500,2.5500,2.5499,2.5498,2.5494,2.5487,2.5470,2.5436,2.5369,2.5245,2.5031,2.4677,2.4122,2.3295,2.2117,2.0510,1.8389,1.5653
1557,2.5500,2.5500,2.5500,2.5500,2.5500,2.5499,2.5498,2.5494,2.5487,2.5470,2.5435,2.5368,2.5245,2.5030,2.4676,2.4121,2.3293,2.2115,2.0507,1.8387,1.5651
1558,2.5500,2.5500,2.5500,2.5500,2.5500,2.5499,2.5498,2.5494,2.5487,2.5470,2.5435,2.5368,2.5244,2.5029,2.4675,2.4119,2.3291,2.2113,2.0505,1.8384,1.5648
1559,2.5500,2.5500,2.5500,2.5500,2.5500,2.5499,2.5498,2.5494,2.5487,2.5470,2.5435,2.5368,2.5244,2.5029,2.4674,2.4118,2.3289,2.2111,2.0502,1.8382,1.5646
1560,2.5500,2.5500,2.5500,2.5500,2.5500,2.5499,2.5498,2.5494,2.5486,2.5470,2.5435,2.5367,2.5243,2.5028,2.4672,2.4116,2.3287,2.2109,2.0500,1.8379,1.5643
1561,2.5500,2.5500,2.5500,2.5500,2.5500,2.5499,2.5498,2.5494,2.5486,2.5469,2.5435,2.5367,2.5243,2.5027,2.4671,2.4115,2.3286,2.2106,2.0497,1.8377,1.5641
1562,2.5500,2.5500,2.5500,2.5500,2.5500,2.5499,2.5498,2.5494,2.5486,2.5469,2.5434,2.5367,2.5242,2.5026,2.4670,2.4113,2.3284,2.2104,2.0495,1.8374,1.5639
1563,2.5500,2.5500,2.5500,2.5500,2.5500,2.5499,2.5498,2.5494,2.5486,2.5469,2.5434,2.5366,2.5242,2.5026,2.4669,2.4112,2.3282,2.2102,2.0493,1.8372,1.5636
1564,2.5500,2.5500,2.5500,2.5500,2.5500,2.5499,2.5498,2.5494,2.5486,2.5469,2.5434,2.5366,2.5241,2.5025,2.4668,2.4110,2.3280,2.2100,2.0490,1.8369,1.5634
1565,2.5500,2.5500,2.5500,2.5500,2.5500,2.5499,2.5498,2.5494,2.5486,2.5469,2.5434,2.5366,2.5241,2.5024,2.4667,2.4109,2.3278,2.2097,2.0488,1.8367,1.5632
1566,2.5500,2.5500,2.5500,2.5500,2.5500,2.5499,2.5498,2.5494,2.5486,2.5469,2.5434,2.5365,2.5240,2.5023,2.4666,2.4107,2.3276,2.2095,2.0485,1.8364,1.5629
1567,2.5500,2.5500,2.5500,2.5500,2.5500,2.5499,2.5498,2.5494,2.5486,2.5469,2.5434,2.5365,2.5240,2.5022,2.4665,2.4106,2.3274,2.2093,2.0483,1.8362,1.5627
1568,2.5500,2.5500,2.5500,2.5500,2.5500,2.5499,2.5498,2.5494,2.5486,2.5469,2.5433,2.5365,2.5239,2.5022,2.4664,2.4104,2.3272,2.2091,2.0480,1.8359,1.5624
1569,2.5500,2.5500,2.5500,2.5500,2.5500,2.5499,2.5498,2.5494,2.5486,2.5469,2.5433,2.5364,2.5239,2.5021,2.4662,2.4103,2.3270,2.2089,2.0478,1.8357,1.5622
1570,2.5500,2.5500,2.5500,2.5500,2.5500,2.5499,2.5498,2.5494,2.5486,2.5469,2.5433,2.5364,2.5238,2.5020,2.4661,2.4101,2.3269,2.2086,2.0475,1.8354,1.5620
1571,2.5500,2.5500,2.5500,2.5500,2.5500,2.5499,2.5498,2.5494,2.5486,2.5468,2.5433,2.5364,2.5238,2.5019,2.4660,2.4100,2.3267,2.2084,2.0473,1.8352,1.5617
1572,2.5500,2.5500,2.5500,2.5500,2.5500,2.5499,2.5498,2.5494,2.5486,2.5468,2.5433,2.5364,2.5237,2.5018,2.4659,2.4098,2.3265,2.2082,2.0471,1.8349,1.5615
1573,2.5500,2.5500,2.5500,2.5500,2.5500,2.5499,2.5498,2.5494,2.5486,2.5468,2.5432,2.5363,2.5237,2.5018,2.4658,2.4097,2.3263,2.2080,2.0468,1.8347,1.5613
1574,2.5500,2.5500,2.5500,2.5500,2.5500,2.5499,2.5498,2.5494,2.5486,2.5468,2.5432,2.5363,2.5236,2.5017,2.4657,2.4095,2.3261,2.2077,2.0466,1.8344,1.5610
1575,2.5500,2.5500,2.5500,2.5500,2.5500,2.5499,2.5498,2.5494,2.5486,2.5468,2.5432,2.5363,2.5236,2.5016,2.4656,2.4094,2.3259,2.2075,2.0463,1.8342,1.5608
1576,2.5500,2.5500,2.5500,2.5500,2.5500,2.5499,2.5498,2.5494,2.5486,2.5468,2.5432,2.5362,2.5235,2.5015,2.4655,2.4092,2.3257,2.2073,2.0461,1.8339,1.5605
1577,2.5500,2.5500,2.5500,2.5500,2.5500,2.5499,2.5497,2.5494,2.5486,2.5468,2.5432,2.5362,2.5235,2.5015,2.4653,2.4091,2.3255,2.2071,2.0458,1.8337,1.5603
1578,2.5500,2.5500,2.5500,2.5500,2.5500,2.5499,2.5497,2.5494,2.5486,2.5468,2.5431,2.5362,2.5234,2.5014,2.4652,2.4089,2.3253,2.2069,2.0456,1.8334,1.5601
1579,2.5500,2.5500,2.5500,2.5500,2.5500,2.5499,2.5497,2.5494,2.5485,2.5468,2.5431,2.5361,2.5234,2.5013,2.4651,2.4088,2.3252,2.2066,2.0454,1.8332,1.5598
1580,2.5500,2.5500,2.5500,2.5500,2.5500,2.5499,2.5497,2.5494,2.5485,2.5468,2.5431,2.5361,2.5233,2.5012,2.4650,2.4086,2.3250,2.2064,2.0451,1.8329,1.5596
1581,2.5500,2.5500,2.5500,2.5500,2.5500,2.5499,2.5497,2.5494,2.5485,2.5467,2.5431,2.5361,2.5233,2.5011,2.4649,2.4085,2.3248,2.2062,2.0449,1.8327,1.5594
1582,2.5500,2.5500,2.5500,2.5500,2.5500,2.5499,2.5497,2.5494,2.5485,2.5467,2.5431,2.5360,2.5232,2.5011,2.4648,2.4083,2.3246,2.2060,2.0446,1.8324,1.5591
1583,2.5500,2.5500,2.5500,2.5500,2.5500,2.5499,2.5497,2.5494,2.5485,2.5467,2.5431,2.5360,2.5232,2.5010,2.4647,2.4082,2.3244,2.2057,2.0444,1.8322,1.5589
1584,2.5500,2.5500,2.5500,2.5500,2.5500,2.5499,2.5497,2.5494,2.5485,2.5467,2.5430,2.5360,2.5231,2.5009,2.4646,2.4080,2.3242,2.2055,2.0441,1.8319,1.5587
1585,2.5500,2.5500,2.5500,2.5500,2.5500,2.5499,2.5497,2.5494,2.5485,2.5467,2.5430,2.5359,2.5231,2.5008,2.4644,2.4079,2.3240,2.2053,2.0439,1.8317,1.5584
1586,2.5500,2.5500,2.5500,2.5500,2.5500,2.5499,2.5497,2.5494,2.5485,2.5467,2.5430,2.5359,2.5230,2.5007,2.4643,2.4077,2.3238,2.2051,2.0436,1.8314,1.5582
1587,2.5500,2.5500,2.5500,2.5500,2.5500,2.5499,2.5497,2.5494,2.5485,2.5467,2.5430,2.5359,2.5229,2.5007,2.4642,2.4076,2.3236,2.2049,2.0434,1.8312,1.5580
1588,2.5500,2.5500,2.5500,2.5500,2.5500,2.5499,2.5497,2.5494,2.5485,2.5467,2.5430,2.5358,2.5229,2.5006,2.4641,2.4074,2.3235,2.2046,2.0432,1.8309,1.5577
1589,2.5500,2.5500,2.5500,2.5500,2.5500,2.5499,2.5497,2.5494,2.5485,2.5467,2.5429,2.5358,2.5228,2.5005,2.4640,2.4073,2.3233,2.2044,2.0429,1.8307,1.5575
1590,2.5500,2.5500,2.5500,2.5500,2.5500,2.5499,2.5497,2.5494,2.5485,2.5466,2.5429,2.5358,2.5228,2.5004,2.4639,2.4071,2.3231,2.2042,2.0427,1.8304,1.5573
1591,2.5500,2.5500,2.5500,2.5500,2.5500,2.5499,2.5497,2.5493,2.5485,2.5466,2.5429,2.5357,2.5227,2.5003,2.4638,2.4070,2.3229,2.2040,2.0424,1.8302,1.5570
1592,2.5500,2.5500,2.5500,2.5500,2.5500,2.5499,2.5497,2.5493,2.5485,2.5466,2.5429,2.5357,2.5227,2.5003,2.4637,2.4068,2.3227,2.2038,2.0422,1.8300,1.5568
1593,2.5500,2.5500,2.5500,2.5500,2.5500,2.5499,2.5497,2.5493,2.5485,2.5466,2.5429,2.5357,2.5226,2.5002,2.4635,2.4067,2.3225,2.2035,2.0420,1.8297,1.5566
1594,2.5500,2.5500,2.5500,2.5500,2.5500,2.5499,2.5497,2.5493,2.5485,2.5466,2.5428,2.5356,2.5226,2.5001,2.4634,2.4065,2.3223,2.2033,2.0417,1.8295,1.5563
1595,2.5500,2.5500,2.5500,2.5500,2.5500,2.5499,2.5497,2.5493,2.5485,2.5466,2.5428,2.5356,2.5225,2.5000,2.4633,2.4064,2.3221,2.2031,2.0415,1.8292,1.5561
1596,2.5500,2.5500,2.5500,2.5500,2.5500,2.5499,2.5497,2.5493,2.5485,2.5466,2.5428,2.5356,2.5225,2.4999,2.4632,2.4062,2.3220,2.2029,2.0412,1.8290,1.5558
1597,2.5500,2.5500,2.5500,2.5500,2.5500,2.5499,2.5497,2.5493,2.5484,2.5466,2.5428,2.5355,2.5224,2.4999,2.4631,2.4061,2.3218,2.2027,2.0410,1.8287,1.5556
1598,2.5500,2.5500,2.5500,2.5500,2.5500,2.5499,2.5497,2.5493,2.5484,2.5466,2.5428,2.5355,2.5224,2.4998,2.4630,2.4059,2.3216,2.2024,2.0407,1.8285,1.5554
1599,2.5500,2.5500,2.5500,2.5500,2.5500,2.5499,2.5497,2.5493,2.5484,2.5466,2.5427,2.5355,2.5223,2.4997,2.4629,2.4058,2.3214,2.2022,2.0405,1.8282,1.5551
1600,2.5500,2.5500,2.5500,2.5500,2.5500,2.5499,2.5497,2.5493,2.5484,2.5465,2.5427,2.5354,2.5223,2.4996,2.4628,2.4056,2.3212,2.2020,2.0403,1.8280,1.5549
1601,2.5500,2.5500,2.5500,2.5500,2.5500,2.5499,2.5497,2.5493,2.5484,2.5465,2.5427,2.5354,2.5222,2.4996,2.4626,2.4055,2.3210,2.2018,2.0400,1.8277,1.5547
1602,2.5500,2.5500,2.5500,2.5500,2.5500,2.5499,2.5497,2.5493,2.5484,2.5465,2.5427,2.5354,2.5222,2.4995,2.4625,2.4053,2.3208,2.2016,2.0398,1.8275,1.5544
1603,2.5500,2.5500,2.5500,2.5500,2.5500,2.5499,2.5497,2.5493,2.5484,2.5465,2.5427,2.5353,2.5221,2.4994,2.4624,2.4052,2.3206,2.2013,2.0395,1.8272,1.5542
1604,2.5500,2.5500,2.5500,2.5500,2.5500,2.5499,2.5497,2.5493,2.5484,2.5465,2.5427,2.5353,2.5221,2.4993,2.4623,2.4050,2.3204,2.2011,2.0393,1.8270,1.5540
1605,2.5500,2.5500,2.5500,2.5500,2.5500,2.5499,2.5497,2.5493,2.5484,2.5465,2.5426,2.5353,2.5220,2.4992,2.4622,2.4049,2.3203,2.2009,2.0391,1.8267,1.5537
1606,2.5500,2.5500,2.5500,2.5500,2.5500,2.5499,2.5497,2.5493,2.5484,2.5465,2.5426,2.5352,2.5219,2.4992,2.4621,2.4047,2.3201,2.2007,2.0388,1.8265,1.5535
1607,2.5500,2.5500,2.5500,2.5500,2.5500,2.5499,2.5497,2.5493,2.5484,2.5465,2.5426,2.5352,2.5219,2.4991,2.4620,2.4046,2.3199,2.2005,2.0386,1.8263,1.5533
1608,2.5500,2.5500,2.5500,2.5500,2.5500,2.5499,2.5497,2.5493,2.5484,2.5465,2.5426,2.5352,2.5218,2.4990,2.4618,2.4044,2.3197,2.2002,2.0383,1.8260,1.5531
1609,2.5500,2.5500,2.5500,2.5500,2.5500,2.5499,2.5497,2.5493,2.5484,2.5464,2.5426,2.5351,2.5218,2.4989,2.4617,2.4042,2.3195,2.2000,2.0381,1.8258,1.5528
1610,2.5500,2.5500,2.5500,2.5500,2.5500,2.5499,2.5497,2.5493,2.5484,2.5464,2.5425,2.5351,2.5217,2.4988,2.4616,2.4041,2.3193,2.1998,2.0379,1.8255,1.5526
1611,2.5500,2.5500,2.5500,2.5500,2.5500,2.5499,2.5497,2.5493,2.5484,2.5464,2.5425,2.5351,2.5217,2.4988,2.4615,2.4039,2.3191,2.1996,2.0376,1.8253,1.5524
1612,2.5500,2.5500,2.5500,2.5500,2.5500,2.5499,2.5497,2.5493,2.5484,2.5464,2.5425,2.5350,2.5216,2.4987,2.4614,2.4038,2.3189,2.1994,2.0374,1.8250,1.5521
1613,2.5500,2.5500,2.5500,2.5500,2.5500,2.5499,2.5497,2.5493,2.5484,2.5464,2.5425,2.5350,2.5216,2.4986,2.4613,2.4036,2.3188,2.1991,2.0371,1.8248,1.5519
1614,2.5500,2.5500,2.5500,2.5500,2.5500,2.5499,2.5497,2.5493,2.5484,2.5464,2.5425,2.5350,2.5215,2.4985,2.4612,2.4035,2.3186,2.1989,2.0369,1.8245,1.5517
1615,2.5500,2.5500,2.5500,2.5500,2.5500,2.5499,2.5497,2.5493,2.5483,2.5464,2.5424,2.5349,2.5215,2.4984,2.4611,2.4033,2.3184,2.1987,2.0366,1.8243,1.5514
1616,2.5500,2.5500,2.5500,2.5500,2.5500,2.5499,2.5497,2.5493,2.5483,2.5464,2.5424,2.5349,2.5214,2.4984,2.4609,2.4032,2.3182,2.1985,2.0364,1.8240,1.5512
1617,2.5500,2.5500,2.5500,2.5500,2.5500,2.5499,2.5497,2.5493,2.5483,2.5464,2.5424,2.5349,2.5214,2.4983,2.4608,2.4030,2.3180,2.1983,2.0362,1.8238,1.5510
1618,2.5500,2.5500,2.5500,2.5500,2.5500,2.5499,2.5497,2.5493,2.5483,2.5463,2.5424,2.5348,2.5213,2.4982,2.4607,2.4029,2.3178,2.1980,2.0359,1.8236,1.5507
1619,2.5500,2.5500,2.5500,2.5500,2.5500,2.5499,2.5497,2.5493,2.5483,2.5463,2.5424,2.5348,2.5213,2.4981,2.4606,2.4027,2.3176,2.1978,2.0357,1.8233,1.5505
1620,2.5500,2.5500,2.5500,2.5500,2.5500,2.5499,2.5497,2.5493,2.5483,2.5463,2.5423,2.5348,2.5212,2.4980,2.4605,2.4026,2.3174,2.1976,2.0355,1.8231,1.5503
1621,2.5500,2.5500,2.5500,2.5500,2.5500,2.5499,2.5497,2.5493,2.5483,2.5463,2.5423,2.5347,2.5211,2.4979,2.4604,2.4024,2.3173,2.1974,2.0352,1.8228,1.5500
1622,2.5500,2.5500,2.5500,2.5500,2.5500,2.5499,2.5497,2.5493,2.5483,2.5463,2.5423,2.5347,2.5211,2.4979,2.4603,2.4023,2.3171,2.1972,2.0350,1.8226,1.5498
1623,2.5500,2.5500,2.5500,2.5500,2.5500,2.5499,2.5497,2.5493,2.5483,2.5463,2.5423,2.5347,2.5210,2.4978,2.4601,2.4021,2.3169,2.1969,2.0347,1.8223,1.5496
1624,2.5500,2.5500,2.5500,2.5500,2.5500,2.5499,2.5497,2.5493,2.5483,2.5463,2.5423,2.5346,2.5210,2.4977,2.4600,2.4020,2.3167,2.1967,2.0345,1.8221,1.5493
1625,2.5500,2.5500,2.5500,2.5500,2.5500,2.5499,2.5497,2.5493,2.5483,2.5463,2.5422,2.5346,2.5209,2.4976,2.4599,2.4018,2.3165,2.1965,2.0343,1.8218,1.5491
1626,2.5500,2.5500,2.5500,2.5500,2.5500,2.5499,2.5497,2.5492,2.5483,2.5463,2.5422,2.5346,2.5209,2.4975,2.4598,2.4017,2.3163,2.1963,2.0340,1.8216,1.5489
1627,2.5500,2.5500,2.5500,2.5500,2.5500,2.5499,2.5497,2.5492,2.5483,2.5462,2.5422,2.5345,2.5208,2.4975,2.4597,2.4015,2.3161,2.1961,2.0338,1.8214,1.5487
1628,2.5500,2.5500,2.5500,2.5500,2.5500,2.5499,2.5497,2.5492,2.5483,2.5462,2.5422,2.5345,2.5208,2.4974,2.4596,2.4014,2.3159,2.1959,2.0335,1.8211,1.5484
1629,2.5500,2.5500,2.5500,2.5500,2.5500,2.5499,2.5497,2.5492,2.5483,2.5462,2.5422,2.5345,2.5207,2.4973,2.4595,2.4012,2.3158,2.1956,2.0333,1.8209,1.5482
1630,2.5500,2.5500,2.5500,2.5500,2.5499,2.5499,2.5497,2.5492,2.5483,2.5462,2.5421,2.5344,2.5207,2.4972,2.4593,2.4011,2.3156,2.1954,2.0331,1.8206,1.5480
1631,2.5500,2.5500,2.5500,2.5500,2.5499,2.5499,2.5497,2.5492,2.5483,2.5462,2.5421,2.5344,2.5206,2.4971,2.4592,2.4009,2.3154,2.1952,2.0328,1.8204,1.5477
1632,2.5500,2.5500,2.5500,2.5500,2.5499,2.5499,2.5497,2.5492,2.5482,2.5462,2.5421,2.5344,2.5206,2.4971,2.4591,2.4008,2.3152,2.1950,2.0326,1.8201,1.5475
1633,2.5500,2.5500,2.5500,2.5500,2.5499,2.5499,2.5497,2.5492,2.5482,2.5462,2.5421,2.5343,2.5205,2.4970,2.4590,2.4006,2.3150,2.1948,2.0323,1.8199,1.5473
1634,2.5500,2.5500,2.5500,2.5500,2.5499,2.5499,2.5497,2.5492,2.5482,2.5462,2.5421,2.5343,2.5204,2.4969,2.4589,2.4005,2.3148,2.1945,2.0321,1.8197,1.5470
1635,2.5500,2.5500,2.5500,2.5500,2.5499,2.5499,2.5497,2.5492,2.5482,2.5462,2.5420,2.5343,2.5204,2.4968,2.4588,2.4003,2.3146,2.1943,2.0319,1.8194,1.5468
1636,2.5500,2.5500,2.5500,2.5500,2.5499,2.5499,2.5497,2.5492,2.5482,2.5461,2.5420,2.5342,2.5203,2.4967,2.4587,2.4002,2.3145,2.1941,2.0316,1.8192,1.5466
1637,2.5500,2.5500,2.5500,2.5500,2.5499,2.5499,2.5497,2.5492,2.5482,2.5461,2.5420,2.5342,2.5203,2.4967,2.4586,2.4000,2.3143,2.1939,2.0314,1.8189,1.5464
1638,2.5500,2.5500,2.5500,2.5500,2.5499,2.5499,2.5497,2.5492,2.5482,2.5461,2.5420,2.5342,2.5202,2.4966,2.4584,2.3999,2.3141,2.1937,2.0312,1.8187,1.5461
1639,2.5500,2.5500,2.5500,2.5500,2.5499,2.5499,2.5497,2.5492,2.5482,2.5461,2.5420,2.5341,2.5202,2.4965,2.4583,2.3997,2.3139,2.1935,2.0309,1.8184,1.5459
1640,2.5500,2.5500,2.5500,2.5500,2.5499,2.5499,2.5497,2.5492,2.5482,2.5461,2.5419,2.5341,2.5201,2.4964,2.4582,2.3996,2.3137,2.1932,2.0307,1.8182,1.5457
1641,2.5500,2.5500,2.5500,2.5500,2.5499,2.5499,2.5497,2.5492,2.5482,2.5461,2.5419,2.5341,2.5201,2.4963,2.4581,2.3994,2.3135,2.1930,2.0304,1.8180,1.5454
1642,2.5500,2.5500,2.5500,2.5500,2.5499,2.5499,2.5497,2.5492,2.5482,2.5461,2.5419,2.5340,2.5200,2.4962,2.4580,2.3993,2.3133,2.1928,2.0302,1.8177,1.5452
1643,2.5500,2.5500,2.5500,2.5500,2.5499,2.5499,2.5497,2.5492,2.5482,2.5461,2.5419,2.5340,2.5200,2.4962,2.4579,2.3991,2.3131,2.1926,2.0300,1.8175,1.5450
1644,2.5500,2.5500,2.5500,2.5500,2.5499,2.5499,2.5497,2.5492,2.5482,2.5461,2.5418,2.5340,2.5199,2.4961,2.4578,2.3990,2.3130,2.1924,2.0297,1.8172,1.5447
1645,2.5500,2.5500,2.5500,2.5500,2.5499,2.5499,2.5497,2.5492,2.5482,2.5460,2.5418,2.5339,2.5198,2.4960,2.4576,2.3988,2.3128,2.1921,2.0295,1.8170,1.5445
1646,2.5500,2.5500,2.5500,2.5500,2.5499,2.5499,2.5497,2.5492,2.5482,2.5460,2.5418,2.5339,2.5198,2.4959,2.4575,2.3987,2.3126,2.1919,2.0293,1.8167,1.5443
1647,2.5500,2.5500,2.5500,2.5500,2.5499,2.5499,2.5497,2.5492,2.5482,2.5460,2.5418,2.5339,2.5197,2.4958,2.4574,2.3985,2.3124,2.1917,2.0290,1.8165,1.5441
1648,2.5500,2.5500,2.5500,2.5500,2.5499,2.5499,2.5497,2.5492,2.5481,2.5460,2.5418,2.5338,2.5197,2.4958,2.4573,2.3984,2.3122,2.1915,2.0288,1.8163,1.5438
1649,2.5500,2.5500,2.5500,2.5500,2.5499,2.5499,2.5497,2.5492,2.5481,2.5460,2.5417,2.5338,2.5196,2.4957,2.4572,2.3982,2.3120,2.1913,2.0285,1.8160,1.5436
1650,2.5500,2.5500,2.5500,2.5500,2.5499,2.5499,2.5497,2.5492,2.5481,2.5460,2.5417,2.5338,2.5196,2.4956,2.4571,2.3981,2.3118,2.1911,2.0283,1.8158,1.5434
1651,2.5500,2.5500,2.5500,2.5500,2.5499,2.5499,2.5496,2.5492,2.5481,2.5460,2.5417,2.5337,2.5195,2.4955,2.4570,2.3979,2.3116,2.1908,2.0281,1.8155,1.5432
1652,2.5500,2.5500,2.5500,2.5500,2.5499,2.5499,2.5496,2.5492,2.5481,2.5460,2.5417,2.5337,2.5195,2.4954,2.4568,2.3978,2.3115,2.1906,2.0278,1.8153,1.5429
1653,2.5500,2.5500,2.5500,2.5500,2.5499,2.5499,2.5496,2.5492,2.5481,2.5459,2.5417,2.5336,2.5194,2.4954,2.4567,2.3976,2.3113,2.1904,2.0276,1.8151,1.5427
1654,2.5500,2.5500,2.5500,2.5500,2.5499,2.5499,2.5496,2.5492,2.5481,2.5459,2.5416,2.5336,2.5193,2.4953,2.4566,2.3975,2.3111,2.1902,2.0274,1.8148,1.5425
1655,2.5500,2.5500,2.5500,2.5500,2.5499,2.5499,2.5496,2.5492,2.5481,2.5459,2.5416,2.5336,2.5193,2.4952,2.4565,2.3973,2.3109,2.1900,2.0271,1.8146,1.5422
1656,2.5500,2.5500,2.5500,2.5500,2.5499,2.5499,2.5496,2.5492,2.5481,2.5459,2.5416,2.5335,2.5192,2.4951,2.4564,2.3972,2.3107,2.1898,2.0269,1.8143,1.5420
1657,2.5500,2.5500,2.5500,2.5500,2.5499,2.5499,2.5496,2.5492,2.5481,2.5459,2.5416,2.5335,2.5192,2.4950,2.4563,2.3970,2.3105,2.1895,2.0267,1.8141,1.5418
1658,2.5500,2.5500,2.5500,2.5500,2.5499,2.5499,2.5496,2.5491,2.5481,2.5459,2.5416,2.5335,2.5191,2.4949,2.4562,2.3969,2.3103,2.1893,2.0264,1.8139,1.5416
1659,2.5500,2.5500,2.5500,2.5500,2.5499,2.5499,2.5496,2.5491,2.5481,2.5459,2.5415,2.5334,2.5191,2.4949,2.4560,2.3967,2.3102,2.1891,2.0262,1.8136,1.5413
1660,2.5500,2.5500,2.5500,2.5500,2.5499,2.5499,2.5496,2.5491,2.5481,2.5459,2.5415,2.5334,2.5190,2.4948,2.4559,2.3966,2.3100,2.1889,2.0259,1.8134,1.5411
1661,2.5500,2.5500,2.5500,2.5500,2.5499,2.5498,2.5496,2.5491,2.5481,2.5458,2.5415,2.5334,2.5190,2.4947,2.4558,2.3964,2.3098,2.1887,2.0257,1.8131,1.5409
1662,2.5500,2.5500,2.5500,2.5500,2.5499,2.5498,2.5496,2.5491,2.5481,2.5458,2.5415,2.5333,2.5189,2.4946,2.4557,2.3963,2.3096,2.1885,2.0255,1.8129,1.5407
1663,2.5500,2.5500,2.5500,2.5500,2.5499,2.5498,2.5496,2.5491,2.5481,2.5458,2.5415,2.5333,2.5188,2.4945,2.4556,2.3961,2.3094,2.1882,2.0252,1.8127,1.5404
1664,2.5500,2.5500,2.5500,2.5500,2.5499,2.5498,2.5496,2.5491,2.5480,2.5458,2.5414,2.5333,2.5188,2.4944,2.4555,2.3960,2.3092,2.1880,2.0250,1.8124,1.5402
1665,2.5500,2.5500,2.5500,2.5500,2.5499,2.5498,2.5496,2.5491,2.5480,2.5458,2.5414,2.5332,2.5187,2.4944,2.4554,2.3958,2.3090,2.1878,2.0248,1.8122,1.5400
1666,2.5500,2.5500,2.5500,2.5500,2.5499,2.5498,2.5496,2.5491,2.5480,2.5458,2.5414,2.5332,2.5187,2.4943,2.4552,2.3957,2.3089,2.1876,2.0245,1.8119,1.5397
1667,2.5500,2.5500,2.5500,2.5500,2.5499,2.5498,2.5496,2.5491,2.5480,2.5458,2.5414,2.5332,2.5186,2.4942,2.4551,2.3955,2.3087,2.1874,2.0243,1.8117,1.5395
1668,2.5500,2.5500,2.5500,2.5500,2.5499,2.5498,2.5496,2.5491,2.5480,2.5458,2.5413,2.5331,2.5186,2.4941,2.4550,2.3954,2.3085,2.1872,2.0241,1.8115,1.5393
1669,2.5500,2.5500,2.5500,2.5500,2.5499,2.5498,2.5496,2.5491,2.5480,2.5458,2.5413,2.5331,2.5185,2.4940,2.4549,2.3952,2.3083,2.1869,2.0238,1.8112,1.5391
1670,2.5500,2.5500,2.5500,2.5500,2.5499,2.5498,2.5496,2.5491,2.5480,2.5457,2.5413,2.5330,2.5185,2.4940,2.4548,2.3951,2.3081,2.1867,2.0236,1.8110,1.5388
1671,2.5500,2.5500,2.5500,2.5500,2.5499,2.5498,2.5496,2.5491,2.5480,2.5457,2.5413,2.5330,2.5184,2.4939,2.4547,2.3949,2.3079,2.1865,2.0234,1.8107,1.5386
1672,2.5500,2.5500,2.5500,2.5500,2.5499,2.5498,2.5496,2.5491,2.5480,2.5457,2.5413,2.5330,2.5183,2.4938,2.4545,2.3948,2.3077,2.1863,2.0231,1.8105,1.5384
1673,2.5500,2.5500,2.5500,2.5500,2.5499,2.5498,2.5496,2.5491,2.5480,2.5457,2.5412,2.5329,2.5183,2.4937,2.4544,2.3946,2.3076,2.1861,2.0229,1.8103,1.5382
1674,2.5500,2.5500,2.5500,2.5500,2.5499,2.5498,2.5496,2.5491,2.5480,2.5457,2.5412,2.5329,2.5182,2.4936,2.4543,2.3945,2.3074,2.1859,2.0226,1.8100,1.5379
1675,2.5500,2.5500,2.5500,2.5500,2.5499,2.5498,2.5496,2.5491,2.5480,2.5457,2.5412,2.5329,2.5182,2.4935,2.4542,2.3943,2.3072,2.1857,2.0224,1.8098,1.5377
1676,2.5500,2.5500,2.5500,2.5500,2.5499,2.5498,2.5496,2.5491,2.5480,2.5457,2.5412,2.5328,2.5181,2.4935,2.4541,2.3942,2.3070,2.1854,2.0222,1.8096,1.5375
1677,2.5500,2.5500,2.5500,2.5500,2.5499,2.5498,2.5496,2.5491,2.5480,2.5457,2.5412,2.5328,2.5181,2.4934,2.4540,2.3940,2.3068,2.1852,2.0219,1.8093,1.5373
1678,2.5500,2.5500,2.5500,2.5500,2.5499,2.5498,2.5496,2.5491,2.5480,2.5456,2.5411,2.5328,2.5180,2.4933,2.4539,2.3939,2.3066,2.1850,2.0217,1.8091,1.5370
1679,2.5500,2.5500,2.5500,2.5500,2.5499,2.5498,2.5496,2.5491,2.5479,2.5456,2.5411,2.5327,2.5180,2.4932,2.4537,2.3937,2.3064,2.1848,2.0215,1.8088,1.5368
1680,2.5500,2.5500,2.5500,2.5500,2.5499,2.5498,2.5496,2.5491,2.5479,2.5456,2.5411,2.5327,2.5179,2.4931,2.4536,2.3936,2.3063,2.1846,2.0212,1.8086,1.5366
1681,2.5500,2.5500,2.5500,2.5500,2.5499,2.5498,2.5496,2.5491,2.5479,2.5456,2.5411,2.5327,2.5178,2.4930,2.4535,2.3934,2.3061,2.1844,2.0210,1.8084,1.5364
1682,2.5500,2.5500,2.5500,2.5500,2.5499,2.5498,2.5496,2.5491,2.5479,2.5456,2.5410,2.5326,2.5178,2.4930,2.4534,2.3933,2.3059,2.1841,2.0208,1.8081,1.5361
1683,2.5500,2.5500,2.5500,2.5500,2.5499,2.5498,2.5496,2.5491,2.5479,2.5456,2.5410,2.5326,2.5177,2.4929,2.4533,2.3931,2.3057,2.1839,2.0205,1.8079,1.5359
1684,2.5500,2.5500,2.5500,2.5500,2.5499,2.5498,2.5496,2.5491,2.5479,2.5456,2.5410,2.5325,2.5177,2.4928,2.4532,2.3930,2.3055,2.1837,2.0203,1.8076,1.5357
1685,2.5500,2.5500,2.5500,2.5500,2.5499,2.5498,2.5496,2.5491,2.5479,2.5456,2.5410,2.5325,2.5176,2.4927,2.4531,2.3928,2.3053,2.1835,2.0201,1.8074,1.5355
1686,2.5500,2.5500,2.5500,2.5500,2.5499,2.5498,2.5496,2.5491,2.5479,2.5455,2.5410,2.5325,2.5176,2.4926,2.4529,2.3927,2.3051,2.1833,2.0198,1.8072,1.5352
1687,2.5500,2.5500,2.5500,2.5500,2.5499,2.5498,2.5496,2.5491,2.5479,2.5455,2.5409,2.5324,2.5175,2.4925,2.4528,2.3925,2.3050,2.1831,2.0196,1.8069,1.5350
1688,2.5500,2.5500,2.5500,2.5500,2.5499,2.5498,2.5496,2.5490,2.5479,2.5455,2.5409,2.5324,2.5174,2.4925,2.4527,2.3924,2.3048,2.1829,2.0194,1.8067,1.5348
1689,2.5500,2.5500,2.5500,2.5500,2.5499,2.5498,2.5496,2.5490,2.5479,2.5455,2.5409,2.5324,2.5174,2.4924,2.4526,2.3922,2.3046,2.1826,2.0191,1.8065,1.5346
1690,2.5500,2.5500,2.5500,2.5500,2.5499,2.5498,2.5496,2.5490,2.5479,2.5455,2.5409,2.5323,2.5173,2.4923,2.4525,2.3921,2.3044,2.1824,2.0189,1.8062,1.5343
1691,2.5500,2.5500,2.5500,2.5500,2.5499,2.5498,2.5496,2.5490,2.5479,2.5455,2.5408,2.5323,2.5173,2.4922,2.4524,2.3919,2.3042,2.1822,2.0187,1.8060,1.5341
1692,2.5500,2.5500,2.5500,2.5500,2.5499,2.5498,2.5496,2.5490,2.5479,2.5455,2.5408,2.5323,2.5172,2.4921,2.4522,2.3918,2.3040,2.1820,2.0184,1.8058,1.5339
1693,2.5500,2.5500,2.5500,2.5500,2.5499,2.5498,2.5496,2.5490,2.5479,2.5455,2.5408,2.5322,2.5172,2.4920,2.4521,2.3916,2.3038,2.1818,2.0182,1.8055,1.5337
1694,2.5500,2.5500,2.5500,2.5500,2.5499,2.5498,2.5496,2.5490,2.5478,2.5454,2.5408,2.5322,2.5171,2.4920,2.4520,2.3914,2.3037,2.1816,2.0180,1.8053,1.5335
1695,2.5500,2.5500,2.5500,2.5500,2.5499,2.5498,2.5496,2.5490,2.5478,2.5454,2.5408,2.5321,2.5171,2.4919,2.4519,2.3913,2.3035,2.1814,2.0177,1.8050,1.5332
1696,2.5500,2.5500,2.5500,2.5500,2.5499,2.5498,2.5496,2.5490,2.5478,2.5454,2.5407,2.5321,2.5170,2.4918,2.4518,2.3911,2.3033,2.1811,2.0175,1.8048,1.5330
1697,2.5500,2.5500,2.5500,2.5500,2.5499,2.5498,2.5496,2.5490,2.5478,2.5454,2.5407,2.5321,2.5169,2.4917,2.4517,2.3910,2.3031,2.1809,2.0173,1.8046,1.5328
1698,2.5500,2.5500,2.5500,2.5500,2.5499,2.5498,2.5496,2.5490,2.5478,2.5454,2.5407,2.5320,2.5169,2.4916,2.4516,2.3908,2.3029,2.1807,2.0170,1.8043,1.5326
1699,2.5500,2.5500,2.5500,2.5500,2.5499,2.5498,2.5496,2.5490,2.5478,2.5454,2.5407,2.5320,2.5168,2.4915,2.4514,2.3907,2.3027,2.1805,2.0168,1.8041,1.5323
1700,2.5500,2.5500,2.5500,2.5500,2.5499,2.5498,2.5496,2.5490,2.5478,2.5454,2.5406,2.5320,2.5168,2.4915,2.4513,2.3905,2.3025,2.1803,2.0166,1.8039,1.5321
1701,2.5500,2.5500,2.5500,2.5500,2.5499,2.5498,2.5496,2.5490,2.5478,2.5454,2.5406,2.5319,2.5167,2.4914,2.4512,2.3904,2.3024,2.1801,2.0163,1.8036,1.5319
1702,2.5500,2.5500,2.5500,2.5500,2.5499,2.5498,2.5496,2.5490,2.5478,2.5453,2.5406,2.5319,2.5167,2.4913,2.4511,2.3902,2.3022,2.1799,2.0161,1.8034,1.5317
1703,2.5500,2.5500,2.5500,2.5500,2.5499,2.5498,2.5496,2.5490,2.5478,2.5453,2.5406,2.5319,2.5166,2.4912,2.4510,2.3901,2.3020,2.1796,2.0159,1.8032,1.5314
1704,2.5500,2.5500,2.5500,2.5500,2.5499,2.5498,2.5496,2.5490,2.5478,2.5453,2.5406,2.5318,2.5165,2.4911,2.4509,2.3899,2.3018,2.1794,2.0157,1.8029,1.5312
1705,2.5500,2.5500,2.5500,2.5500,2.5499,2.5498,2.5496,2.5490,2.5478,2.5453,2.5405,2.5318,2.5165,2.4910,2.4507,2.3898,2.3016,2.1792,2.0154,1.8027,1.5310
1706,2.5500,2.5500,2.5500,2.5500,2.5499,2.5498,2.5496,2.5490,2.5478,2.5453,2.5405,2.5317,2.5164,2.4910,2.4506,2.3896,2.3014,2.1790,2.0152,1.8024,1.5308
1707,2.5500,2.5500,2.5500,2.5500,2.5499,2.5498,2.5496,2.5490,2.5478,2.5453,2.5405,2.5317,2.5164,2.4909,2.4505,2.3895,2.3012,2.1788,2.0150,1.8022,1.5306
1708,2.5500,2.5500,2.5500,2.5500,2.5499,2.5498,2.5496,2.5490,2.5477,2.5453,2.5405,2.5317,2.5163,2.4908,2.4504,2.3893,2.3011,2.1786,2.0147,1.8020,1.5303
1709,2.5500,2.5500,2.5500,2.5500,2.5499,2.5498,2.5496,2.5490,2.5477,2.5452,2.5404,2.5316,2.5163,2.4907,2.4503,2.3892,2.3009,2.1784,2.0145,1.8017,1.5301
1710,2.5500,2.5500,2.5500,2.5500,2.5499,2.5498,2.5495,2.5490,2.5477,2.5452,2.5404,2.5316,2.5162,2.4906,2.4502,2.3890,2.3007,2.1781,2.0143,1.8015,1.5299
1711,2.5500,2.5500,2.5500,2.5500,2.5499,2.5498,2.5495,2.5490,2.5477,2.5452,2.5404,2.5316,2.5161,2.4905,2.4500,2.3889,2.3005,2.1779,2.0140,1.8013,1.5297
1712,2.5500,2.5500,2.5500,2.5500,2.5499,2.5498,2.5495,2.5490,2.5477,2.5452,2.5404,2.5315,2.5161,2.4905,2.4499,2.3887,2.3003,2.1777,2.0138,1.8010,1.5294
1713,2.5500,2.5500,2.5500,2.5500,2.5499,2.5498,2.5495,2.5490,2.5477,2.5452,2.5404,2.5315,2.5160,2.4904,2.4498,2.3886,2.3001,2.1775,2.0136,1.8008,1.5292
1714,2.5500,2.5500,2.5500,2.5500,2.5499,2.5498,2.5495,2.5490,2.5477,2.5452,2.5403,2.5314,2.5160,2.4903,2.4497,2.3884,2.3000,2.1773,2.0133,1.8006,1.5290
1715,2.5500,2.5500,2.5500,2.5500,2.5499,2.5498,2.5495,2.5490,2.5477,2.5452,2.5403,2.5314,2.5159,2.4902,2.4496,2.3883,2.2998,2.1771,2.0131,1.8003,1.5288
1716,2.5500,2.5500,2.5500,2.5500,2.5499,2.5498,2.5495,2.5489,2.5477,2.5452,2.5403,2.5314,2.5159,2.4901,2.4495,2.3881,2.2996,2.1769,2.0129,1.8001,1.5286
1717,2.5500,2.5500,2.5500,2.5500,2.5499,2.5498,2.5495,2.5489,2.5477,2.5451,2.5403,2.5313,2.5158,2.4900,2.4494,2.3880,2.2994,2.1767,2.0126,1.7999,1.5283
1718,2.5500,2.5500,2.5500,2.5500,2.5499,2.5498,2.5495,2.5489,2.5477,2.5451,2.5402,2.5313,2.5157,2.4900,2.4492,2.3878,2.2992,2.1764,2.0124,1.7996,1.5281
1719,2.5500,2.5500,2.5500,2.5500,2.5499,2.5498,2.5495,2.5489,2.5477,2.5451,2.5402,2.5313,2.5157,2.4899,2.4491,2.3877,2.2990,2.1762,2.0122,1.7994,1.5279
1720,2.5500,2.5500,2.5500,2.5500,2.5499,2.5498,2.5495,2.5489,2.5477,2.5451,2.5402,2.5312,2.5156,2.4898,2.4490,2.3875,2.2988,2.1760,2.0120,1.7992,1.5277
1721,2.5500,2.5500,2.5500,2.5500,2.5499,2.5498,2.5495,2.5489,2.5477,2.5451,2.5402,2.5312,2.5156,2.4897,2.4489,2.3874,2.2987,2.1758,2.0117,1.7989,1.5275
1722,2.5500,2.5500,2.5500,2.5500,2.5499,2.5498,2.5495,2.5489,2.5476,2.5451,2.5401,2.5311,2.5155,2.4896,2.4488,2.3872,2.2985,2.1756,2.0115,1.7987,1.5272
1723,2.5500,2.5500,2.5500,2.5500,2.5499,2.5498,2.5495,2.5489,2.5476,2.5451,2.5401,2.5311,2.5154,2.4895,2.4487,2.3871,2.2983,2.1754,2.0113,1.7985,1.5270
1724,2.5500,2.5500,2.5500,2.5500,2.5499,2.5498,2.5495,2.5489,2.5476,2.5451,2.5401,2.5311,2.5154,2.4895,2.4485,2.3869,2.2981,2.1752,2.0110,1.7982,1.5268
1725,2.5500,2.5500,2.5500,2.5500,2.5499,2.5498,2.5495,2.5489,2.5476,2.5450,2.5401,2.5310,2.5153,2.4894,2.4484,2.3868,2.2979,2.1749,2.0108,1.7980,1.5266
1726,2.5500,2.5500,2.5500,2.5500,2.5499,2.5498,2.5495,2.5489,2.5476,2.5450,2.5401,2.5310,2.5153,2.4893,2.4483,2.3866,2.2977,2.1747,2.0106,1.7978,1.5264
1727,2.5500,2.5500,2.5500,2.5500,2.5499,2.5498,2.5495,2.5489,2.5476,2.5450,2.5400,2.5310,2.5152,2.4892,2.4482,2.3865,2.2976,2.1745,2.0103,1.7975,1.5261
1728,2.5500,2.5500,2.5500,2.5500,2.5499,2.5498,2.5495,2.5489,2.5476,2.5450,2.5400,2.5309,2.5152,2.4891,2.4481,2.3863,2.2974,2.1743,2.0101,1.7973,1.5259
1729,2.5500,2.5500,2.5500,2.5500,2.5499,2.5498,2.5495,2.5489,2.5476,2.5450,2.5400,2.5309,2.5151,2.4890,2.4480,2.3862,2.2972,2.1741,2.0099,1.7971,1.5257
1730,2.5500,2.5500,2.5500,2.5500,2.5499,2.5498,2.5495,2.5489,2.5476,2.5450,2.5400,2.5308,2.5150,2.4889,2.4478,2.3860,2.2970,2.1739,2.0097,1.7968,1.5255
1731,2.5500,2.5500,2.5500,2.5500,2.5499,2.5498,2.5495,2.5489,2.5476,2.5450,2.5399,2.5308,2.5150,2.4889,2.4477,2.3859,2.2968,2.1737,2.0094,1.7966,1.5253
1732,2.5500,2.5500,2.5500,2.5500,2.5499,2.5498,2.5495,2.5489,2.5476,2.5449,2.5399,2.5308,2.5149,2.4888,2.4476,2.3857,2.2966,2.1735,2.0092,1.7964,1.5250
1733,2.5500,2.5500,2.5500,2.5500,2.5499,2.5498,2.5495,2.5489,2.5476,2.5449,2.5399,2.5307,2.5149,2.4887,2.4475,2.3856,2.2964,2.1733,2.0090,1.7961,1.5248
1734,2.5500,2.5500,2.5500,2.5500,2.5499,2.5498,2.5495,2.5489,2.5476,2.5449,2.5399,2.5307,2.5148,2.4886,2.4474,2.3854,2.2963,2.1730,2.0087,1.7959,1.5246
1735,2.5500,2.5500,2.5500,2.5500,2.5499,2.5498,2.5495,2.5489,2.5476,2.5449,2.5398,2.5307,2.5148,2.4885,2.4473,2.3853,2.2961,2.1728,2.0085,1.7957,1.5244
1736,2.5500,2.5500,2.5500,2.5500,2.5499,2.5498,2.5495,2.5489,2.5475,2.5449,2.5398,2.5306,2.5147,2.4884,2.4471,2.3851,2.2959,2.1726,2.0083,1.7954,1.5242
1737,2.5500,2.5500,2.5500,2.5500,2.5499,2.5498,2.5495,2.5489,2.5475,2.5449,2.5398,2.5306,2.5146,2.4883,2.4470,2.3850,2.2957,2.1724,2.0080,1.7952,1.5239
1738,2.5500,2.5500,2.5500,2.5500,2.5499,2.5498,2.5495,2.5489,2.5475,2.5449,2.5398,2.5305,2.5146,2.4883,2.4469,2.3848,2.2955,2.1722,2.0078,1.7950,1.5237
1739,2.5500,2.5500,2.5500,2.5500,2.5499,2.5498,2.5495,2.5489,2.5475,2.5448,2.5398,2.5305,2.5145,2.4882,2.4468,2.3847,2.2953,2.1720,2.0076,1.7947,1.5235
1740,2.5500,2.5500,2.5500,2.5500,2.5499,2.5498,2.5495,2.5489,2.5475,2.5448,2.5397,2.5305,2.5145,2.4881,2.4467,2.3845,2.2952,2.1718,2.0074,1.7945,1.5233
1741,2.5500,2.5500,2.5500,2.5500,2.5499,2.5498,2.5495,2.5488,2.5475,2.5448,2.5397,2.5304,2.5144,2.4880,2.4466,2.3844,2.2950,2.1716,2.0071,1.7943,1.5231
1742,2.5500,2.5500,2.5500,2.5500,2.5499,2.5498,2.5495,2.5488,2.5475,2.5448,2.5397,2.5304,2.5143,2.4879,2.4464,2.3842,2.2948,2.1713,2.0069,1.7940,1.5228
1743,2.5500,2.5500,2.5500,2.5500,2.5499,2.5498,2.5495,2.5488,2.5475,2.5448,2.5397,2.5304,2.5143,2.4878,2.4463,2.3841,2.2946,2.1711,2.0067,1.7938,1.5226
1744,2.5500,2.5500,2.5500,2.5500,2.5499,2.5498,2.5495,2.5488,2.5475,2.5448,2.5396,2.5303,2.5142,2.4878,2.4462,2.3839,2.2944,2.1709,2.0064,1.7936,1.5224
1745,2.5500,2.5500,2.5500,2.5500,2.5499,2.5498,2.5495,2.5488,2.5475,2.5448,2.5396,2.5303,2.5142,2.4877,2.4461,2.3838,2.2942,2.1707,2.0062,1.7934,1.5222
1746,2.5500,2.5500,2.5500,2.5500,2.5499,2.5498,2.5495,2.5488,2.5475,2.5448,2.5396,2.5302,2.5141,2.4876,2.4460,2.3836,2.2941,2.1705,2.0060,1.7931,1.5220
1747,2.5500,2.5500,2.5500,2.5500,2.5499,2.5498,2.5495,2.5488,2.5475,2.5447,2.5396,2.5302,2.5140,2.4875,2.4459,2.3835,2.2939,2.1703,2.0058,1.7929,1.5218
1748,2.5500,2.5500,2.5500,2.5500,2.5499,2.5498,2.5495,2.5488,2.5475,2.5447,2.5395,2.5302,2.5140,2.4874,2.4457,2.3833,2.2937,2.1701,2.0055,1.7927,1.5215
1749,2.5500,2.5500,2.5500,2.5500,2.5499,2.5498,2.5495,2.5488,2.5474,2.5447,2.5395,2.5301,2.5139,2.4873,2.4456,2.3832,2.2935,2.1699,2.0053,1.7924,1.5213
1750,2.5500,2.5500,2.5500,2.5500,2.5499,2.5498,2.5495,2.5488,2.5474,2.5447,2.5395,2.5301,2.5139,2.4872,2.4455,2.3830,2.2933,2.1697,2.0051,1.7922,1.5211
1751,2.5500,2.5500,2.5500,2.5500,2.5499,2.5498,2.5495,2.5488,2.5474,2.5447,2.5395,2.5300,2.5138,2.4872,2.4454,2.3829,2.2931,2.1694,2.0048,1.7920,1.5209
1752,2.5500,2.5500,2.5500,2.5500,2.5499,2.5498,2.5495,2.5488,2.5474,2.5447,2.5394,2.5300,2.5138,2.4871,2.4453,2.3827,2.2930,2.1692,2.0046,1.7917,1.5207
1753,2.5500,2.5500,2.5500,2.5500,2.5499,2.5498,2.5495,2.5488,2.5474,2.5447,2.5394,2.5300,2.5137,2.4870,2.4452,2.3826,2.2928,2.1690,2.0044,1.7915,1.5204
1754,2.5500,2.5500,2.5500,2.5500,2.5499,2.5498,2.5495,2.5488,2.5474,2.5446,2.5394,2.5299,2.5136,2.4869,2.4450,2.3824,2.2926,2.1688,2.0042,1.7913,1.5202
1755,2.5500,2.5500,2.5500,2.5500,2.5499,2.5498,2.5495,2.5488,2.5474,2.5446,2.5394,2.5299,2.5136,2.4868,2.4449,2.3823,2.2924,2.1686,2.0039,1.7910,1.5200
1756,2.5500,2.5500,2.5500,2.5500,2.5499,2.5498,2.5495,2.5488,2.5474,2.5446,2.5393,2.5299,2.5135,2.4867,2.4448,2.3821,2.2922,2.1684,2.0037,1.7908,1.5198
1757,2.5500,2.5500,2.5500,2.5500,2.5499,2.5498,2.5495,2.5488,2.5474,2.5446,2.5393,2.5298,2.5135,2.4866,2.4447,2.3820,2.2920,2.1682,2.0035,1.7906,1.5196
1758,2.5500,2.5500,2.5500,2.5500,2.5499,2.5498,2.5495,2.5488,2.5474,2.5446,2.5393,2.5298,2.5134,2.4866,2.4446,2.3818,2.2919,2.1680,2.0033,1.7904,1.5194
1759,2.5500,2.5500,2.5500,2.5500,2.5499,2.5498,2.5495,2.5488,2.5474,2.5446,2.5393,2.5297,2.5133,2.4865,2.4445,2.3817,2.2917,2.1678,2.0030,1.7901,1.5191
1760,2.5500,2.5500,2.5500,2.5500,2.5499,2.5498,2.5495,2.5488,2.5474,2.5446,2.5393,2.5297,2.5133,2.4864,2.4443,2.3815,2.2915,2.1675,2.0028,1.7899,1.5189
1761,2.5500,2.5500,2.5500,2.5500,2.5499,2.5498,2.5494,2.5488,2.5474,2.5445,2.5392,2.5297,2.5132,2.4863,2.4442,2.3814,2.2913,2.1673,2.0026,1.7897,1.5187
1762,2.5500,2.5500,2.5500,2.5500,2.5499,2.5498,2.5494,2.5488,2.5473,2.5445,2.5392,2.5296,2.5132,2.4862,2.4441,2.3812,2.2911,2.1671,2.0023,1.7894,1.5185
1763,2.5500,2.5500,2.5500,2.5500,2.5499,2.5498,2.5494,2.5488,2.5473,2.5445,2.5392,2.5296,2.5131,2.4861,2.4440,2.3811,2.2909,2.1669,2.0021,1.7892,1.5183
1764,2.5500,2.5500,2.5500,2.5500,2.5499,2.5498,2.5494,2.5488,2.5473,2.5445,2.5392,2.5295,2.5130,2.4860,2.4439,2.3809,2.2908,2.1667,2.0019,1.7890,1.5181
1765,2.5500,2.5500,2.5500,2.5500,2.5499,2.5498,2.5494,2.5488,2.5473,2.5445,2.5391,2.5295,2.5130,2.4860,2.4438,2.3808,2.2906,2.1665,2.0017,1.7887,1.5178
1766,2.5500,2.5500,2.5500,2.5500,2.5499,2.5498,2.5494,2.5487,2.5473,2.5445,2.5391,2.5295,2.5129,2.4859,2.4436,2.3806,2.2904,2.1663,2.0014,1.7885,1.5176
1767,2.5500,2.5500,2.5500,2.5500,2.5499,2.5498,2.5494,2.5487,2.5473,2.5445,2.5391,2.5294,2.5129,2.4858,2.4435,2.3804,2.2902,2.1661,2.0012,1.7883,1.5174
1768,2.5500,2.5500,2.5500,2.5500,2.5499,2.5498,2.5494,2.5487,2.5473,2.5444,2.5391,2.5294,2.5128,2.4857,2.4434,2.3803,2.2900,2.1659,2.0010,1.7881,1.5172
1769,2.5500,2.5500,2.5500,2.5500,2.5499,2.5498,2.5494,2.5487,2.5473,2.5444,2.5390,2.5293,2.5127,2.4856,2.4433,2.3801,2.2898,2.1657,2.0008,1.7878,1.5170
1770,2.5500,2.5500,2.5500,2.5500,2.5499,2.5498,2.5494,2.5487,2.5473,2.5444,2.5390,2.5293,2.5127,2.4855,2.4432,2.3800,2.2897,2.1654,2.0005,1.7876,1.5168
1771,2.5500,2.5500,2.5500,2.5500,2.5499,2.5498,2.5494,2.5487,2.5473,2.5444,2.5390,2.5293,2.5126,2.4854,2.4431,2.3798,2.2895,2.1652,2.0003,1.7874,1.5166
1772,2.5500,2.5500,2.5500,2.5500,2.5499,2.5498,2.5494,2.5487,2.5473,2.5444,2.5390,2.5292,2.5126,2.4854,2.4429,2.3797,2.2893,2.1650,2.0001,1.7871,1.5163
1773,2.5500,2.5500,2.5500,2.5500,2.5499,2.5497,2.5494,2.5487,2.5473,2.5444,2.5389,2.5292,2.5125,2.4853,2.4428,2.3795,2.2891,2.1648,1.9999,1.7869,1.5161
1774,2.5500,2.5500,2.5500,2.5500,2.5499,2.5497,2.5494,2.5487,2.5472,2.5444,2.5389,2.5291,2.5124,2.4852,2.4427,2.3794,2.2889,2.1646,1.9996,1.7867,1.5159
1775,2.5500,2.5500,2.5500,2.5500,2.5499,2.5497,2.5494,2.5487,2.5472,2.5443,2.5389,2.5291,2.5124,2.4851,2.4426,2.3792,2.2887,2.1644,1.9994,1.7865,1.5157
1776,2.5500,2.5500,2.5500,2.5500,2.5499,2.5497,2.5494,2.5487,2.5472,2.5443,2.5389,2.5291,2.5123,2.4850,2.4425,2.3791,2.2886,2.1642,1.9992,1.7862,1.5155
1777,2.5500,2.5500,2.5500,2.5500,2.5499,2.5497,2.5494,2.5487,2.5472,2.5443,2.5388,2.5290,2.5123,2.4849,2.4424,2.3789,2.2884,2.1640,1.9990,1.7860,1.5153
1778,2.5500,2.5500,2.5500,2.5500,2.5499,2.5497,2.5494,2.5487,2.5472,2.5443,2.5388,2.5290,2.5122,2.4848,2.4422,2.3788,2.2882,2.1638,1.9987,1.7858,1.5150
1779,2.5500,2.5500,2.5500,2.5500,2.5499,2.5497,2.5494,2.5487,2.5472,2.5443,2.5388,2.5290,2.5121,2.4848,2.4421,2.3786,2.2880,2.1636,1.9985,1.7855,1.5148
1780,2.5500,2.5500,2.5500,2.5500,2.5499,2.5497,2.5494,2.5487,2.5472,2.5443,2.5388,2.5289,2.5121,2.4847,2.4420,2.3785,2.2878,2.1634,1.9983,1.7853,1.5146
1781,2.5500,2.5500,2.5500,2.5500,2.5499,2.5497,2.5494,2.5487,2.5472,2.5443,2.5387,2.5289,2.5120,2.4846,2.4419,2.3783,2.2876,2.1631,1.9980,1.7851,1.5144
1782,2.5500,2.5500,2.5500,2.5500,2.5499,2.5497,2.5494,2.5487,2.5472,2.5442,2.5387,2.5288,2.5120,2.4845,2.4418,2.3782,2.2875,2.1629,1.9978,1.7849,1.5142
1783,2.5500,2.5500,2.5500,2.5500,2.5499,2.5497,2.5494,2.5487,2.5472,2.5442,2.5387,2.5288,2.5119,2.4844,2.4417,2.3780,2.2873,2.1627,1.9976,1.7846,1.5140
1784,2.5500,2.5500,2.5500,2.5500,2.5499,2.5497,2.5494,2.5487,2.5472,2.5442,2.5387,2.5288,2.5118,2.4843,2.4415,2.3779,2.2871,2.1625,1.9974,1.7844,1.5138
1785,2.5500,2.5500,2.5500,2.5500,2.5499,2.5497,2.5494,2.5487,2.5472,2.5442,2.5386,2.5287,2.5118,2.4842,2.4414,2.3777,2.2869,2.1623,1.9971,1.7842,1.5135
1786,2.5500,2.5500,2.5500,2.5500,2.5499,2.5497,2.5494,2.5487,2.5471,2.5442,2.5386,2.5287,2.5117,2.4842,2.4413,2.3776,2.2867,2.1621,1.9969,1.7840,1.5133
1787,2.5500,2.5500,2.5500,2.5500,2.5499,2.5497,2.5494,2.5487,2.5471,2.5442,2.5386,2.5286,2.5117,2.4841,2.4412,2.3774,2.2865,2.1619,1.9967,1.7837,1.5131
1788,2.5500,2.5500,2.5500,2.5500,2.5499,2.5497,2.5494,2.5487,2.5471,2.5442,2.5386,2.5286,2.5116,2.4840,2.4411,2.3773,2.2864,2.1617,1.9965,1.7835,1.5129
1789,2.5500,2.5500,2.5500,2.5500,2.5499,2.5497,2.5494,2.5486,2.5471,2.5441,2.5385,2.5286,2.5115,2.4839,2.4410,2.3771,2.2862,2.1615,1.9962,1.7833,1.5127
1790,2.5500,2.5500,2.5500,2.5500,2.5499,2.5497,2.5494,2.5486,2.5471,2.5441,2.5385,2.5285,2.5115,2.4838,2.4408,2.3770,2.2860,2.1613,1.9960,1.7830,1.5125
1791,2.5500,2.5500,2.5500,2.5500,2.5499,2.5497,2.5494,2.5486,2.5471,2.5441,2.5385,2.5285,2.5114,2.4837,2.4407,2.3768,2.2858,2.1611,1.9958,1.7828,1.5123
1792,2.5500,2.5500,2.5500,2.5500,2.5499,2.5497,2.5494,2.5486,2.5471,2.5441,2.5385,2.5284,2.5114,2.4836,2.4406,2.3767,2.2856,2.1608,1.9956,1.7826,1.5120
1793,2.5500,2.5500,2.5500,2.5500,2.5499,2.5497,2.5494,2.5486,2.5471,2.5441,2.5384,2.5284,2.5113,2.4835,2.4405,2.3765,2.2855,2.1606,1.9954,1.7824,1.5118
1794,2.5500,2.5500,2.5500,2.5500,2.5499,2.5497,2.5494,2.5486,2.5471,2.5441,2.5384,2.5284,2.5112,2.4835,2.4404,2.3764,2.2853,2.1604,1.9951,1.7821,1.5116
1795,2.5500,2.5500,2.5500,2.5500,2.5499,2.5497,2.5494,2.5486,2.5471,2.5440,2.5384,2.5283,2.5112,2.4834,2.4402,2.3762,2.2851,2.1602,1.9949,1.7819,1.5114
1796,2.5500,2.5500,2.5500,2.5500,2.5499,2.5497,2.5494,2.5486,2.5471,2.5440,2.5384,2.5283,2.5111,2.4833,2.4401,2.3761,2.2849,2.1600,1.9947,1.7817,1.5112
1797,2.5500,2.5500,2.5500,2.5500,2.5499,2.5497,2.5494,2.5486,2.5471,2.5440,2.5383,2.5282,2.5111,2.4832,2.4400,2.3759,2.2847,2.1598,1.9945,1.7815,1.5110
1798,2.5500,2.5500,2.5500,2.5500,2.5499,2.5497,2.5494,2.5486,2.5470,2.5440,2.5383,2.5282,2.5110,2.4831,2.4399,2.3758,2.2845,2.1596,1.9942,1.7812,1.5108
1799,2.5500,2.5500,2.5500,2.5499,2.5499,2.5497,2.5494,2.5486,2.5470,2.5440,2.5383,2.5282,2.5109,2.4830,2.4398,2.3756,2.2844,2.1594,1.9940,1.7810,1.5105
1800,2.5500,2.5500,2.5500,2.5499,2.5499,2.5497,2.5494,2.5486,2.5470,2.5440,2.5383,2.5281,2.5109,2.4829,2.4397,2.3755,2.2842,2.1592,1.9938,1.7808,1.5103
