time_s,r_0_cm,r_0.1_cm,r_0.2_cm,r_0.3_cm,r_0.4_cm,r_0.5_cm,r_0.6_cm,r_0.7_cm,r_0.8_cm,r_0.9_cm,r_1_cm,r_1.1_cm,r_1.2_cm,r_1.3_cm,r_1.4_cm,r_1.5_cm,r_1.6_cm,r_1.7_cm,r_1.8_cm,r_1.9_cm,r_2_cm
1,28.0000,28.0000,28.0000,28.0000,28.0000,28.0000,28.0000,28.0000,28.0000,28.0000,28.0000,28.0000,28.0000,28.0000,28.0000,28.0000,28.0000,28.0000,28.0000,28.0000,28.0002
2,28.0000,28.0000,28.0000,28.0000,28.0000,28.0000,28.0000,28.0000,28.0000,28.0000,28.0000,28.0000,28.0000,28.0000,28.0000,28.0000,28.0000,28.0000,28.0000,28.0001,28.0006
3,28.0000,28.0000,28.0000,28.0000,28.0000,28.0000,28.0000,28.0000,28.0000,28.0000,28.0000,28.0000,28.0000,28.0000,28.0000,28.0000,28.0000,28.0000,28.0000,28.0002,28.0011
4,28.0000,28.0000,28.0000,28.0000,28.0000,28.0000,28.0000,28.0000,28.0000,28.0000,28.0000,28.0000,28.0000,28.0000,28.0000,28.0000,28.0000,28.0000,28.0001,28.0003,28.0016
5,28.0000,28.0000,28.0000,28.0000,28.0000,28.0000,28.0000,28.0000,28.0000,28.0000,28.0000,28.0000,28.0000,28.0000,28.0000,28.0000,28.0000,28.0000,28.0001,28.0005,28.0022
6,28.0000,28.0000,28.0000,28.0000,28.0000,28.0000,28.0000,28.0000,28.0000,28.0000,28.0000,28.0000,28.0000,28.0000,28.0000,28.0000,28.0000,28.0000,28.0002,28.0008,28.0028
7,28.0000,28.0000,28.0000,28.0000,28.0000,28.0000,28.0000,28.0000,28.0000,28.0000,28.0000,28.0000,28.0000,28.0000,28.0000,28.0000,28.0000,28.0001,28.0003,28.0011,28.0036
8,28.0000,28.0000,28.0000,28.0000,28.0000,28.0000,28.0000,28.0000,28.0000,28.0000,28.0000,28.0000,28.0000,28.0000,28.0000,28.0000,28.0000,28.0001,28.0004,28.0014,28.0043
9,28.0000,28.0000,28.0000,28.0000,28.0000,28.0000,28.0000,28.0000,28.0000,28.0000,28.0000,28.0000,28.0000,28.0000,28.0000,28.0000,28.0000,28.0001,28.0005,28.0017,28.0051
10,28.0000,28.0000,28.0000,28.0000,28.0000,28.0000,28.0000,28.0000,28.0000,28.0000,28.0000,28.0000,28.0000,28.0000,28.0000,28.0000,28.0001,28.0002,28.0007,28.0021,28.0059
11,28.0000,28.0000,28.0000,28.0000,28.0000,28.0000,28.0000,28.0000,28.0000,28.0000,28.0000,28.0000,28.0000,28.0000,28.0000,28.0000,28.0001,28.0003,28.0009,28.0026,28.0068
12,28.0000,28.0000,28.0000,28.0000,28.0000,28.0000,28.0000,28.0000,28.0000,28.0000,28.0000,28.0000,28.0000,28.0000,28.0000,28.0000,28.0001,28.0003,28.0011,28.0031,28.0077
13,28.0000,28.0000,28.0000,28.0000,28.0000,28.0000,28.0000,28.0000,28.0000,28.0000,28.0000,28.0000,28.0000,28.0000,28.0000,28.0000,28.0001,28.0004,28.0013,28.0036,28.0087
14,28.0000,28.0000,28.0000,28.0000,28.0000,28.0000,28.0000,28.0000,28.0000,28.0000,28.0000,28.0000,28.0000,28.0000,28.0000,28.0001,28.0002,28.0005,28.0016,28.0041,28.0097
15,28.0000,28.0000,28.0000,28.0000,28.0000,28.0000,28.0000,28.0000,28.0000,28.0000,28.0000,28.0000,28.0000,28.0000,28.0000,28.0001,28.0002,28.0007,28.0019,28.0047,28.0107
16,28.0000,28.0000,28.0000,28.0000,28.0000,28.0000,28.0000,28.0000,28.0000,28.0000,28.0000,28.0000,28.0000,28.0000,28.0000,28.0001,28.0003,28.0008,28.0022,28.0053,28.0118
17,28.0000,28.0000,28.0000,28.0000,28.0000,28.0000,28.0000,28.0000,28.0000,28.0000,28.0000,28.0000,28.0000,28.0000,28.0000,28.0001,28.0003,28.0010,28.0025,28.0059,28.0129
18,28.0000,28.0000,28.0000,28.0000,28.0000,28.0000,28.0000,28.0000,28.0000,28.0000,28.0000,28.0000,28.0000,28.0000,28.0000,28.0001,28.0004,28.0011,28.0028,28.0066,28.0140
19,28.0000,28.0000,28.0000,28.0000,28.0000,28.0000,28.0000,28.0000,28.0000,28.0000,28.0000,28.0000,28.0000,28.0000,28.0001,28.0002,28.0005,28.0013,28.0032,28.0072,28.0151
20,28.0000,28.0000,28.0000,28.0000,28.0000,28.0000,28.0000,28.0000,28.0000,28.0000,28.0000,28.0000,28.0000,28.0000,28.0001,28.0002,28.0006,28.0015,28.0036,28.0080,28.0163
21,28.0000,28.0000,28.0000,28.0000,28.0000,28.0000,28.0000,28.0000,28.0000,28.0000,28.0000,28.0000,28.0000,28.0000,28.0001,28.0003,28.0007,28.0017,28.0040,28.0087,28.0175
22,28.0000,28.0000,28.0000,28.0000,28.0000,28.0000,28.0000,28.0000,28.0000,28.0000,28.0000,28.0000,28.0000,28.0000,28.0001,28.0003,28.0008,28.0020,28.0045,28.0095,28.0187
23,28.0000,28.0000,28.0000,28.0000,28.0000,28.0000,28.0000,28.0000,28.0000,28.0000,28.0000,28.0000,28.0000,28.0000,28.0001,28.0004,28.0009,28.0022,28.0050,28.0103,28.0200
24,28.0000,28.0000,28.0000,28.0000,28.0000,28.0000,28.0000,28.0000,28.0000,28.0000,28.0000,28.0000,28.0000,28.0001,28.0002,28.0004,28.0011,28.0025,28.0054,28.0111,28.0213
25,28.0000,28.0000,28.0000,28.0000,28.0000,28.0000,28.0000,28.0000,28.0000,28.0000,28.0000,28.0000,28.0000,28.0001,28.0002,28.0005,28.0012,28.0028,28.0060,28.0119,28.0226
26,28.0000,28.0000,28.0000,28.0000,28.0000,28.0000,28.0000,28.0000,28.0000,28.0000,28.0000,28.0000,28.0000,28.0001,28.0002,28.0006,28.0014,28.0031,28.0065,28.0128,28.0239
27,28.0000,28.0000,28.0000,28.0000,28.0000,28.0000,28.0000,28.0000,28.0000,28.0000,28.0000,28.0000,28.0000,28.0001,28.0003,28.0007,28.0016,28.0034,28.0070,28.0137,28.0252
28,28.0000,28.0000,28.0000,28.0000,28.0000,28.0000,28.0000,28.0000,28.0000,28.0000,28.0000,28.0000,28.0000,28.0001,28.0003,28.0008,28.0017,28.0037,28.0076,28.0146,28.0266
29,28.0000,28.0000,28.0000,28.0000,28.0000,28.0000,28.0000,28.0000,28.0000,28.0000,28.0000,28.0000,28.0001,28.0001,28.0004,28.0009,28.0019,28.0041,28.0082,28.0156,28.0280
30,28.0000,28.0000,28.0000,28.0000,28.0000,28.0000,28.0000,28.0000,28.0000,28.0000,28.0000,28.0000,28.0001,28.0002,28.0004,28.0010,28.0021,28.0045,28.0088,28.0165,28.0294
31,28.0000,28.0000,28.0000,28.0000,28.0000,28.0000,28.0000,28.0000,28.0000,28.0000,28.0000,28.0000,28.0001,28.0002,28.0005,28.0011,28.0024,28.0048,28.0094,28.0175,28.0309
32,28.0000,28.0000,28.0000,28.0000,28.0000,28.0000,28.0000,28.0000,28.0000,28.0000,28.0000,28.0000,28.0001,28.0002,28.0005,28.0012,28.0026,28.0052,28.0101,28.0185,28.0323
33,28.0000,28.0000,28.0000,28.0000,28.0000,28.0000,28.0000,28.0000,28.0000,28.0000,28.0000,28.0000,28.0001,28.0003,28.0006,28.0014,28.0028,28.0057,28.0108,28.0195,28.0338
34,28.0000,28.0000,28.0000,28.0000,28.0000,28.0000,28.0000,28.0000,28.0000,28.0000,28.0000,28.0001,28.0001,28.0003,28.0007,28.0015,28.0031,28.0061,28.0115,28.0206,28.0353
35,28.0000,28.0000,28.0000,28.0000,28.0000,28.0000,28.0000,28.0000,28.0000,28.0000,28.0000,28.0001,28.0001,28.0003,28.0008,28.0017,28.0034,28.0065,28.0122,28.0216,28.0368
36,28.0000,28.0000,28.0000,28.0000,28.0000,28.0000,28.0000,28.0000,28.0000,28.0000,28.0000,28.0001,28.0002,28.0004,28.0009,28.0018,28.0036,28.0070,28.0129,28.0227,28.0384
37,28.0000,28.0000,28.0000,28.0000,28.0000,28.0000,28.0000,28.0000,28.0000,28.0000,28.0000,28.0001,28.0002,28.0004,28.0010,28.0020,28.0039,28.0075,28.0136,28.0238,28.0400
38,28.0000,28.0000,28.0000,28.0000,28.0000,28.0000,28.0000,28.0000,28.0000,28.0000,28.0000,28.0001,28.0002,28.0005,28.0011,28.0022,28.0042,28.0080,28.0144,28.0250,28.0415
39,28.0000,28.0000,28.0000,28.0000,28.0000,28.0000,28.0000,28.0000,28.0000,28.0000,28.0000,28.0001,28.0002,28.0005,28.0012,28.0023,28.0046,28.0085,28.0152,28.0261,28.0431
40,28.0000,28.0000,28.0000,28.0000,28.0000,28.0000,28.0000,28.0000,28.0000,28.0000,28.0001,28.0001,28.0003,28.0006,28.0013,28.0025,28.0049,28.0090,28.0160,28.0273,28.0448
41,28.0000,28.0000,28.0000,28.0000,28.0000,28.0000,28.0000,28.0000,28.0000,28.0000,28.0001,28.0001,28.0003,28.0007,28.0014,28.0027,28.0052,28.0096,28.0168,28.0285,28.0464
42,28.0000,28.0000,28.0000,28.0000,28.0000,28.0000,28.0000,28.0000,28.0000,28.0000,28.0001,28.0002,28.0004,28.0007,28.0015,28.0030,28.0056,28.0101,28.0177,28.0297,28.0481
43,28.0000,28.0000,28.0000,28.0000,28.0000,28.0000,28.0000,28.0000,28.0000,28.0000,28.0001,28.0002,28.0004,28.0008,28.0016,28.0032,28.0060,28.0107,28.0185,28.0309,28.0497
44,28.0000,28.0000,28.0000,28.0000,28.0000,28.0000,28.0000,28.0000,28.0000,28.0000,28.0001,28.0002,28.0004,28.0009,28.0018,28.0034,28.0063,28.0113,28.0194,28.0321,28.0514
45,28.0000,28.0000,28.0000,28.0000,28.0000,28.0000,28.0000,28.0000,28.0000,28.0000,28.0001,28.0002,28.0005,28.0010,28.0019,28.0037,28.0067,28.0119,28.0203,28.0334,28.0531
46,28.0000,28.0000,28.0000,28.0000,28.0000,28.0000,28.0000,28.0000,28.0000,28.0001,28.0001,28.0003,28.0005,28.0011,28.0021,28.0039,28.0071,28.0125,28.0212,28.0347,28.0549
47,28.0000,28.0000,28.0000,28.0000,28.0000,28.0000,28.0000,28.0000,28.0000,28.0001,28.0001,28.0003,28.0006,28.0012,28.0022,28.0042,28.0076,28.0131,28.0221,28.0360,28.0566
48,28.0000,28.0000,28.0000,28.0000,28.0000,28.0000,28.0000,28.0000,28.0000,28.0001,28.0001,28.0003,28.0006,28.0013,28.0024,28.0045,28.0080,28.0138,28.0230,28.0373,28.0584
49,28.0000,28.0000,28.0000,28.0000,28.0000,28.0000,28.0000,28.0000,28.0000,28.0001,28.0002,28.0003,28.0007,28.0014,28.0026,28.0047,28.0084,28.0145,28.0240,28.0386,28.0601
50,28.0000,28.0000,28.0000,28.0000,28.0000,28.0000,28.0000,28.0000,28.0000,28.0001,28.0002,28.0004,28.0008,28.0015,28.0028,28.0050,28.0089,28.0151,28.0250,28.0399,28.0619
51,28.0000,28.0000,28.0000,28.0000,28.0000,28.0000,28.0000,28.0000,28.0000,28.0001,28.0002,28.0004,28.0008,28.0016,28.0030,28.0053,28.0093,28.0158,28.0260,28.0413,28.0637
52,28.0000,28.0000,28.0000,28.0000,28.0000,28.0000,28.0000,28.0000,28.0000,28.0001,28.0002,28.0005,28.0009,28.0017,28.0032,28.0057,28.0098,28.0165,28.0270,28.0427,28.0656
53,28.0000,28.0000,28.0000,28.0000,28.0000,28.0000,28.0000,28.0000,28.0001,28.0001,28.0002,28.0005,28.0010,28.0018,28.0034,28.0060,28.0103,28.0173,28.0280,28.0441,28.0674
54,28.0000,28.0000,28.0000,28.0000,28.0000,28.0000,28.0000,28.0000,28.0001,28.0001,28.0003,28.0005,28.0010,28.0020,28.0036,28.0063,28.0108,28.0180,28.0290,28.0455,28.0693
55,28.0000,28.0000,28.0000,28.0000,28.0000,28.0000,28.0000,28.0000,28.0001,28.0001,28.0003,28.0006,28.0011,28.0021,28.0038,28.0067,28.0113,28.0187,28.0301,28.0469,28.0711
56,28.0000,28.0000,28.0000,28.0000,28.0000,28.0000,28.0000,28.0000,28.0001,28.0002,28.0003,28.0006,28.0012,28.0022,28.0040,28.0070,28.0119,28.0195,28.0311,28.0483,28.0730
57,28.0000,28.0000,28.0000,28.0000,28.0000,28.0000,28.0000,28.0000,28.0001,28.0002,28.0004,28.0007,28.0013,28.0024,28.0043,28.0074,28.0124,28.0203,28.0322,28.0498,28.0749
58,28.0000,28.0000,28.0000,28.0000,28.0000,28.0000,28.0000,28.0000,28.0001,28.0002,28.0004,28.0007,28.0014,28.0025,28.0045,28.0078,28.0130,28.0211,28.0333,28.0513,28.0768
59,28.0000,28.0000,28.0000,28.0000,28.0000,28.0000,28.0000,28.0001,28.0001,28.0002,28.0004,28.0008,28.0015,28.0027,28.0048,28.0081,28.0135,28.0219,28.0344,28.0528,28.0788
60,28.0000,28.0000,28.0000,28.0000,28.0000,28.0000,28.0000,28.0001,28.0001,28.0002,28.0005,28.0009,28.0016,28.0029,28.0050,28.0085,28.0141,28.0227,28.0356,28.0543,28.0807
61,28.0000,28.0000,28.0000,28.0000,28.0000,28.0000,28.0000,28.0001,28.0001,28.0003,28.0005,28.0009,28.0017,28.0030,28.0053,28.0089,28.0147,28.0235,28.0367,28.0558,28.0827
62,28.0000,28.0000,28.0000,28.0000,28.0000,28.0000,28.0000,28.0001,28.0001,28.0003,28.0005,28.0010,28.0018,28.0032,28.0056,28.0094,28.0153,28.0244,28.0379,28.0573,28.0848
63,28.0000,28.0000,28.0000,28.0000,28.0000,28.0000,28.0000,28.0001,28.0002,28.0003,28.0006,28.0011,28.0019,28.0034,28.0058,28.0098,28.0159,28.0252,28.0390,28.0589,28.0869
64,28.0000,28.0000,28.0000,28.0000,28.0000,28.0000,28.0000,28.0001,28.0002,28.0003,28.0006,28.0011,28.0021,28.0036,28.0061,28.0102,28.0165,28.0261,28.0402,28.0605,28.0891
65,28.0000,28.0000,28.0000,28.0000,28.0000,28.0000,28.0000,28.0001,28.0002,28.0004,28.0007,28.0012,28.0022,28.0038,28.0064,28.0107,28.0172,28.0270,28.0414,28.0621,28.0912
66,28.0000,28.0000,28.0000,28.0000,28.0000,28.0000,28.0001,28.0001,28.0002,28.0004,28.0007,28.0013,28.0023,28.0040,28.0068,28.0111,28.0178,28.0279,28.0427,28.0638,28.0934
67,28.0000,28.0000,28.0000,28.0000,28.0000,28.0000,28.0001,28.0001,28.0002,28.0004,28.0008,28.0014,28.0025,28.0042,28.0071,28.0116,28.0185,28.0288,28.0439,28.0655,28.0957
68,28.0000,28.0000,28.0000,28.0000,28.0000,28.0000,28.0001,28.0001,28.0002,28.0004,28.0008,28.0015,28.0026,28.0044,28.0074,28.0121,28.0192,28.0298,28.0452,28.0672,28.0979
69,28.0000,28.0000,28.0000,28.0000,28.0000,28.0000,28.0001,28.0001,28.0003,28.0005,28.0009,28.0016,28.0027,28.0047,28.0077,28.0125,28.0199,28.0307,28.0465,28.0689,28.1002
70,28.0000,28.0000,28.0000,28.0000,28.0000,28.0000,28.0001,28.0001,28.0003,28.0005,28.0009,28.0017,28.0029,28.0049,28.0081,28.0130,28.0206,28.0317,28.0478,28.0706,28.1025
71,28.0000,28.0000,28.0000,28.0000,28.0000,28.0000,28.0001,28.0002,28.0003,28.0006,28.0010,28.0018,28.0030,28.0051,28.0084,28.0135,28.0213,28.0327,28.0491,28.0724,28.1048
72,28.0000,28.0000,28.0000,28.0000,28.0000,28.0000,28.0001,28.0002,28.0003,28.0006,28.0011,28.0019,28.0032,28.0054,28.0088,28.0141,28.0220,28.0337,28.0505,28.0742,28.1072
73,28.0000,28.0000,28.0000,28.0000,28.0000,28.0001,28.0001,28.0002,28.0004,28.0006,28.0011,28.0020,28.0034,28.0056,28.0092,28.0146,28.0227,28.0347,28.0518,28.0760,28.1095
74,28.0000,28.0000,28.0000,28.0000,28.0000,28.0001,28.0001,28.0002,28.0004,28.0007,28.0012,28.0021,28.0035,28.0059,28.0095,28.0151,28.0235,28.0357,28.0532,28.0779,28.1119
75,28.0000,28.0000,28.0000,28.0000,28.0000,28.0001,28.0001,28.0002,28.0004,28.0007,28.0013,28.0022,28.0037,28.0061,28.0099,28.0157,28.0243,28.0368,28.0546,28.0797,28.1143
76,28.0000,28.0000,28.0000,28.0000,28.0000,28.0001,28.0001,28.0002,28.0004,28.0008,28.0014,28.0023,28.0039,28.0064,28.0103,28.0162,28.0250,28.0378,28.0561,28.0816,28.1168
77,28.0000,28.0000,28.0000,28.0000,28.0000,28.0001,28.0001,28.0003,28.0005,28.0008,28.0014,28.0025,28.0041,28.0067,28.0107,28.0168,28.0258,28.0389,28.0575,28.0835,28.1192
78,28.0000,28.0000,28.0000,28.0000,28.0000,28.0001,28.0002,28.0003,28.0005,28.0009,28.0015,28.0026,28.0043,28.0070,28.0111,28.0174,28.0267,28.0400,28.0590,28.0854,28.1217
79,28.0000,28.0000,28.0000,28.0000,28.0001,28.0001,28.0002,28.0003,28.0005,28.0009,28.0016,28.0027,28.0045,28.0073,28.0116,28.0180,28.0275,28.0411,28.0605,28.0874,28.1242
80,28.0000,28.0000,28.0000,28.0000,28.0001,28.0001,28.0002,28.0003,28.0006,28.0010,28.0017,28.0029,28.0047,28.0076,28.0120,28.0186,28.0283,28.0423,28.0620,28.0893,28.1267
81,28.0000,28.0000,28.0000,28.0000,28.0001,28.0001,28.0002,28.0003,28.0006,28.0011,28.0018,28.0030,28.0049,28.0079,28.0124,28.0192,28.0292,28.0434,28.0635,28.0913,28.1292
82,28.0000,28.0000,28.0000,28.0000,28.0001,28.0001,28.0002,28.0004,28.0006,28.0011,28.0019,28.0031,28.0051,28.0082,28.0129,28.0199,28.0300,28.0446,28.0650,28.0933,28.1318
83,28.0000,28.0000,28.0000,28.0000,28.0001,28.0001,28.0002,28.0004,28.0007,28.0012,28.0020,28.0033,28.0054,28.0085,28.0134,28.0205,28.0309,28.0458,28.0666,28.0954,28.1344
84,28.0000,28.0000,28.0000,28.0000,28.0001,28.0001,28.0002,28.0004,28.0007,28.0012,28.0021,28.0034,28.0056,28.0089,28.0138,28.0212,28.0318,28.0470,28.0682,28.0974,28.1369
85,28.0000,28.0000,28.0000,28.0000,28.0001,28.0001,28.0003,28.0005,28.0008,28.0013,28.0022,28.0036,28.0058,28.0092,28.0143,28.0218,28.0327,28.0482,28.0698,28.0995,28.1395
86,28.0000,28.0000,28.0000,28.0001,28.0001,28.0002,28.0003,28.0005,28.0008,28.0014,28.0023,28.0038,28.0061,28.0096,28.0148,28.0225,28.0336,28.0494,28.0714,28.1015,28.1422
87,28.0000,28.0000,28.0000,28.0001,28.0001,28.0002,28.0003,28.0005,28.0009,28.0015,28.0024,28.0039,28.0063,28.0099,28.0153,28.0232,28.0346,28.0506,28.0730,28.1036,28.1448
88,28.0000,28.0000,28.0000,28.0001,28.0001,28.0002,28.0003,28.0005,28.0009,28.0015,28.0025,28.0041,28.0066,28.0103,28.0158,28.0239,28.0355,28.0519,28.0747,28.1057,28.1475
89,28.0000,28.0000,28.0000,28.0001,28.0001,28.0002,28.0003,28.0006,28.0010,28.0016,28.0027,28.0043,28.0068,28.0106,28.0163,28.0246,28.0365,28.0532,28.0763,28.1079,28.1501
90,28.0000,28.0000,28.0000,28.0001,28.0001,28.0002,28.0004,28.0006,28.0010,28.0017,28.0028,28.0045,28.0071,28.0110,28.0169,28.0253,28.0374,28.0545,28.0780,28.1100,28.1528
91,28.0000,28.0000,28.0001,28.0001,28.0001,28.0002,28.0004,28.0006,28.0011,28.0018,28.0029,28.0047,28.0074,28.0114,28.0174,28.0261,28.0384,28.0558,28.0797,28.1122,28.1556
92,28.0000,28.0000,28.0001,28.0001,28.0001,28.0002,28.0004,28.0007,28.0011,28.0019,28.0030,28.0049,28.0076,28.0118,28.0179,28.0268,28.0394,28.0571,28.0814,28.1144,28.1583
93,28.0000,28.0000,28.0001,28.0001,28.0002,28.0003,28.0004,28.0007,28.0012,28.0020,28.0032,28.0051,28.0079,28.0122,28.0185,28.0276,28.0405,28.0584,28.0832,28.1166,28.1610
94,28.0000,28.0000,28.0001,28.0001,28.0002,28.0003,28.0005,28.0008,28.0013,28.0021,28.0033,28.0053,28.0082,28.0126,28.0191,28.0283,28.0415,28.0598,28.0849,28.1188,28.1638
95,28.0000,28.0001,28.0001,28.0001,28.0002,28.0003,28.0005,28.0008,28.0013,28.0022,28.0035,28.0055,28.0085,28.0130,28.0196,28.0291,28.0425,28.0612,28.0867,28.1210,28.1666
96,28.0001,28.0001,28.0001,28.0001,28.0002,28.0003,28.0005,28.0009,28.0014,28.0023,28.0036,28.0057,28.0088,28.0135,28.0202,28.0299,28.0436,28.0626,28.0885,28.1233,28.1694
97,28.0001,28.0001,28.0001,28.0001,28.0002,28.0003,28.0005,28.0009,28.0015,28.0024,28.0038,28.0059,28.0091,28.0139,28.0208,28.0307,28.0447,28.0640,28.0903,28.1255,28.1722
98,28.0001,28.0001,28.0001,28.0001,28.0002,28.0004,28.0006,28.0010,28.0015,28.0025,28.0039,28.0061,28.0095,28.0144,28.0214,28.0316,28.0458,28.0654,28.0921,28.1278,28.1750
99,28.0001,28.0001,28.0001,28.0001,28.0002,28.0004,28.0006,28.0010,28.0016,28.0026,28.0041,28.0064,28.0098,28.0148,28.0221,28.0324,28.0469,28.0668,28.0939,28.1301,28.1778
100,28.0001,28.0001,28.0001,28.0002,28.0002,28.0004,28.0006,28.0011,28.0017,28.0027,28.0043,28.0066,28.0101,28.0153,28.0227,28.0332,28.0480,28.0683,28.0957,28.1324,28.1807
101,28.0001,28.0001,28.0001,28.0002,28.0003,28.0004,28.0007,28.0011,28.0018,28.0028,28.0044,28.0069,28.0105,28.0157,28.0233,28.0341,28.0491,28.0697,28.0976,28.1348,28.1835
102,28.0001,28.0001,28.0001,28.0002,28.0003,28.0004,28.0007,28.0012,28.0019,28.0029,28.0046,28.0071,28.0108,28.0162,28.0240,28.0350,28.0502,28.0712,28.0995,28.1371,28.1864
103,28.0001,28.0001,28.0001,28.0002,28.0003,28.0005,28.0008,28.0012,28.0019,28.0031,28.0048,28.0074,28.0112,28.0167,28.0246,28.0358,28.0514,28.0727,28.1014,28.1395,28.1893
104,28.0001,28.0001,28.0001,28.0002,28.0003,28.0005,28.0008,28.0013,28.0020,28.0032,28.0050,28.0076,28.0115,28.0172,28.0253,28.0367,28.0526,28.0742,28.1033,28.1419,28.1922
105,28.0001,28.0001,28.0001,28.0002,28.0003,28.0005,28.0008,28.0013,28.0021,28.0033,28.0052,28.0079,28.0119,28.0177,28.0260,28.0376,28.0537,28.0757,28.1052,28.1443,28.1952
106,28.0001,28.0001,28.0002,28.0002,28.0004,28.0006,28.0009,28.0014,28.0022,28.0035,28.0053,28.0082,28.0123,28.0182,28.0267,28.0386,28.0549,28.0772,28.1072,28.1467,28.1981
107,28.0001,28.0001,28.0002,28.0002,28.0004,28.0006,28.0009,28.0015,28.0023,28.0036,28.0055,28.0084,28.0127,28.0187,28.0274,28.0395,28.0562,28.0788,28.1091,28.1491,28.2011
108,28.0001,28.0001,28.0002,28.0003,28.0004,28.0006,28.0010,28.0015,28.0024,28.0037,28.0057,28.0087,28.0130,28.0193,28.0281,28.0404,28.0574,28.0804,28.1111,28.1515,28.2040
109,28.0001,28.0001,28.0002,28.0003,28.0004,28.0007,28.0010,28.0016,28.0025,28.0039,28.0060,28.0090,28.0134,28.0198,28.0288,28.0414,28.0586,28.0819,28.1131,28.1540,28.2070
110,28.0001,28.0002,28.0002,28.0003,28.0004,28.0007,28.0011,28.0017,28.0026,28.0040,28.0062,28.0093,28.0139,28.0204,28.0296,28.0423,28.0599,28.0835,28.1151,28.1565,28.2100
111,28.0002,28.0002,28.0002,28.0003,28.0005,28.0007,28.0011,28.0018,28.0027,28.0042,28.0064,28.0096,28.0143,28.0209,28.0303,28.0433,28.0611,28.0851,28.1171,28.1590,28.2131
112,28.0002,28.0002,28.0002,28.0003,28.0005,28.0008,28.0012,28.0018,28.0028,28.0044,28.0066,28.0099,28.0147,28.0215,28.0311,28.0443,28.0624,28.0868,28.1191,28.1615,28.2161
113,28.0002,28.0002,28.0002,28.0003,28.0005,28.0008,28.0012,28.0019,28.0030,28.0045,28.0068,28.0102,28.0151,28.0221,28.0318,28.0453,28.0637,28.0884,28.1212,28.1640,28.2191
114,28.0002,28.0002,28.0003,28.0004,28.0005,28.0008,28.0013,28.0020,28.0031,28.0047,28.0071,28.0105,28.0155,28.0227,28.0326,28.0463,28.0650,28.0901,28.1232,28.1665,28.2222
115,28.0002,28.0002,28.0003,28.0004,28.0006,28.0009,28.0014,28.0021,28.0032,28.0049,28.0073,28.0109,28.0160,28.0232,28.0334,28.0473,28.0663,28.0917,28.1253,28.1690,28.2253
116,28.0002,28.0002,28.0003,28.0004,28.0006,28.0009,28.0014,28.0022,28.0033,28.0050,28.0075,28.0112,28.0164,28.0239,28.0342,28.0484,28.0676,28.0934,28.1274,28.1716,28.2283
117,28.0002,28.0002,28.0003,28.0004,28.0006,28.0010,28.0015,28.0023,28.0034,28.0052,28.0078,28.0115,28.0169,28.0245,28.0350,28.0494,28.0690,28.0951,28.1295,28.1742,28.2314
118,28.0002,28.0003,28.0003,28.0005,28.0007,28.0010,28.0015,28.0024,28.0036,28.0054,28.0080,28.0119,28.0174,28.0251,28.0358,28.0505,28.0703,28.0968,28.1316,28.1767,28.2345
119,28.0003,28.0003,28.0003,28.0005,28.0007,28.0011,28.0016,28.0024,28.0037,28.0056,28.0083,28.0122,28.0178,28.0257,28.0366,28.0516,28.0717,28.0985,28.1337,28.1793,28.2377
120,28.0003,28.0003,28.0004,28.0005,28.0007,28.0011,28.0017,28.0025,28.0038,28.0058,28.0086,28.0126,28.0183,28.0264,28.0375,28.0526,28.0731,28.1002,28.1359,28.1820,28.2408
121,28.0003,28.0003,28.0004,28.0005,28.0008,28.0012,28.0018,28.0026,28.0040,28.0060,28.0088,28.0130,28.0188,28.0270,28.0383,28.0537,28.0745,28.1020,28.1380,28.1846,28.2439
122,28.0003,28.0003,28.0004,28.0006,28.0008,28.0012,28.0018,28.0027,28.0041,28.0062,28.0091,28.0133,28.0193,28.0277,28.0392,28.0548,28.0759,28.1038,28.1402,28.1872,28.2469
123,28.0003,28.0003,28.0004,28.0006,28.0009,28.0013,28.0019,28.0029,28.0043,28.0064,28.0094,28.0137,28.0198,28.0283,28.0400,28.0560,28.0773,28.1055,28.1424,28.1898,28.2499
124,28.0003,28.0004,28.0005,28.0006,28.0009,28.0013,28.0020,28.0030,28.0044,28.0066,28.0097,28.0141,28.0203,28.0290,28.0409,28.0571,28.0787,28.1073,28.1446,28.1924,28.2530
125,28.0004,28.0004,28.0005,28.0007,28.0009,28.0014,28.0021,28.0031,28.0046,28.0068,28.0100,28.0145,28.0209,28.0297,28.0418,28.0582,28.0802,28.1091,28.1468,28.1951,28.2560
126,28.0004,28.0004,28.0005,28.0007,28.0010,28.0014,28.0021,28.0032,28.0047,28.0070,28.0103,28.0149,28.0214,28.0304,28.0427,28.0594,28.0816,28.1109,28.1490,28.1977,28.2590
127,28.0004,28.0004,28.0005,28.0007,28.0010,28.0015,28.0022,28.0033,28.0049,28.0072,28.0106,28.0153,28.0219,28.0311,28.0436,28.0606,28.0831,28.1127,28.1512,28.2003,28.2620
128,28.0004,28.0005,28.0006,28.0008,28.0011,28.0016,28.0023,28.0034,28.0051,28.0074,28.0109,28.0157,28.0225,28.0318,28.0446,28.0617,28.0846,28.1146,28.1534,28.2029,28.2650
129,28.0004,28.0005,28.0006,28.0008,28.0011,28.0016,28.0024,28.0036,28.0052,28.0077,28.0112,28.0161,28.0230,28.0325,28.0455,28.0629,28.0861,28.1164,28.1556,28.2055,28.2680
130,28.0005,28.0005,28.0006,28.0008,28.0012,28.0017,28.0025,28.0037,28.0054,28.0079,28.0115,28.0165,28.0236,28.0333,28.0464,28.0641,28.0876,28.1182,28.1578,28.2081,28.2709
131,28.0005,28.0005,28.0006,28.0009,28.0012,28.0018,28.0026,28.0038,28.0056,28.0082,28.0118,28.0170,28.0241,28.0340,28.0474,28.0653,28.0891,28.1201,28.1601,28.2107,28.2739
132,28.0005,28.0006,28.0007,28.0009,28.0013,28.0018,28.0027,28.0039,28.0058,28.0084,28.0121,28.0174,28.0247,28.0348,28.0483,28.0665,28.0906,28.1220,28.1623,28.2134,28.2769
133,28.0005,28.0006,28.0007,28.0009,28.0013,28.0019,28.0028,28.0041,28.0060,28.0087,28.0125,28.0179,28.0253,28.0355,28.0493,28.0678,28.0921,28.1238,28.1645,28.2160,28.2799
134,28.0006,28.0006,28.0007,28.0010,28.0014,28.0020,28.0029,28.0042,28.0061,28.0089,28.0128,28.0183,28.0259,28.0363,28.0503,28.0690,28.0937,28.1257,28.1668,28.2186,28.2829
135,28.0006,28.0006,28.0008,28.0010,28.0014,28.0021,28.0030,28.0044,28.0063,28.0092,28.0132,28.0188,28.0265,28.0371,28.0513,28.0703,28.0952,28.1276,28.1690,28.2212,28.2859
136,28.0006,28.0007,28.0008,28.0011,28.0015,28.0021,28.0031,28.0045,28.0065,28.0094,28.0135,28.0192,28.0271,28.0378,28.0523,28.0715,28.0968,28.1295,28.1713,28.2239,28.2889
137,28.0007,28.0007,28.0009,28.0011,28.0016,28.0022,28.0032,28.0046,28.0067,28.0097,28.0139,28.0197,28.0277,28.0386,28.0533,28.0728,28.0984,28.1314,28.1736,28.2265,28.2919
138,28.0007,28.0007,28.0009,28.0012,28.0016,28.0023,28.0033,28.0048,28.0069,28.0100,28.0142,28.0202,28.0284,28.0394,28.0543,28.0741,28.0999,28.1333,28.1758,28.2291,28.2949
139,28.0007,28.0008,28.0009,28.0012,28.0017,28.0024,28.0034,28.0050,28.0071,28.0103,28.0146,28.0207,28.0290,28.0403,28.0554,28.0754,28.1015,28.1352,28.1781,28.2318,28.2979
140,28.0008,28.0008,28.0010,28.0013,28.0018,28.0025,28.0036,28.0051,28.0074,28.0105,28.0150,28.0212,28.0296,28.0411,28.0564,28.0767,28.1031,28.1372,28.1804,28.2344,28.3009
141,28.0008,28.0008,28.0010,28.0013,28.0018,28.0026,28.0037,28.0053,28.0076,28.0108,28.0154,28.0217,28.0303,28.0419,28.0575,28.0780,28.1047,28.1391,28.1827,28.2370,28.3039
142,28.0008,28.0009,28.0011,28.0014,28.0019,28.0027,28.0038,28.0054,28.0078,28.0111,28.0158,28.0222,28.0309,28.0428,28.0585,28.0793,28.1064,28.1411,28.1850,28.2397,28.3069
143,28.0009,28.0009,28.0011,28.0014,28.0020,28.0028,28.0039,28.0056,28.0080,28.0114,28.0162,28.0227,28.0316,28.0436,28.0596,28.0806,28.1080,28.1430,28.1872,28.2423,28.3099
144,28.0009,28.0010,28.0012,28.0015,28.0020,28.0029,28.0041,28.0058,28.0083,28.0117,28.0166,28.0232,28.0323,28.0445,28.0607,28.0820,28.1096,28.1450,28.1895,28.2450,28.3129
145,28.0010,28.0010,28.0012,28.0016,28.0021,28.0030,28.0042,28.0060,28.0085,28.0120,28.0170,28.0237,28.0330,28.0453,28.0618,28.0833,28.1112,28.1469,28.1919,28.2476,28.3159
146,28.0010,28.0011,28.0013,28.0016,28.0022,28.0031,28.0043,28.0061,28.0087,28.0124,28.0174,28.0243,28.0337,28.0462,28.0629,28.0847,28.1129,28.1489,28.1942,28.2503,28.3190
147,28.0010,28.0011,28.0013,28.0017,28.0023,28.0032,28.0045,28.0063,28.0090,28.0127,28.0178,28.0248,28.0343,28.0471,28.0640,28.0861,28.1146,28.1509,28.1965,28.2530,28.3220
148,28.0011,28.0011,28.0014,28.0017,28.0024,28.0033,28.0046,28.0065,28.0092,28.0130,28.0182,28.0254,28.0351,28.0480,28.0651,28.0874,28.1162,28.1528,28.1988,28.2556,28.3250
149,28.0011,28.0012,28.0014,28.0018,28.0024,28.0034,28.0047,28.0067,28.0095,28.0133,28.0187,28.0259,28.0358,28.0489,28.0662,28.0888,28.1179,28.1548,28.2011,28.2583,28.3280
150,28.0012,28.0012,28.0015,28.0019,28.0025,28.0035,28.0049,28.0069,28.0097,28.0137,28.0191,28.0265,28.0365,28.0498,28.0674,28.0902,28.1196,28.1568,28.2034,28.2610,28.3311
151,28.0012,28.0013,28.0015,28.0019,28.0026,28.0036,28.0050,28.0071,28.0100,28.0140,28.0195,28.0271,28.0372,28.0507,28.0685,28.0916,28.1213,28.1588,28.2058,28.2637,28.3341
152,28.0013,28.0014,28.0016,28.0020,28.0027,28.0037,28.0052,28.0073,28.0103,28.0144,28.0200,28.0277,28.0380,28.0517,28.0696,28.0930,28.1229,28.1608,28.2081,28.2664,28.3372
153,28.0013,28.0014,28.0017,28.0021,28.0028,28.0038,28.0054,28.0075,28.0105,28.0147,28.0205,28.0282,28.0387,28.0526,28.0708,28.0944,28.1247,28.1628,28.2105,28.2691,28.3402
154,28.0014,28.0015,28.0017,28.0022,28.0029,28.0040,28.0055,28.0077,28.0108,28.0151,28.0209,28.0288,28.0395,28.0535,28.0720,28.0958,28.1264,28.1649,28.2128,28.2718,28.3432
155,28.0014,28.0015,28.0018,28.0023,28.0030,28.0041,28.0057,28.0079,28.0111,28.0154,28.0214,28.0294,28.0402,28.0545,28.0732,28.0973,28.1281,28.1669,28.2152,28.2745,28.3463
156,28.0015,28.0016,28.0018,28.0023,28.0031,28.0042,28.0059,28.0082,28.0114,28.0158,28.0219,28.0300,28.0410,28.0554,28.0743,28.0987,28.1298,28.1689,28.2175,28.2772,28.3494
157,28.0016,28.0016,28.0019,28.0024,28.0032,28.0044,28.0060,28.0084,28.0117,28.0162,28.0223,28.0307,28.0418,28.0564,28.0755,28.1002,28.1315,28.1710,28.2199,28.2799,28.3524
158,28.0016,28.0017,28.0020,28.0025,28.0033,28.0045,28.0062,28.0086,28.0120,28.0166,28.0228,28.0313,28.0425,28.0574,28.0767,28.1016,28.1333,28.1730,28.2223,28.2826,28.3555
159,28.0017,28.0018,28.0021,28.0026,28.0034,28.0046,28.0064,28.0088,28.0122,28.0169,28.0233,28.0319,28.0433,28.0584,28.0779,28.1031,28.1350,28.1751,28.2247,28.2853,28.3586
160,28.0017,28.0018,28.0021,28.0027,28.0035,28.0048,28.0066,28.0091,28.0126,28.0173,28.0238,28.0326,28.0441,28.0594,28.0792,28.1046,28.1368,28.1771,28.2271,28.2880,28.3616
161,28.0018,28.0019,28.0022,28.0028,28.0036,28.0049,28.0067,28.0093,28.0129,28.0177,28.0243,28.0332,28.0449,28.0604,28.0804,28.1060,28.1385,28.1792,28.2294,28.2908,28.3647
162,28.0019,28.0020,28.0023,28.0029,28.0038,28.0051,28.0069,28.0095,28.0132,28.0181,28.0249,28.0338,28.0458,28.0614,28.0816,28.1075,28.1403,28.1813,28.2318,28.2935,28.3678
163,28.0019,28.0020,28.0024,28.0030,28.0039,28.0052,28.0071,28.0098,28.0135,28.0185,28.0254,28.0345,28.0466,28.0624,28.0829,28.1090,28.1421,28.1833,28.2342,28.2962,28.3709
164,28.0020,28.0021,28.0025,28.0031,28.0040,28.0054,28.0073,28.0100,28.0138,28.0190,28.0259,28.0352,28.0474,28.0634,28.0841,28.1105,28.1439,28.1854,28.2367,28.2990,28.3740
165,28.0021,28.0022,28.0025,28.0032,28.0041,28.0055,28.0075,28.0103,28.0141,28.0194,28.0264,28.0358,28.0483,28.0644,28.0854,28.1120,28.1456,28.1875,28.2391,28.3017,28.3771
166,28.0022,28.0023,28.0026,28.0033,28.0042,28.0057,28.0077,28.0106,28.0145,28.0198,28.0270,28.0365,28.0491,28.0655,28.0866,28.1135,28.1474,28.1896,28.2415,28.3045,28.3802
167,28.0022,28.0024,28.0027,28.0034,28.0044,28.0058,28.0079,28.0108,28.0148,28.0202,28.0275,28.0372,28.0499,28.0665,28.0879,28.1151,28.1492,28.1917,28.2439,28.3073,28.3833
168,28.0023,28.0024,28.0028,28.0035,28.0045,28.0060,28.0081,28.0111,28.0152,28.0207,28.0281,28.0379,28.0508,28.0676,28.0892,28.1166,28.1511,28.1938,28.2463,28.3100,28.3864
169,28.0024,28.0025,28.0029,28.0036,28.0046,28.0062,28.0083,28.0114,28.0155,28.0211,28.0286,28.0386,28.0517,28.0687,28.0905,28.1181,28.1529,28.1960,28.2488,28.3128,28.3895
170,28.0025,28.0026,28.0030,28.0037,28.0048,28.0063,28.0086,28.0116,28.0159,28.0216,28.0292,28.0393,28.0525,28.0697,28.0918,28.1197,28.1547,28.1981,28.2512,28.3156,28.3927
171,28.0026,28.0027,28.0031,28.0038,28.0049,28.0065,28.0088,28.0119,28.0162,28.0220,28.0298,28.0400,28.0534,28.0708,28.0931,28.1212,28.1565,28.2002,28.2537,28.3184,28.3958
172,28.0027,28.0028,28.0032,28.0039,28.0051,28.0067,28.0090,28.0122,28.0166,28.0225,28.0303,28.0407,28.0543,28.0719,28.0944,28.1228,28.1584,28.2023,28.2561,28.3211,28.3989
173,28.0028,28.0029,28.0033,28.0041,28.0052,28.0069,28.0092,28.0125,28.0169,28.0229,28.0309,28.0415,28.0552,28.0730,28.0957,28.1244,28.1602,28.2045,28.2586,28.3239,28.4021
174,28.0028,28.0030,28.0034,28.0042,28.0054,28.0071,28.0095,28.0128,28.0173,28.0234,28.0315,28.0422,28.0561,28.0741,28.0970,28.1259,28.1621,28.2066,28.2610,28.3267,28.4052
175,28.0029,28.0031,28.0035,28.0043,28.0055,28.0073,28.0097,28.0131,28.0177,28.0239,28.0321,28.0429,28.0570,28.0752,28.0983,28.1275,28.1639,28.2088,28.2635,28.3295,28.4084
176,28.0030,28.0032,28.0036,28.0044,28.0057,28.0074,28.0100,28.0134,28.0181,28.0244,28.0327,28.0437,28.0579,28.0763,28.0997,28.1291,28.1658,28.2110,28.2660,28.3323,28.4115
177,28.0031,28.0033,28.0037,28.0046,28.0058,28.0076,28.0102,28.0137,28.0185,28.0249,28.0333,28.0444,28.0589,28.0774,28.1010,28.1307,28.1677,28.2131,28.2685,28.3352,28.4147
178,28.0032,28.0034,28.0039,28.0047,28.0060,28.0078,28.0104,28.0140,28.0189,28.0253,28.0339,28.0452,28.0598,28.0785,28.1024,28.1323,28.1695,28.2153,28.2710,28.3380,28.4178
179,28.0033,28.0035,28.0040,28.0048,28.0061,28.0080,28.0107,28.0143,28.0193,28.0258,28.0346,28.0460,28.0607,28.0797,28.1037,28.1339,28.1714,28.2175,28.2735,28.3408,28.4210
180,28.0034,28.0036,28.0041,28.0050,28.0063,28.0083,28.0110,28.0147,28.0197,28.0264,28.0352,28.0467,28.0617,28.0808,28.1051,28.1355,28.1733,28.2197,28.2760,28.3436,28.4242
181,28.0036,28.0037,28.0042,28.0051,28.0065,28.0085,28.0112,28.0150,28.0201,28.0269,28.0358,28.0475,28.0626,28.0820,28.1065,28.1372,28.1752,28.2218,28.2785,28.3465,28.4273
182,28.0037,28.0038,28.0043,28.0053,28.0067,28.0087,28.0115,28.0153,28.0205,28.0274,28.0365,28.0483,28.0636,28.0831,28.1079,28.1388,28.1771,28.2240,28.2810,28.3493,28.4304
183,28.0038,28.0039,28.0045,28.0054,28.0068,28.0089,28.0118,28.0157,28.0209,28.0279,28.0371,28.0491,28.0646,28.0843,28.1092,28.1404,28.1790,28.2262,28.2835,28.3521,28.4334
184,28.0039,28.0041,28.0046,28.0056,28.0070,28.0091,28.0120,28.0160,28.0213,28.0284,28.0378,28.0499,28.0655,28.0855,28.1106,28.1421,28.1809,28.2285,28.2860,28.3549,28.4365
185,28.0040,28.0042,28.0047,28.0057,28.0072,28.0093,28.0123,28.0163,28.0218,28.0290,28.0384,28.0507,28.0665,28.0867,28.1120,28.1437,28.1829,28.2307,28.2885,28.3577,28.4395
186,28.0041,28.0043,28.0049,28.0059,28.0074,28.0096,28.0126,28.0167,28.0222,28.0295,28.0391,28.0515,28.0675,28.0878,28.1135,28.1454,28.1848,28.2329,28.2910,28.3605,28.4425
187,28.0043,28.0044,28.0050,28.0060,28.0076,28.0098,28.0129,28.0170,28.0226,28.0300,28.0398,28.0523,28.0685,28.0890,28.1149,28.1471,28.1867,28.2351,28.2935,28.3633,28.4456
188,28.0044,28.0046,28.0052,28.0062,28.0078,28.0100,28.0132,28.0174,28.0231,28.0306,28.0404,28.0532,28.0695,28.0902,28.1163,28.1487,28.1887,28.2373,28.2960,28.3661,28.4486
189,28.0045,28.0047,28.0053,28.0064,28.0080,28.0103,28.0135,28.0178,28.0235,28.0312,28.0411,28.0540,28.0705,28.0914,28.1177,28.1504,28.1906,28.2396,28.2986,28.3689,28.4516
190,28.0046,28.0048,28.0055,28.0065,28.0082,28.0105,28.0138,28.0181,28.0240,28.0317,28.0418,28.0548,28.0715,28.0927,28.1192,28.1521,28.1926,28.2418,28.3011,28.3716,28.4546
191,28.0048,28.0050,28.0056,28.0067,28.0084,28.0108,28.0141,28.0185,28.0245,28.0323,28.0425,28.0557,28.0725,28.0939,28.1206,28.1538,28.1945,28.2440,28.3036,28.3744,28.4576
192,28.0049,28.0051,28.0058,28.0069,28.0086,28.0110,28.0144,28.0189,28.0249,28.0329,28.0432,28.0565,28.0736,28.0951,28.1221,28.1555,28.1965,28.2463,28.3061,28.3772,28.4606
193,28.0051,28.0053,28.0059,28.0071,28.0088,28.0113,28.0147,28.0193,28.0254,28.0334,28.0439,28.0574,28.0746,28.0963,28.1235,28.1572,28.1984,28.2485,28.3086,28.3799,28.4636
194,28.0052,28.0054,28.0061,28.0072,28.0090,28.0115,28.0150,28.0197,28.0259,28.0340,28.0446,28.0583,28.0756,28.0976,28.1250,28.1589,28.2004,28.2508,28.3111,28.3827,28.4665
195,28.0054,28.0056,28.0062,28.0074,28.0092,28.0118,28.0153,28.0201,28.0264,28.0346,28.0453,28.0591,28.0767,28.0988,28.1264,28.1606,28.2024,28.2530,28.3136,28.3855,28.4695
196,28.0055,28.0057,28.0064,28.0076,28.0095,28.0121,28.0156,28.0205,28.0268,28.0352,28.0461,28.0600,28.0777,28.1001,28.1279,28.1623,28.2044,28.2552,28.3161,28.3882,28.4725
197,28.0057,28.0059,28.0066,28.0078,28.0097,28.0123,28.0160,28.0209,28.0273,28.0358,28.0468,28.0609,28.0788,28.1013,28.1294,28.1640,28.2063,28.2575,28.3187,28.3910,28.4755
198,28.0058,28.0060,28.0068,28.0080,28.0099,28.0126,28.0163,28.0213,28.0278,28.0364,28.0475,28.0618,28.0799,28.1026,28.1309,28.1658,28.2083,28.2597,28.3212,28.3937,28.4784
199,28.0060,28.0062,28.0069,28.0082,28.0101,28.0129,28.0166,28.0217,28.0283,28.0370,28.0483,28.0627,28.0810,28.1039,28.1324,28.1675,28.2103,28.2620,28.3237,28.3965,28.4814
200,28.0061,28.0064,28.0071,28.0084,28.0104,28.0132,28.0170,28.0221,28.0288,28.0377,28.0490,28.0636,28.0820,28.1052,28.1339,28.1692,28.2123,28.2642,28.3262,28.3992,28.4843
201,28.0063,28.0065,28.0073,28.0086,28.0106,28.0135,28.0173,28.0225,28.0294,28.0383,28.0498,28.0645,28.0831,28.1064,28.1354,28.1710,28.2143,28.2665,28.3287,28.4020,28.4873
202,28.0065,28.0067,28.0075,28.0088,28.0109,28.0137,28.0177,28.0229,28.0299,28.0389,28.0506,28.0654,28.0842,28.1077,28.1369,28.1727,28.2163,28.2688,28.3312,28.4047,28.4903
203,28.0066,28.0069,28.0077,28.0090,28.0111,28.0140,28.0180,28.0234,28.0304,28.0396,28.0513,28.0664,28.0853,28.1090,28.1384,28.1745,28.2183,28.2710,28.3337,28.4074,28.4932
204,28.0068,28.0071,28.0079,28.0093,28.0114,28.0143,28.0184,28.0238,28.0309,28.0402,28.0521,28.0673,28.0864,28.1103,28.1400,28.1763,28.2203,28.2733,28.3362,28.4102,28.4962
205,28.0070,28.0072,28.0081,28.0095,28.0116,28.0146,28.0188,28.0243,28.0315,28.0408,28.0529,28.0682,28.0875,28.1117,28.1415,28.1780,28.2223,28.2755,28.3387,28.4129,28.4991
206,28.0072,28.0074,28.0083,28.0097,28.0119,28.0149,28.0191,28.0247,28.0320,28.0415,28.0537,28.0692,28.0887,28.1130,28.1430,28.1798,28.2244,28.2778,28.3412,28.4157,28.5021
207,28.0073,28.0076,28.0085,28.0099,28.0121,28.0153,28.0195,28.0252,28.0326,28.0422,28.0545,28.0701,28.0898,28.1143,28.1446,28.1816,28.2264,28.2801,28.3437,28.4184,28.5050
208,28.0075,28.0078,28.0087,28.0102,28.0124,28.0156,28.0199,28.0256,28.0331,28.0428,28.0553,28.0711,28.0909,28.1156,28.1461,28.1834,28.2284,28.2823,28.3462,28.4211,28.5080
209,28.0077,28.0080,28.0089,28.0104,28.0127,28.0159,28.0203,28.0261,28.0337,28.0435,28.0561,28.0720,28.0920,28.1170,28.1477,28.1851,28.2304,28.2846,28.3487,28.4239,28.5109
210,28.0079,28.0082,28.0091,28.0106,28.0130,28.0162,28.0207,28.0265,28.0342,28.0442,28.0569,28.0730,28.0932,28.1183,28.1492,28.1869,28.2325,28.2869,28.3513,28.4266,28.5139
211,28.0081,28.0084,28.0093,28.0109,28.0132,28.0166,28.0210,28.0270,28.0348,28.0449,28.0577,28.0740,28.0943,28.1196,28.1508,28.1887,28.2345,28.2891,28.3538,28.4293,28.5168
212,28.0083,28.0086,28.0095,28.0111,28.0135,28.0169,28.0214,28.0275,28.0354,28.0455,28.0585,28.0749,28.0955,28.1210,28.1523,28.1905,28.2365,28.2914,28.3563,28.4321,28.5198
213,28.0085,28.0088,28.0097,28.0114,28.0138,28.0172,28.0218,28.0280,28.0360,28.0462,28.0594,28.0759,28.0967,28.1224,28.1539,28.1923,28.2386,28.2937,28.3588,28.4348,28.5227
214,28.0087,28.0090,28.0100,28.0116,28.0141,28.0176,28.0223,28.0285,28.0365,28.0469,28.0602,28.0769,28.0978,28.1237,28.1555,28.1941,28.2406,28.2960,28.3613,28.4375,28.5256
215,28.0089,28.0092,28.0102,28.0119,28.0144,28.0179,28.0227,28.0289,28.0371,28.0477,28.0610,28.0779,28.0990,28.1251,28.1571,28.1959,28.2426,28.2982,28.3638,28.4403,28.5286
216,28.0091,28.0095,28.0104,28.0121,28.0147,28.0183,28.0231,28.0294,28.0377,28.0484,28.0619,28.0789,28.1002,28.1265,28.1587,28.1977,28.2447,28.3005,28.3663,28.4430,28.5315
217,28.0094,28.0097,28.0107,28.0124,28.0150,28.0186,28.0235,28.0299,28.0383,28.0491,28.0627,28.0799,28.1014,28.1279,28.1603,28.1995,28.2467,28.3028,28.3688,28.4457,28.5345
218,28.0096,28.0099,28.0109,28.0127,28.0153,28.0190,28.0239,28.0305,28.0389,28.0498,28.0636,28.0810,28.1026,28.1292,28.1619,28.2014,28.2488,28.3051,28.3713,28.4485,28.5374
219,28.0098,28.0101,28.0112,28.0129,28.0156,28.0193,28.0244,28.0310,28.0395,28.0505,28.0645,28.0820,28.1038,28.1306,28.1635,28.2032,28.2508,28.3074,28.3738,28.4512,28.5404
220,28.0100,28.0104,28.0114,28.0132,28.0159,28.0197,28.0248,28.0315,28.0402,28.0513,28.0653,28.0830,28.1050,28.1320,28.1651,28.2050,28.2529,28.3097,28.3764,28.4539,28.5433
221,28.0103,28.0106,28.0117,28.0135,28.0162,28.0201,28.0252,28.0320,28.0408,28.0520,28.0662,28.0840,28.1062,28.1334,28.1667,28.2069,28.2549,28.3119,28.3789,28.4567,28.5462
222,28.0105,28.0108,28.0119,28.0138,28.0166,28.0205,28.0257,28.0325,28.0414,28.0527,28.0671,28.0851,28.1074,28.1348,28.1683,28.2087,28.2570,28.3142,28.3814,28.4594,28.5492
223,28.0107,28.0111,28.0122,28.0141,28.0169,28.0208,28.0261,28.0331,28.0420,28.0535,28.0680,28.0861,28.1086,28.1362,28.1699,28.2105,28.2591,28.3165,28.3839,28.4621,28.5521
224,28.0110,28.0113,28.0124,28.0144,28.0172,28.0212,28.0266,28.0336,28.0427,28.0543,28.0689,28.0872,28.1098,28.1377,28.1715,28.2124,28.2611,28.3188,28.3864,28.4649,28.5551
225,28.0112,28.0116,28.0127,28.0147,28.0176,28.0216,28.0270,28.0341,28.0433,28.0550,28.0698,28.0882,28.1111,28.1391,28.1732,28.2142,28.2632,28.3211,28.3889,28.4676,28.5580
226,28.0115,28.0118,28.0130,28.0150,28.0179,28.0220,28.0275,28.0347,28.0440,28.0558,28.0707,28.0893,28.1123,28.1405,28.1748,28.2161,28.2653,28.3234,28.3915,28.4703,28.5610
227,28.0117,28.0121,28.0133,28.0153,28.0183,28.0224,28.0280,28.0352,28.0446,28.0566,28.0716,28.0904,28.1135,28.1419,28.1764,28.2179,28.2673,28.3257,28.3940,28.4731,28.5639
228,28.0120,28.0124,28.0135,28.0156,28.0186,28.0228,28.0284,28.0358,28.0453,28.0573,28.0725,28.0914,28.1148,28.1434,28.1781,28.2198,28.2694,28.3280,28.3965,28.4758,28.5668
229,28.0122,28.0126,28.0138,28.0159,28.0190,28.0232,28.0289,28.0364,28.0459,28.0581,28.0734,28.0925,28.1160,28.1448,28.1797,28.2216,28.2715,28.3303,28.3990,28.4785,28.5698
230,28.0125,28.0129,28.0141,28.0162,28.0193,28.0236,28.0294,28.0369,28.0466,28.0589,28.0744,28.0936,28.1173,28.1463,28.1814,28.2235,28.2736,28.3326,28.4015,28.4813,28.5727
231,28.0128,28.0132,28.0144,28.0165,28.0197,28.0240,28.0299,28.0375,28.0473,28.0597,28.0753,28.0947,28.1186,28.1477,28.1830,28.2254,28.2757,28.3349,28.4041,28.4840,28.5757
232,28.0130,28.0134,28.0147,28.0168,28.0200,28.0245,28.0304,28.0381,28.0480,28.0605,28.0762,28.0958,28.1198,28.1492,28.1847,28.2272,28.2778,28.3372,28.4066,28.4868,28.5786
233,28.0133,28.0137,28.0150,28.0172,28.0204,28.0249,28.0309,28.0387,28.0487,28.0613,28.0772,28.0969,28.1211,28.1506,28.1863,28.2291,28.2799,28.3395,28.4091,28.4895,28.5816
234,28.0136,28.0140,28.0153,28.0175,28.0208,28.0253,28.0314,28.0393,28.0494,28.0621,28.0781,28.0980,28.1224,28.1521,28.1880,28.2310,28.2819,28.3419,28.4116,28.4922,28.5845
235,28.0139,28.0143,28.0156,28.0178,28.0212,28.0258,28.0319,28.0398,28.0500,28.0629,28.0791,28.0991,28.1237,28.1536,28.1897,28.2329,28.2840,28.3442,28.4142,28.4950,28.5875
236,28.0142,28.0146,28.0159,28.0182,28.0216,28.0262,28.0324,28.0404,28.0507,28.0638,28.0800,28.1002,28.1249,28.1551,28.1914,28.2347,28.2861,28.3465,28.4167,28.4977,28.5904
237,28.0145,28.0149,28.0162,28.0185,28.0219,28.0266,28.0329,28.0411,28.0515,28.0646,28.0810,28.1013,28.1262,28.1565,28.1930,28.2366,28.2882,28.3488,28.4192,28.5005,28.5934
238,28.0148,28.0152,28.0165,28.0189,28.0223,28.0271,28.0334,28.0417,28.0522,28.0654,28.0820,28.1024,28.1275,28.1580,28.1947,28.2385,28.2903,28.3511,28.4218,28.5032,28.5963
239,28.0151,28.0155,28.0169,28.0192,28.0227,28.0276,28.0340,28.0423,28.0529,28.0663,28.0830,28.1036,28.1288,28.1595,28.1964,28.2404,28.2925,28.3534,28.4243,28.5060,28.5993
240,28.0154,28.0158,28.0172,28.0196,28.0231,28.0280,28.0345,28.0429,28.0536,28.0671,28.0839,28.1047,28.1301,28.1610,28.1981,28.2423,28.2946,28.3558,28.4268,28.5087,28.6022
241,28.0157,28.0161,28.0175,28.0200,28.0235,28.0285,28.0350,28.0435,28.0543,28.0680,28.0849,28.1059,28.1315,28.1625,28.1998,28.2442,28.2967,28.3581,28.4294,28.5115,28.6054
242,28.0160,28.0164,28.0179,28.0203,28.0239,28.0289,28.0356,28.0441,28.0551,28.0688,28.0859,28.1070,28.1328,28.1640,28.2015,28.2461,28.2988,28.3604,28.4319,28.5143,28.6087
243,28.0163,28.0168,28.0182,28.0207,28.0244,28.0294,28.0361,28.0448,28.0558,28.0697,28.0869,28.1082,28.1341,28.1655,28.2032,28.2480,28.3009,28.3628,28.4345,28.5171,28.6120
244,28.0166,28.0171,28.0186,28.0211,28.0248,28.0299,28.0367,28.0454,28.0566,28.0705,28.0879,28.1093,28.1354,28.1670,28.2049,28.2499,28.3030,28.3651,28.4371,28.5200,28.6154
245,28.0169,28.0174,28.0189,28.0214,28.0252,28.0304,28.0372,28.0461,28.0573,28.0714,28.0889,28.1105,28.1368,28.1685,28.2066,28.2518,28.3052,28.3674,28.4396,28.5229,28.6189
246,28.0173,28.0178,28.0193,28.0218,28.0256,28.0309,28.0378,28.0467,28.0581,28.0723,28.0899,28.1116,28.1381,28.1701,28.2083,28.2538,28.3073,28.3698,28.4423,28.5259,28.6224
247,28.0176,28.0181,28.0196,28.0222,28.0261,28.0314,28.0383,28.0474,28.0588,28.0732,28.0910,28.1128,28.1394,28.1716,28.2100,28.2557,28.3094,28.3721,28.4449,28.5289,28.6259
248,28.0179,28.0184,28.0200,28.0226,28.0265,28.0319,28.0389,28.0480,28.0596,28.0740,28.0920,28.1140,28.1408,28.1731,28.2118,28.2576,28.3115,28.3745,28.4475,28.5319,28.6295
249,28.0183,28.0188,28.0203,28.0230,28.0270,28.0324,28.0395,28.0487,28.0603,28.0749,28.0930,28.1152,28.1421,28.1746,28.2135,28.2595,28.3137,28.3769,28.4502,28.5350,28.6331
250,28.0186,28.0191,28.0207,28.0234,28.0274,28.0329,28.0401,28.0494,28.0611,28.0758,28.0940,28.1164,28.1435,28.1762,28.2152,28.2615,28.3158,28.3793,28.4529,28.5381,28.6368
251,28.0190,28.0195,28.0211,28.0238,28.0278,28.0334,28.0407,28.0500,28.0619,28.0767,28.0951,28.1176,28.1449,28.1777,28.2170,28.2634,28.3180,28.3817,28.4556,28.5412,28.6405
252,28.0193,28.0199,28.0215,28.0242,28.0283,28.0339,28.0412,28.0507,28.0627,28.0776,28.0961,28.1188,28.1462,28.1793,28.2187,28.2654,28.3202,28.3841,28.4583,28.5443,28.6443
253,28.0197,28.0202,28.0218,28.0246,28.0288,28.0344,28.0418,28.0514,28.0635,28.0786,28.0972,28.1200,28.1476,28.1808,28.2204,28.2673,28.3223,28.3865,28.4611,28.5475,28.6480
254,28.0200,28.0206,28.0222,28.0251,28.0292,28.0349,28.0424,28.0521,28.0643,28.0795,28.0982,28.1212,28.1490,28.1824,28.2222,28.2693,28.3245,28.3890,28.4639,28.5507,28.6518
255,28.0204,28.0210,28.0226,28.0255,28.0297,28.0355,28.0430,28.0528,28.0651,28.0804,28.0993,28.1224,28.1503,28.1839,28.2239,28.2712,28.3267,28.3914,28.4666,28.5540,28.6557
256,28.0208,28.0213,28.0230,28.0259,28.0302,28.0360,28.0437,28.0535,28.0659,28.0813,28.1004,28.1236,28.1517,28.1855,28.2257,28.2732,28.3289,28.3939,28.4695,28.5573,28.6595
257,28.0212,28.0217,28.0234,28.0264,28.0307,28.0365,28.0443,28.0542,28.0667,28.0823,28.1014,28.1248,28.1531,28.1871,28.2275,28.2752,28.3311,28.3964,28.4723,28.5606,28.6634
258,28.0215,28.0221,28.0238,28.0268,28.0311,28.0371,28.0449,28.0549,28.0675,28.0832,28.1025,28.1260,28.1545,28.1886,28.2292,28.2771,28.3333,28.3989,28.4752,28.5639,28.6673
259,28.0219,28.0225,28.0242,28.0272,28.0316,28.0376,28.0455,28.0556,28.0683,28.0841,28.1036,28.1273,28.1559,28.1902,28.2310,28.2791,28.3356,28.4014,28.4781,28.5672,28.6713
260,28.0223,28.0229,28.0246,28.0277,28.0321,28.0382,28.0461,28.0563,28.0692,28.0851,28.1047,28.1285,28.1573,28.1918,28.2328,28.2811,28.3378,28.4040,28.4810,28.5706,28.6752
261,28.0227,28.0233,28.0251,28.0281,28.0326,28.0387,28.0468,28.0571,28.0700,28.0860,28.1058,28.1298,28.1587,28.1934,28.2346,28.2831,28.3401,28.4065,28.4839,28.5740,28.6792
262,28.0231,28.0237,28.0255,28.0286,28.0331,28.0393,28.0474,28.0578,28.0708,28.0870,28.1068,28.1310,28.1601,28.1950,28.2364,28.2851,28.3423,28.4091,28.4868,28.5774,28.6832
263,28.0235,28.0241,28.0259,28.0290,28.0336,28.0399,28.0481,28.0585,28.0717,28.0880,28.1079,28.1323,28.1616,28.1966,28.2382,28.2872,28.3446,28.4117,28.4898,28.5809,28.6873
264,28.0239,28.0245,28.0263,28.0295,28.0341,28.0404,28.0487,28.0593,28.0725,28.0889,28.1091,28.1335,28.1630,28.1982,28.2400,28.2892,28.3469,28.4143,28.4928,28.5844,28.6913
265,28.0243,28.0249,28.0268,28.0300,28.0347,28.0410,28.0494,28.0600,28.0734,28.0899,28.1102,28.1348,28.1644,28.1998,28.2418,28.2912,28.3492,28.4169,28.4958,28.5879,28.6954
266,28.0247,28.0253,28.0272,28.0305,28.0352,28.0416,28.0500,28.0608,28.0742,28.0909,28.1113,28.1360,28.1658,28.2014,28.2436,28.2933,28.3515,28.4195,28.4988,28.5914,28.6995
267,28.0252,28.0258,28.0277,28.0309,28.0357,28.0422,28.0507,28.0615,28.0751,28.0919,28.1124,28.1373,28.1673,28.2030,28.2454,28.2953,28.3538,28.4222,28.5019,28.5949,28.7036
268,28.0256,28.0262,28.0281,28.0314,28.0362,28.0428,28.0514,28.0623,28.0759,28.0928,28.1135,28.1386,28.1687,28.2047,28.2472,28.2974,28.3562,28.4248,28.5049,28.5985,28.7078
269,28.0260,28.0266,28.0286,28.0319,28.0368,28.0434,28.0520,28.0630,28.0768,28.0938,28.1146,28.1399,28.1702,28.2063,28.2491,28.2995,28.3585,28.4275,28.5080,28.6020,28.7119
270,28.0264,28.0271,28.0290,28.0324,28.0373,28.0440,28.0527,28.0638,28.0777,28.0948,28.1158,28.1412,28.1716,28.2079,28.2509,28.3015,28.3609,28.4302,28.5111,28.6056,28.7161
271,28.0269,28.0275,28.0295,28.0329,28.0379,28.0446,28.0534,28.0646,28.0786,28.0958,28.1169,28.1424,28.1731,28.2096,28.2528,28.3036,28.3632,28.4329,28.5143,28.6093,28.7203
272,28.0273,28.0280,28.0300,28.0334,28.0384,28.0452,28.0541,28.0654,28.0794,28.0968,28.1181,28.1437,28.1745,28.2112,28.2546,28.3057,28.3656,28.4356,28.5174,28.6129,28.7246
273,28.0278,28.0284,28.0304,28.0339,28.0390,28.0458,28.0548,28.0661,28.0803,28.0979,28.1192,28.1450,28.1760,28.2129,28.2565,28.3079,28.3680,28.4384,28.5206,28.6166,28.7288
274,28.0282,28.0289,28.0309,28.0344,28.0395,28.0464,28.0555,28.0669,28.0812,28.0989,28.1204,28.1464,28.1775,28.2146,28.2584,28.3100,28.3704,28.4412,28.5237,28.6202,28.7331
275,28.0287,28.0293,28.0314,28.0349,28.0401,28.0471,28.0562,28.0677,28.0821,28.0999,28.1215,28.1477,28.1790,28.2162,28.2603,28.3121,28.3729,28.4439,28.5269,28.6239,28.7373
276,28.0291,28.0298,28.0319,28.0354,28.0406,28.0477,28.0569,28.0685,28.0830,28.1009,28.1227,28.1490,28.1805,28.2179,28.2622,28.3143,28.3753,28.4467,28.5302,28.6276,28.7416
277,28.0296,28.0303,28.0324,28.0360,28.0412,28.0483,28.0576,28.0693,28.0840,28.1020,28.1239,28.1503,28.1820,28.2196,28.2641,28.3164,28.3778,28.4495,28.5334,28.6314,28.7460
278,28.0301,28.0308,28.0329,28.0365,28.0418,28.0490,28.0583,28.0701,28.0849,28.1030,28.1250,28.1516,28.1835,28.2213,28.2660,28.3186,28.3802,28.4524,28.5366,28.6351,28.7503
279,28.0305,28.0312,28.0334,28.0370,28.0424,28.0496,28.0590,28.0709,28.0858,28.1040,28.1262,28.1530,28.1850,28.2230,28.2679,28.3208,28.3827,28.4552,28.5399,28.6389,28.7547
280,28.0310,28.0317,28.0339,28.0376,28.0430,28.0503,28.0598,28.0718,28.0867,28.1051,28.1274,28.1543,28.1865,28.2247,28.2699,28.3230,28.3852,28.4580,28.5432,28.6427,28.7590
281,28.0315,28.0322,28.0344,28.0381,28.0436,28.0509,28.0605,28.0726,28.0876,28.1061,28.1286,28.1557,28.1880,28.2264,28.2718,28.3252,28.3877,28.4609,28.5465,28.6465,28.7634
282,28.0320,28.0327,28.0349,28.0387,28.0442,28.0516,28.0612,28.0734,28.0886,28.1072,28.1298,28.1570,28.1895,28.2281,28.2737,28.3274,28.3902,28.4638,28.5498,28.6503,28.7678
283,28.0325,28.0332,28.0354,28.0392,28.0448,28.0522,28.0620,28.0742,28.0895,28.1083,28.1310,28.1584,28.1911,28.2299,28.2757,28.3296,28.3928,28.4667,28.5531,28.6542,28.7722
284,28.0330,28.0337,28.0359,28.0398,28.0454,28.0529,28.0627,28.0751,28.0905,28.1093,28.1322,28.1597,28.1926,28.2316,28.2777,28.3318,28.3953,28.4696,28.5565,28.6580,28.7767
285,28.0335,28.0342,28.0365,28.0403,28.0460,28.0536,28.0635,28.0759,28.0914,28.1104,28.1334,28.1611,28.1941,28.2334,28.2796,28.3341,28.3979,28.4725,28.5599,28.6619,28.7811
286,28.0340,28.0347,28.0370,28.0409,28.0466,28.0543,28.0642,28.0768,28.0924,28.1115,28.1346,28.1625,28.1957,28.2351,28.2816,28.3363,28.4004,28.4755,28.5632,28.6658,28.7856
287,28.0345,28.0352,28.0375,28.0415,28.0472,28.0549,28.0650,28.0776,28.0933,28.1126,28.1359,28.1639,28.1973,28.2369,28.2836,28.3386,28.4030,28.4785,28.5666,28.6697,28.7901
288,28.0350,28.0358,28.0381,28.0421,28.0478,28.0556,28.0657,28.0785,28.0943,28.1136,28.1371,28.1652,28.1988,28.2386,28.2856,28.3409,28.4056,28.4814,28.5701,28.6736,28.7946
289,28.0355,28.0363,28.0386,28.0426,28.0485,28.0563,28.0665,28.0794,28.0953,28.1147,28.1383,28.1666,28.2004,28.2404,28.2876,28.3432,28.4082,28.4844,28.5735,28.6776,28.7991
290,28.0360,28.0368,28.0392,28.0432,28.0491,28.0570,28.0673,28.0802,28.0962,28.1158,28.1396,28.1680,28.2020,28.2422,28.2897,28.3455,28.4109,28.4874,28.5769,28.6815,28.8036
291,28.0366,28.0374,28.0397,28.0438,28.0497,28.0577,28.0681,28.0811,28.0972,28.1169,28.1408,28.1694,28.2036,28.2440,28.2917,28.3478,28.4135,28.4904,28.5804,28.6855,28.8082
292,28.0371,28.0379,28.0403,28.0444,28.0504,28.0584,28.0689,28.0820,28.0982,28.1181,28.1421,28.1708,28.2052,28.2458,28.2937,28.3501,28.4162,28.4935,28.5839,28.6895,28.8128
293,28.0376,28.0384,28.0409,28.0450,28.0510,28.0592,28.0696,28.0829,28.0992,28.1192,28.1433,28.1723,28.2068,28.2476,28.2958,28.3524,28.4188,28.4965,28.5874,28.6935,28.8173
294,28.0382,28.0390,28.0414,28.0456,28.0517,28.0599,28.0704,28.0837,28.1002,28.1203,28.1446,28.1737,28.2084,28.2494,28.2979,28.3548,28.4215,28.4996,28.5909,28.6975,28.8219
295,28.0387,28.0395,28.0420,28.0462,28.0523,28.0606,28.0712,28.0846,28.1012,28.1214,28.1458,28.1751,28.2100,28.2513,28.2999,28.3571,28.4242,28.5027,28.5944,28.7016,28.8265
296,28.0393,28.0401,28.0426,28.0468,28.0530,28.0613,28.0720,28.0855,28.1022,28.1226,28.1471,28.1766,28.2116,28.2531,28.3020,28.3595,28.4269,28.5058,28.5979,28.7056,28.8312
297,28.0398,28.0407,28.0432,28.0475,28.0537,28.0621,28.0729,28.0864,28.1032,28.1237,28.1484,28.1780,28.2132,28.2549,28.3041,28.3619,28.4296,28.5089,28.6015,28.7097,28.8358
298,28.0404,28.0412,28.0438,28.0481,28.0544,28.0628,28.0737,28.0873,28.1042,28.1248,28.1497,28.1795,28.2149,28.2568,28.3062,28.3643,28.4323,28.5120,28.6051,28.7137,28.8404
299,28.0410,28.0418,28.0444,28.0487,28.0550,28.0635,28.0745,28.0883,28.1053,28.1260,28.1510,28.1809,28.2165,28.2587,28.3083,28.3667,28.4351,28.5151,28.6087,28.7178,28.8451
300,28.0415,28.0424,28.0450,28.0493,28.0557,28.0643,28.0753,28.0892,28.1063,28.1271,28.1523,28.1824,28.2182,28.2605,28.3104,28.3691,28.4378,28.5183,28.6123,28.7220,28.8498
301,28.0421,28.0430,28.0456,28.0500,28.0564,28.0650,28.0761,28.0901,28.1073,28.1283,28.1536,28.1838,28.2198,28.2624,28.3126,28.3715,28.4406,28.5214,28.6159,28.7261,28.8543
302,28.0427,28.0436,28.0462,28.0506,28.0571,28.0658,28.0770,28.0910,28.1084,28.1295,28.1549,28.1853,28.2215,28.2643,28.3147,28.3740,28.4434,28.5246,28.6195,28.7302,28.8588
303,28.0433,28.0441,28.0468,28.0513,28.0578,28.0665,28.0778,28.0920,28.1094,28.1306,28.1562,28.1868,28.2232,28.2662,28.3169,28.3764,28.4462,28.5278,28.6231,28.7343,28.8632
304,28.0439,28.0447,28.0474,28.0519,28.0585,28.0673,28.0787,28.0929,28.1105,28.1318,28.1575,28.1883,28.2249,28.2681,28.3190,28.3789,28.4490,28.5310,28.6268,28.7383,28.8676
305,28.0445,28.0453,28.0480,28.0526,28.0592,28.0681,28.0795,28.0939,28.1115,28.1330,28.1589,28.1898,28.2266,28.2700,28.3212,28.3813,28.4518,28.5342,28.6304,28.7424,28.8720
306,28.0451,28.0459,28.0486,28.0532,28.0599,28.0689,28.0804,28.0948,28.1126,28.1342,28.1602,28.1913,28.2283,28.2719,28.3234,28.3838,28.4546,28.5374,28.6340,28.7464,28.8763
307,28.0457,28.0466,28.0493,28.0539,28.0606,28.0696,28.0812,28.0958,28.1136,28.1354,28.1615,28.1928,28.2300,28.2739,28.3256,28.3863,28.4575,28.5407,28.6377,28.7505,28.8807
308,28.0463,28.0472,28.0499,28.0546,28.0614,28.0704,28.0821,28.0967,28.1147,28.1366,28.1629,28.1943,28.2317,28.2758,28.3278,28.3888,28.4603,28.5439,28.6413,28.7545,28.8850
309,28.0469,28.0478,28.0506,28.0553,28.0621,28.0712,28.0830,28.0977,28.1158,28.1378,28.1643,28.1959,28.2334,28.2778,28.3300,28.3913,28.4632,28.5471,28.6450,28.7585,28.8893
310,28.0475,28.0484,28.0512,28.0559,28.0628,28.0720,28.0838,28.0987,28.1169,28.1390,28.1656,28.1974,28.2351,28.2797,28.3322,28.3939,28.4661,28.5504,28.6486,28.7625,28.8935
311,28.0481,28.0490,28.0519,28.0566,28.0635,28.0728,28.0847,28.0996,28.1180,28.1402,28.1670,28.1989,28.2369,28.2817,28.3345,28.3964,28.4689,28.5536,28.6522,28.7665,28.8978
312,28.0488,28.0497,28.0525,28.0573,28.0643,28.0736,28.0856,28.1006,28.1191,28.1414,28.1684,28.2005,28.2386,28.2837,28.3367,28.3990,28.4718,28.5569,28.6559,28.7704,28.9021
313,28.0494,28.0503,28.0532,28.0580,28.0650,28.0744,28.0865,28.1016,28.1202,28.1427,28.1697,28.2021,28.2404,28.2857,28.3390,28.4015,28.4747,28.5602,28.6595,28.7744,28.9063
314,28.0500,28.0510,28.0538,28.0587,28.0658,28.0752,28.0874,28.1026,28.1213,28.1439,28.1711,28.2036,28.2422,28.2877,28.3412,28.4041,28.4776,28.5634,28.6631,28.7784,28.9105
315,28.0507,28.0516,28.0545,28.0594,28.0665,28.0761,28.0883,28.1036,28.1224,28.1452,28.1725,28.2052,28.2439,28.2897,28.3435,28.4067,28.4805,28.5667,28.6668,28.7823,28.9148
316,28.0513,28.0523,28.0552,28.0601,28.0673,28.0769,28.0892,28.1046,28.1235,28.1464,28.1739,28.2068,28.2457,28.2917,28.3458,28.4093,28.4835,28.5700,28.6704,28.7863,28.9190
317,28.0520,28.0529,28.0559,28.0609,28.0681,28.0777,28.0901,28.1056,28.1246,28.1477,28.1753,28.2083,28.2475,28.2937,28.3481,28.4118,28.4864,28.5733,28.6740,28.7902,28.9232
318,28.0526,28.0536,28.0565,28.0616,28.0688,28.0786,28.0910,28.1066,28.1257,28.1489,28.1768,28.2099,28.2493,28.2958,28.3504,28.4144,28.4893,28.5765,28.6776,28.7941,28.9274
319,28.0533,28.0543,28.0572,28.0623,28.0696,28.0794,28.0920,28.1076,28.1269,28.1502,28.1782,28.2115,28.2511,28.2978,28.3527,28.4171,28.4923,28.5798,28.6813,28.7981,28.9316
320,28.0539,28.0549,28.0579,28.0630,28.0704,28.0802,28.0929,28.1087,28.1280,28.1515,28.1796,28.2132,28.2529,28.2998,28.3550,28.4197,28.4952,28.5831,28.6849,28.8020,28.9358
321,28.0546,28.0556,28.0586,28.0638,28.0712,28.0811,28.0938,28.1097,28.1292,28.1527,28.1810,28.2148,28.2547,28.3019,28.3573,28.4223,28.4982,28.5864,28.6885,28.8059,28.9399
322,28.0553,28.0563,28.0593,28.0645,28.0720,28.0820,28.0948,28.1107,28.1303,28.1540,28.1825,28.2164,28.2566,28.3040,28.3597,28.4249,28.5011,28.5897,28.6921,28.8098,28.9441
323,28.0560,28.0570,28.0600,28.0653,28.0728,28.0828,28.0957,28.1118,28.1315,28.1553,28.1839,28.2180,28.2584,28.3061,28.3620,28.4276,28.5041,28.5930,28.6957,28.8138,28.9483
324,28.0567,28.0577,28.0608,28.0660,28.0736,28.0837,28.0966,28.1128,28.1326,28.1566,28.1854,28.2197,28.2603,28.3081,28.3644,28.4302,28.5070,28.5963,28.6993,28.8177,28.9525
325,28.0573,28.0584,28.0615,28.0668,28.0744,28.0846,28.0976,28.1139,28.1338,28.1579,28.1869,28.2213,28.2621,28.3102,28.3667,28.4329,28.5100,28.5996,28.7030,28.8216,28.9566
326,28.0580,28.0591,28.0622,28.0675,28.0752,28.0854,28.0986,28.1149,28.1350,28.1592,28.1883,28.2230,28.2640,28.3123,28.3691,28.4356,28.5130,28.6029,28.7066,28.8255,28.9608
327,28.0587,28.0598,28.0629,28.0683,28.0760,28.0863,28.0995,28.1160,28.1362,28.1606,28.1898,28.2246,28.2658,28.3144,28.3715,28.4382,28.5160,28.6062,28.7102,28.8294,28.9650
328,28.0594,28.0605,28.0637,28.0691,28.0768,28.0872,28.1005,28.1171,28.1373,28.1619,28.1913,28.2263,28.2677,28.3166,28.3739,28.4409,28.5190,28.6095,28.7138,28.8333,28.9691
329,28.0602,28.0612,28.0644,28.0698,28.0776,28.0881,28.1015,28.1181,28.1385,28.1632,28.1928,28.2280,28.2696,28.3187,28.3763,28.4436,28.5220,28.6128,28.7174,28.8372,28.9733
330,28.0609,28.0619,28.0651,28.0706,28.0785,28.0890,28.1024,28.1192,28.1397,28.1645,28.1943,28.2297,28.2715,28.3208,28.3787,28.4463,28.5250,28.6161,28.7210,28.8411,28.9774
331,28.0616,28.0627,28.0659,28.0714,28.0793,28.0899,28.1034,28.1203,28.1409,28.1659,28.1958,28.2313,28.2734,28.3230,28.3811,28.4490,28.5279,28.6194,28.7246,28.8449,28.9816
332,28.0623,28.0634,28.0666,28.0722,28.0802,28.0908,28.1044,28.1214,28.1422,28.1672,28.1973,28.2330,28.2753,28.3251,28.3835,28.4517,28.5310,28.6227,28.7282,28.8488,28.9857
333,28.0630,28.0641,28.0674,28.0730,28.0810,28.0917,28.1054,28.1225,28.1434,28.1686,28.1988,28.2347,28.2772,28.3273,28.3859,28.4544,28.5340,28.6260,28.7318,28.8527,28.9899
334,28.0638,28.0649,28.0682,28.0738,28.0819,28.0926,28.1064,28.1236,28.1446,28.1700,28.2003,28.2365,28.2792,28.3294,28.3883,28.4571,28.5370,28.6293,28.7354,28.8566,28.9940
335,28.0645,28.0656,28.0689,28.0746,28.0827,28.0936,28.1074,28.1247,28.1458,28.1713,28.2019,28.2382,28.2811,28.3316,28.3908,28.4598,28.5400,28.6326,28.7390,28.8605,28.9981
336,28.0653,28.0664,28.0697,28.0754,28.0836,28.0945,28.1085,28.1258,28.1471,28.1727,28.2034,28.2399,28.2830,28.3338,28.3932,28.4625,28.5430,28.6359,28.7426,28.8644,29.0023
337,28.0660,28.0671,28.0705,28.0762,28.0844,28.0954,28.1095,28.1269,28.1483,28.1741,28.2050,28.2416,28.2850,28.3360,28.3957,28.4653,28.5460,28.6393,28.7463,28.8683,29.0064
338,28.0668,28.0679,28.0713,28.0770,28.0853,28.0964,28.1105,28.1281,28.1496,28.1755,28.2065,28.2434,28.2869,28.3382,28.3981,28.4680,28.5490,28.6426,28.7499,28.8721,29.0105
339,28.0675,28.0686,28.0721,28.0779,28.0862,28.0973,28.1115,28.1292,28.1508,28.1769,28.2081,28.2451,28.2889,28.3404,28.4006,28.4707,28.5521,28.6459,28.7535,28.8760,29.0147
340,28.0683,28.0694,28.0729,28.0787,28.0871,28.0983,28.1126,28.1303,28.1521,28.1783,28.2097,28.2469,28.2909,28.3426,28.4030,28.4735,28.5551,28.6492,28.7571,28.8799,29.0188
341,28.0691,28.0702,28.0736,28.0795,28.0880,28.0992,28.1136,28.1315,28.1533,28.1797,28.2112,28.2487,28.2929,28.3448,28.4055,28.4762,28.5581,28.6525,28.7607,28.8838,29.0229
342,28.0698,28.0710,28.0745,28.0804,28.0889,28.1002,28.1147,28.1326,28.1546,28.1811,28.2128,28.2504,28.2948,28.3470,28.4080,28.4790,28.5612,28.6559,28.7643,28.8877,29.0271
343,28.0706,28.0718,28.0753,28.0812,28.0898,28.1012,28.1157,28.1338,28.1559,28.1825,28.2144,28.2522,28.2968,28.3492,28.4105,28.4817,28.5642,28.6592,28.7679,28.8915,29.0312
344,28.0714,28.0726,28.0761,28.0821,28.0907,28.1021,28.1168,28.1350,28.1572,28.1840,28.2160,28.2540,28.2988,28.3515,28.4130,28.4845,28.5673,28.6625,28.7715,28.8954,29.0353
345,28.0722,28.0733,28.0769,28.0829,28.0916,28.1031,28.1178,28.1361,28.1585,28.1854,28.2176,28.2558,28.3008,28.3537,28.4155,28.4873,28.5703,28.6659,28.7751,28.8993,29.0395
346,28.0730,28.0741,28.0777,28.0838,28.0925,28.1041,28.1189,28.1373,28.1598,28.1869,28.2192,28.2576,28.3029,28.3560,28.4180,28.4900,28.5734,28.6692,28.7787,28.9032,29.0436
347,28.0738,28.0750,28.0785,28.0846,28.0934,28.1051,28.1200,28.1385,28.1611,28.1883,28.2208,28.2594,28.3049,28.3582,28.4205,28.4928,28.5764,28.6725,28.7824,28.9070,29.0477
348,28.0746,28.0758,28.0794,28.0855,28.0943,28.1061,28.1211,28.1397,28.1624,28.1898,28.2225,28.2612,28.3069,28.3605,28.4230,28.4956,28.5795,28.6759,28.7860,28.9109,29.0519
349,28.0754,28.0766,28.0802,28.0864,28.0953,28.1071,28.1222,28.1409,28.1637,28.1912,28.2241,28.2630,28.3089,28.3627,28.4255,28.4984,28.5826,28.6792,28.7896,28.9148,29.0560
350,28.0762,28.0774,28.0811,28.0873,28.0962,28.1081,28.1232,28.1421,28.1650,28.1927,28.2257,28.2649,28.3110,28.3650,28.4280,28.5012,28.5856,28.6826,28.7932,28.9187,29.0601
351,28.0770,28.0782,28.0819,28.0882,28.0971,28.1091,28.1243,28.1433,28.1664,28.1942,28.2274,28.2667,28.3130,28.3673,28.4306,28.5040,28.5887,28.6859,28.7968,28.9226,29.0642
352,28.0778,28.0791,28.0828,28.0891,28.0981,28.1101,28.1255,28.1445,28.1677,28.1957,28.2290,28.2685,28.3151,28.3696,28.4331,28.5068,28.5918,28.6892,28.8004,28.9264,29.0684
353,28.0787,28.0799,28.0836,28.0899,28.0990,28.1111,28.1266,28.1457,28.1690,28.1972,28.2307,28.2704,28.3171,28.3719,28.4357,28.5096,28.5948,28.6926,28.8040,28.9303,29.0725
354,28.0795,28.0807,28.0845,28.0909,28.1000,28.1122,28.1277,28.1469,28.1704,28.1986,28.2323,28.2722,28.3192,28.3742,28.4382,28.5124,28.5979,28.6959,28.8077,28.9342,29.0766
355,28.0803,28.0816,28.0854,28.0918,28.1010,28.1132,28.1288,28.1482,28.1718,28.2002,28.2340,28.2741,28.3213,28.3765,28.4408,28.5152,28.6010,28.6993,28.8113,28.9381,29.0808
356,28.0812,28.0824,28.0862,28.0927,28.1019,28.1142,28.1299,28.1494,28.1731,28.2017,28.2357,28.2760,28.3234,28.3788,28.4433,28.5180,28.6041,28.7027,28.8149,28.9420,29.0849
357,28.0820,28.0833,28.0871,28.0936,28.1029,28.1153,28.1311,28.1506,28.1745,28.2032,28.2374,28.2779,28.3254,28.3811,28.4459,28.5209,28.6072,28.7060,28.8185,28.9458,29.0890
358,28.0829,28.0842,28.0880,28.0945,28.1039,28.1163,28.1322,28.1519,28.1759,28.2047,28.2391,28.2797,28.3275,28.3834,28.4484,28.5237,28.6103,28.7094,28.8221,28.9497,29.0931
359,28.0838,28.0850,28.0889,28.0954,28.1049,28.1174,28.1334,28.1531,28.1772,28.2062,28.2408,28.2816,28.3296,28.3858,28.4510,28.5265,28.6134,28.7127,28.8258,28.9536,29.0973
360,28.0846,28.0859,28.0898,28.0964,28.1059,28.1185,28.1345,28.1544,28.1786,28.2078,28.2425,28.2835,28.3317,28.3881,28.4536,28.5293,28.6165,28.7161,28.8294,28.9575,29.1014
361,28.0855,28.0868,28.0907,28.0973,28.1069,28.1195,28.1357,28.1557,28.1800,28.2093,28.2442,28.2854,28.3339,28.3904,28.4562,28.5322,28.6196,28.7195,28.8330,28.9614,29.1056
362,28.0864,28.0877,28.0916,28.0983,28.1079,28.1206,28.1368,28.1569,28.1814,28.2109,28.2459,28.2873,28.3360,28.3928,28.4588,28.5350,28.6227,28.7228,28.8367,28.9653,29.1098
363,28.0872,28.0886,28.0925,28.0992,28.1089,28.1217,28.1380,28.1582,28.1828,28.2124,28.2476,28.2892,28.3381,28.3951,28.4614,28.5379,28.6258,28.7262,28.8403,28.9692,29.1139
364,28.0881,28.0894,28.0934,28.1002,28.1099,28.1228,28.1392,28.1595,28.1842,28.2140,28.2494,28.2912,28.3402,28.3975,28.4640,28.5407,28.6289,28.7296,28.8439,28.9731,29.1182
365,28.0890,28.0903,28.0944,28.1011,28.1109,28.1239,28.1404,28.1608,28.1857,28.2155,28.2511,28.2931,28.3424,28.3998,28.4666,28.5436,28.6320,28.7330,28.8476,28.9770,29.1224
366,28.0899,28.0913,28.0953,28.1021,28.1119,28.1250,28.1415,28.1621,28.1871,28.2171,28.2528,28.2950,28.3445,28.4022,28.4692,28.5464,28.6351,28.7363,28.8512,28.9809,29.1266
367,28.0908,28.0922,28.0962,28.1031,28.1129,28.1261,28.1427,28.1634,28.1885,28.2187,28.2546,28.2970,28.3466,28.4046,28.4718,28.5493,28.6382,28.7397,28.8549,28.9848,29.1308
368,28.0917,28.0931,28.0972,28.1041,28.1140,28.1272,28.1439,28.1647,28.1900,28.2203,28.2564,28.2989,28.3488,28.4070,28.4744,28.5522,28.6414,28.7431,28.8585,28.9888,29.1351
369,28.0926,28.0940,28.0981,28.1050,28.1150,28.1283,28.1451,28.1660,28.1914,28.2219,28.2581,28.3009,28.3510,28.4093,28.4770,28.5550,28.6445,28.7465,28.8622,28.9927,29.1393
370,28.0936,28.0949,28.0990,28.1060,28.1161,28.1294,28.1464,28.1673,28.1929,28.2235,28.2599,28.3028,28.3531,28.4117,28.4796,28.5579,28.6476,28.7499,28.8658,28.9967,29.1435
371,28.0945,28.0959,28.1000,28.1070,28.1171,28.1305,28.1476,28.1687,28.1943,28.2251,28.2617,28.3048,28.3553,28.4141,28.4823,28.5608,28.6508,28.7533,28.8695,29.0006,29.1478
372,28.0954,28.0968,28.1010,28.1080,28.1182,28.1317,28.1488,28.1700,28.1958,28.2267,28.2634,28.3067,28.3575,28.4165,28.4849,28.5637,28.6539,28.7567,28.8732,29.0046,29.1521
373,28.0964,28.0977,28.1019,28.1090,28.1192,28.1328,28.1500,28.1713,28.1973,28.2283,28.2652,28.3087,28.3597,28.4189,28.4876,28.5666,28.6570,28.7601,28.8769,29.0085,29.1563
374,28.0973,28.0987,28.1029,28.1101,28.1203,28.1339,28.1513,28.1727,28.1987,28.2300,28.2670,28.3107,28.3618,28.4213,28.4902,28.5695,28.6602,28.7635,28.8805,29.0125,29.1606
375,28.0982,28.0996,28.1039,28.1111,28.1214,28.1351,28.1525,28.1740,28.2002,28.2316,28.2688,28.3127,28.3640,28.4238,28.4929,28.5723,28.6633,28.7669,28.8842,29.0165,29.1649
376,28.0992,28.1006,28.1049,28.1121,28.1225,28.1362,28.1538,28.1754,28.2017,28.2332,28.2706,28.3147,28.3662,28.4262,28.4955,28.5753,28.6665,28.7703,28.8879,29.0204,29.1692
377,28.1001,28.1016,28.1059,28.1131,28.1236,28.1374,28.1550,28.1768,28.2032,28.2349,28.2724,28.3167,28.3684,28.4286,28.4982,28.5782,28.6696,28.7738,28.8916,29.0244,29.1735
378,28.1011,28.1025,28.1068,28.1142,28.1246,28.1386,28.1563,28.1781,28.2047,28.2365,28.2743,28.3187,28.3707,28.4310,28.5008,28.5811,28.6728,28.7772,28.8953,29.0284,29.1777
379,28.1021,28.1035,28.1078,28.1152,28.1257,28.1397,28.1575,28.1795,28.2062,28.2382,28.2761,28.3207,28.3729,28.4335,28.5035,28.5840,28.6760,28.7806,28.8990,29.0324,29.1820
380,28.1030,28.1045,28.1089,28.1162,28.1269,28.1409,28.1588,28.1809,28.2077,28.2398,28.2779,28.3227,28.3751,28.4359,28.5062,28.5869,28.6792,28.7840,28.9027,29.0364,29.1864
381,28.1040,28.1055,28.1099,28.1173,28.1280,28.1421,28.1601,28.1823,28.2092,28.2415,28.2798,28.3248,28.3773,28.4384,28.5089,28.5898,28.6823,28.7875,28.9065,29.0404,29.1907
382,28.1050,28.1065,28.1109,28.1184,28.1291,28.1433,28.1614,28.1837,28.2108,28.2432,28.2816,28.3268,28.3796,28.4408,28.5115,28.5927,28.6855,28.7909,28.9102,29.0444,29.1950
383,28.1060,28.1075,28.1119,28.1194,28.1302,28.1445,28.1627,28.1851,28.2123,28.2449,28.2835,28.3288,28.3818,28.4433,28.5142,28.5957,28.6887,28.7944,28.9139,29.0485,29.1993
384,28.1070,28.1085,28.1129,28.1205,28.1313,28.1457,28.1640,28.1865,28.2138,28.2465,28.2853,28.3309,28.3840,28.4457,28.5169,28.5986,28.6919,28.7978,28.9176,29.0525,29.2036
385,28.1080,28.1095,28.1140,28.1216,28.1325,28.1469,28.1653,28.1879,28.2154,28.2482,28.2872,28.3329,28.3863,28.4482,28.5196,28.6016,28.6951,28.8013,28.9214,29.0565,29.2079
386,28.1090,28.1105,28.1150,28.1226,28.1336,28.1481,28.1666,28.1893,28.2169,28.2499,28.2890,28.3350,28.3885,28.4507,28.5223,28.6045,28.6983,28.8048,28.9251,29.0605,29.2123
387,28.1100,28.1115,28.1160,28.1237,28.1347,28.1493,28.1679,28.1908,28.2185,28.2516,28.2909,28.3370,28.3908,28.4532,28.5250,28.6075,28.7015,28.8082,28.9289,29.0646,29.2166
388,28.1110,28.1125,28.1171,28.1248,28.1359,28.1506,28.1692,28.1922,28.2200,28.2534,28.2928,28.3391,28.3931,28.4556,28.5277,28.6104,28.7047,28.8117,28.9326,29.0686,29.2210
389,28.1120,28.1136,28.1181,28.1259,28.1370,28.1518,28.1705,28.1936,28.2216,28.2551,28.2947,28.3412,28.3953,28.4581,28.5305,28.6134,28.7079,28.8152,28.9364,29.0727,29.2253
390,28.1131,28.1146,28.1192,28.1270,28.1382,28.1530,28.1719,28.1951,28.2232,28.2568,28.2966,28.3432,28.3976,28.4606,28.5332,28.6163,28.7111,28.8187,28.9401,29.0767,29.2297
391,28.1141,28.1156,28.1203,28.1281,28.1394,28.1543,28.1732,28.1965,28.2248,28.2585,28.2985,28.3453,28.3999,28.4631,28.5359,28.6193,28.7144,28.8222,28.9439,29.0808,29.2340
392,28.1151,28.1167,28.1213,28.1292,28.1405,28.1555,28.1745,28.1980,28.2264,28.2603,28.3004,28.3474,28.4022,28.4656,28.5386,28.6223,28.7176,28.8257,28.9477,29.0848,29.2384
393,28.1162,28.1177,28.1224,28.1304,28.1417,28.1568,28.1759,28.1994,28.2280,28.2620,28.3023,28.3495,28.4045,28.4681,28.5414,28.6253,28.7208,28.8292,28.9514,29.0889,29.2427
394,28.1172,28.1188,28.1235,28.1315,28.1429,28.1580,28.1772,28.2009,28.2296,28.2638,28.3042,28.3516,28.4068,28.4706,28.5441,28.6282,28.7240,28.8327,28.9552,29.0930,29.2471
395,28.1183,28.1199,28.1246,28.1326,28.1441,28.1593,28.1786,28.2024,28.2312,28.2655,28.3061,28.3537,28.4091,28.4732,28.5469,28.6312,28.7273,28.8362,28.9590,29.0970,29.2515
396,28.1194,28.1209,28.1257,28.1337,28.1453,28.1606,28.1800,28.2039,28.2328,28.2673,28.3080,28.3558,28.4114,28.4757,28.5496,28.6342,28.7305,28.8397,28.9628,29.1011,29.2559
397,28.1204,28.1220,28.1268,28.1349,28.1465,28.1619,28.1813,28.2053,28.2344,28.2690,28.3100,28.3579,28.4137,28.4782,28.5524,28.6372,28.7338,28.8432,28.9666,29.1052,29.2603
398,28.1215,28.1231,28.1279,28.1360,28.1477,28.1631,28.1827,28.2068,28.2360,28.2708,28.3119,28.3600,28.4160,28.4808,28.5551,28.6402,28.7370,28.8467,28.9704,29.1093,29.2646
399,28.1226,28.1242,28.1290,28.1372,28.1489,28.1644,28.1841,28.2083,28.2376,28.2726,28.3139,28.3622,28.4184,28.4833,28.5579,28.6432,28.7403,28.8502,28.9742,29.1134,29.2690
400,28.1237,28.1253,28.1301,28.1384,28.1501,28.1657,28.1855,28.2098,28.2393,28.2744,28.3158,28.3643,28.4207,28.4858,28.5607,28.6462,28.7436,28.8538,28.9780,29.1175,29.2734
401,28.1247,28.1264,28.1313,28.1395,28.1514,28.1670,28.1869,28.2114,28.2409,28.2762,28.3178,28.3664,28.4230,28.4884,28.5635,28.6493,28.7468,28.8573,28.9818,29.1216,29.2778
402,28.1258,28.1275,28.1324,28.1407,28.1526,28.1683,28.1883,28.2129,28.2426,28.2780,28.3197,28.3686,28.4254,28.4909,28.5662,28.6523,28.7501,28.8608,28.9856,29.1257,29.2822
403,28.1269,28.1286,28.1335,28.1419,28.1538,28.1697,28.1897,28.2144,28.2442,28.2798,28.3217,28.3707,28.4277,28.4935,28.5690,28.6553,28.7534,28.8644,28.9894,29.1298,29.2866
404,28.1281,28.1297,28.1347,28.1431,28.1551,28.1710,28.1911,28.2159,28.2459,28.2816,28.3237,28.3729,28.4301,28.4961,28.5718,28.6583,28.7567,28.8679,28.9933,29.1339,29.2910
405,28.1292,28.1308,28.1358,28.1442,28.1563,28.1723,28.1925,28.2175,28.2475,28.2834,28.3256,28.3751,28.4324,28.4986,28.5746,28.6614,28.7600,28.8715,28.9971,29.1380,29.2955
406,28.1303,28.1319,28.1370,28.1454,28.1576,28.1736,28.1940,28.2190,28.2492,28.2852,28.3276,28.3772,28.4348,28.5012,28.5774,28.6644,28.7633,28.8751,29.0009,29.1421,29.2999
407,28.1314,28.1331,28.1381,28.1466,28.1588,28.1750,28.1954,28.2205,28.2509,28.2870,28.3296,28.3794,28.4372,28.5038,28.5802,28.6675,28.7666,28.8786,29.0048,29.1463,29.3043
408,28.1325,28.1342,28.1393,28.1478,28.1601,28.1763,28.1968,28.2221,28.2526,28.2889,28.3316,28.3816,28.4395,28.5064,28.5831,28.6705,28.7699,28.8822,29.0086,29.1504,29.3087
409,28.1337,28.1354,28.1404,28.1491,28.1614,28.1777,28.1983,28.2236,28.2543,28.2907,28.3336,28.3838,28.4419,28.5090,28.5859,28.6736,28.7732,28.8858,29.0125,29.1545,29.3132
410,28.1348,28.1365,28.1416,28.1503,28.1627,28.1790,28.1997,28.2252,28.2559,28.2925,28.3356,28.3859,28.4443,28.5116,28.5887,28.6766,28.7765,28.8893,29.0163,29.1587,29.3176
411,28.1360,28.1377,28.1428,28.1515,28.1639,28.1804,28.2012,28.2268,28.2576,28.2944,28.3376,28.3881,28.4467,28.5142,28.5915,28.6797,28.7798,28.8929,29.0202,29.1628,29.3221
412,28.1371,28.1388,28.1440,28.1527,28.1652,28.1818,28.2027,28.2284,28.2594,28.2962,28.3397,28.3903,28.4491,28.5168,28.5944,28.6828,28.7831,28.8965,29.0240,29.1670,29.3265
413,28.1383,28.1400,28.1452,28.1540,28.1665,28.1831,28.2041,28.2299,28.2611,28.2981,28.3417,28.3925,28.4515,28.5194,28.5972,28.6859,28.7865,28.9001,29.0279,29.1711,29.3309
414,28.1394,28.1412,28.1464,28.1552,28.1678,28.1845,28.2056,28.2315,28.2628,28.3000,28.3437,28.3948,28.4539,28.5220,28.6000,28.6889,28.7898,28.9037,29.0318,29.1753,29.3354
415,28.1406,28.1423,28.1476,28.1565,28.1691,28.1859,28.2071,28.2331,28.2645,28.3018,28.3457,28.3970,28.4563,28.5246,28.6029,28.6920,28.7931,28.9073,29.0357,29.1794,29.3399
416,28.1418,28.1435,28.1488,28.1577,28.1704,28.1873,28.2086,28.2347,28.2662,28.3037,28.3478,28.3992,28.4587,28.5273,28.6057,28.6951,28.7965,28.9109,29.0395,29.1836,29.3443
417,28.1430,28.1447,28.1500,28.1590,28.1718,28.1887,28.2101,28.2363,28.2680,28.3056,28.3498,28.4014,28.4612,28.5299,28.6086,28.6982,28.7998,28.9145,29.0434,29.1878,29.3488
418,28.1441,28.1459,28.1512,28.1602,28.1731,28.1901,28.2116,28.2379,28.2697,28.3075,28.3519,28.4036,28.4636,28.5325,28.6115,28.7013,28.8032,28.9181,29.0473,29.1919,29.3533
419,28.1453,28.1471,28.1525,28.1615,28.1744,28.1915,28.2131,28.2395,28.2715,28.3094,28.3539,28.4059,28.4660,28.5352,28.6143,28.7044,28.8065,28.9217,29.0512,29.1961,29.3577
420,28.1465,28.1483,28.1537,28.1628,28.1758,28.1929,28.2146,28.2412,28.2732,28.3113,28.3560,28.4081,28.4685,28.5378,28.6172,28.7075,28.8099,28.9254,29.0551,29.2003,29.3622
421,28.1477,28.1495,28.1549,28.1641,28.1771,28.1943,28.2161,28.2428,28.2750,28.3132,28.3581,28.4104,28.4709,28.5405,28.6201,28.7107,28.8133,28.9290,29.0590,29.2045,29.3666
422,28.1490,28.1508,28.1562,28.1653,28.1784,28.1958,28.2176,28.2444,28.2767,28.3151,28.3601,28.4126,28.4733,28.5431,28.6230,28.7138,28.8166,28.9326,29.0629,29.2086,29.3709
423,28.1502,28.1520,28.1574,28.1666,28.1798,28.1972,28.2191,28.2461,28.2785,28.3170,28.3622,28.4149,28.4758,28.5458,28.6258,28.7169,28.8200,28.9363,29.0668,29.2128,29.3752
424,28.1514,28.1532,28.1587,28.1679,28.1812,28.1986,28.2207,28.2477,28.2803,28.3189,28.3643,28.4172,28.4783,28.5485,28.6287,28.7200,28.8234,28.9399,29.0707,29.2169,29.3795
425,28.1526,28.1544,28.1599,28.1692,28.1825,28.2001,28.2222,28.2494,28.2821,28.3209,28.3664,28.4194,28.4807,28.5512,28.6316,28.7232,28.8268,28.9435,29.0746,29.2210,29.3837
426,28.1539,28.1557,28.1612,28.1706,28.1839,28.2015,28.2238,28.2510,28.2839,28.3228,28.3685,28.4217,28.4832,28.5538,28.6345,28.7263,28.8302,28.9472,29.0785,29.2252,29.3879
427,28.1551,28.1569,28.1625,28.1719,28.1853,28.2030,28.2253,28.2527,28.2856,28.3247,28.3706,28.4240,28.4857,28.5565,28.6375,28.7295,28.8336,28.9508,29.0824,29.2292,29.3921
428,28.1563,28.1582,28.1638,28.1732,28.1867,28.2044,28.2269,28.2544,28.2874,28.3267,28.3727,28.4263,28.4882,28.5592,28.6404,28.7326,28.8369,28.9545,29.0863,29.2333,29.3963
429,28.1576,28.1594,28.1651,28.1745,28.1880,28.2059,28.2284,28.2560,28.2892,28.3286,28.3748,28.4286,28.4906,28.5619,28.6433,28.7358,28.8403,28.9581,29.0902,29.2374,29.4005
430,28.1588,28.1607,28.1663,28.1759,28.1894,28.2074,28.2300,28.2577,28.2911,28.3306,28.3769,28.4309,28.4931,28.5646,28.6462,28.7389,28.8437,28.9618,29.0940,29.2414,29.4046
431,28.1601,28.1620,28.1676,28.1772,28.1908,28.2089,28.2316,28.2594,28.2929,28.3325,28.3791,28.4332,28.4956,28.5673,28.6491,28.7421,28.8472,28.9654,29.0979,29.2455,29.4088
432,28.1614,28.1633,28.1689,28.1785,28.1923,28.2103,28.2331,28.2611,28.2947,28.3345,28.3812,28.4355,28.4981,28.5700,28.6521,28.7452,28.8506,28.9691,29.1018,29.2495,29.4129
433,28.1627,28.1645,28.1703,28.1799,28.1937,28.2118,28.2347,28.2628,28.2965,28.3365,28.3833,28.4378,28.5006,28.5727,28.6550,28.7484,28.8540,28.9727,29.1056,29.2535,29.4170
434,28.1639,28.1658,28.1716,28.1813,28.1951,28.2133,28.2363,28.2645,28.2984,28.3385,28.3855,28.4401,28.5032,28.5755,28.6579,28.7516,28.8574,28.9763,29.1095,29.2575,29.4211
435,28.1652,28.1671,28.1729,28.1826,28.1965,28.2148,28.2379,28.2662,28.3002,28.3405,28.3876,28.4424,28.5057,28.5782,28.6609,28.7548,28.8608,28.9800,29.1133,29.2615,29.4252
436,28.1665,28.1684,28.1742,28.1840,28.1979,28.2163,28.2395,28.2679,28.3020,28.3424,28.3898,28.4448,28.5082,28.5809,28.6638,28.7579,28.8642,28.9836,29.1171,29.2655,29.4293
437,28.1678,28.1697,28.1755,28.1854,28.1994,28.2178,28.2411,28.2696,28.3039,28.3444,28.3919,28.4471,28.5107,28.5837,28.6668,28.7611,28.8676,28.9873,29.1210,29.2695,29.4334
438,28.1691,28.1710,28.1769,28.1867,28.2008,28.2194,28.2427,28.2714,28.3057,28.3464,28.3941,28.4495,28.5133,28.5864,28.6698,28.7643,28.8710,28.9909,29.1248,29.2735,29.4375
439,28.1704,28.1724,28.1782,28.1881,28.2023,28.2209,28.2444,28.2731,28.3076,28.3485,28.3963,28.4518,28.5158,28.5891,28.6727,28.7675,28.8744,28.9945,29.1286,29.2775,29.4415
440,28.1717,28.1737,28.1796,28.1895,28.2037,28.2224,28.2460,28.2748,28.3095,28.3505,28.3985,28.4542,28.5183,28.5919,28.6757,28.7707,28.8779,28.9981,29.1324,29.2814,29.4456
441,28.1731,28.1750,28.1809,28.1909,28.2052,28.2240,28.2476,28.2766,28.3114,28.3525,28.4006,28.4565,28.5209,28.5946,28.6787,28.7739,28.8813,29.0018,29.1362,29.2854,29.4496
442,28.1744,28.1764,28.1823,28.1923,28.2066,28.2255,28.2493,28.2783,28.3132,28.3545,28.4028,28.4589,28.5235,28.5974,28.6816,28.7771,28.8847,29.0054,29.1400,29.2893,29.4537
443,28.1757,28.1777,28.1837,28.1937,28.2081,28.2271,28.2509,28.2801,28.3151,28.3565,28.4050,28.4612,28.5260,28.6002,28.6846,28.7803,28.8881,29.0090,29.1438,29.2933,29.4577
444,28.1771,28.1790,28.1850,28.1952,28.2096,28.2286,28.2526,28.2819,28.3170,28.3586,28.4072,28.4636,28.5286,28.6029,28.6876,28.7835,28.8915,29.0126,29.1476,29.2972,29.4617
445,28.1784,28.1804,28.1864,28.1966,28.2111,28.2302,28.2542,28.2836,28.3189,28.3606,28.4094,28.4660,28.5311,28.6057,28.6906,28.7867,28.8949,29.0162,29.1514,29.3011,29.4657
446,28.1798,28.1818,28.1878,28.1980,28.2126,28.2317,28.2559,28.2854,28.3208,28.3627,28.4116,28.4684,28.5337,28.6085,28.6936,28.7899,28.8984,29.0199,29.1552,29.3050,29.4698
447,28.1811,28.1831,28.1892,28.1994,28.2141,28.2333,28.2575,28.2872,28.3227,28.3647,28.4138,28.4708,28.5363,28.6113,28.6966,28.7931,28.9018,29.0235,29.1590,29.3089,29.4738
448,28.1825,28.1845,28.1906,28.2009,28.2156,28.2349,28.2592,28.2890,28.3246,28.3668,28.4160,28.4732,28.5389,28.6141,28.6996,28.7963,28.9052,29.0271,29.1628,29.3128,29.4778
449,28.1838,28.1859,28.1920,28.2023,28.2171,28.2365,28.2609,28.2908,28.3265,28.3688,28.4183,28.4756,28.5415,28.6168,28.7026,28.7995,28.9086,29.0307,29.1665,29.3167,29.4817
450,28.1852,28.1873,28.1934,28.2038,28.2186,28.2381,28.2626,28.2925,28.3285,28.3709,28.4205,28.4780,28.5441,28.6196,28.7056,28.8027,28.9120,29.0343,29.1703,29.3206,29.4857
451,28.1866,28.1886,28.1948,28.2052,28.2201,28.2397,28.2643,28.2944,28.3304,28.3730,28.4227,28.4804,28.5467,28.6224,28.7086,28.8059,28.9154,29.0379,29.1741,29.3245,29.4897
452,28.1880,28.1900,28.1962,28.2067,28.2216,28.2413,28.2660,28.2962,28.3323,28.3751,28.4250,28.4828,28.5493,28.6252,28.7116,28.8091,28.9188,29.0415,29.1778,29.3284,29.4937
453,28.1894,28.1914,28.1977,28.2082,28.2231,28.2429,28.2677,28.2980,28.3343,28.3771,28.4272,28.4852,28.5519,28.6280,28.7146,28.8124,28.9222,29.0451,29.1816,29.3323,29.4977
454,28.1908,28.1928,28.1991,28.2096,28.2247,28.2445,28.2694,28.2998,28.3362,28.3792,28.4295,28.4876,28.5545,28.6309,28.7176,28.8156,28.9257,29.0487,29.1853,29.3362,29.5016
455,28.1922,28.1943,28.2005,28.2111,28.2262,28.2461,28.2711,28.3016,28.3382,28.3813,28.4317,28.4901,28.5571,28.6337,28.7206,28.8188,28.9291,29.0523,29.1891,29.3400,29.5056
456,28.1936,28.1957,28.2020,28.2126,28.2278,28.2477,28.2728,28.3034,28.3401,28.3834,28.4340,28.4925,28.5597,28.6365,28.7236,28.8220,28.9325,29.0558,29.1928,29.3439,29.5095
457,28.1950,28.1971,28.2034,28.2141,28.2293,28.2493,28.2745,28.3053,28.3421,28.3855,28.4363,28.4949,28.5623,28.6393,28.7266,28.8252,28.9359,29.0594,29.1965,29.3478,29.5135
458,28.1964,28.1985,28.2049,28.2156,28.2309,28.2510,28.2763,28.3071,28.3441,28.3877,28.4385,28.4974,28.5650,28.6421,28.7297,28.8284,28.9393,29.0630,29.2003,29.3516,29.5174
459,28.1978,28.2000,28.2063,28.2171,28.2324,28.2526,28.2780,28.3090,28.3460,28.3898,28.4408,28.4998,28.5676,28.6449,28.7327,28.8317,28.9427,29.0666,29.2040,29.3555,29.5214
460,28.1993,28.2014,28.2078,28.2186,28.2340,28.2543,28.2797,28.3108,28.3480,28.3919,28.4431,28.5023,28.5702,28.6478,28.7357,28.8349,28.9461,29.0702,29.2077,29.3593,29.5253
461,28.2007,28.2028,28.2093,28.2201,28.2356,28.2559,28.2815,28.3127,28.3500,28.3940,28.4454,28.5047,28.5729,28.6506,28.7387,28.8381,28.9495,29.0738,29.2115,29.3632,29.5292
462,28.2022,28.2043,28.2108,28.2217,28.2372,28.2576,28.2832,28.3145,28.3520,28.3962,28.4477,28.5072,28.5755,28.6534,28.7418,28.8413,28.9529,29.0773,29.2152,29.3670,29.5332
463,28.2036,28.2058,28.2122,28.2232,28.2388,28.2593,28.2850,28.3164,28.3540,28.3983,28.4500,28.5097,28.5782,28.6563,28.7448,28.8445,28.9563,29.0809,29.2189,29.3708,29.5371
464,28.2051,28.2072,28.2137,28.2247,28.2404,28.2609,28.2868,28.3183,28.3560,28.4004,28.4523,28.5121,28.5808,28.6591,28.7478,28.8478,28.9597,29.0845,29.2226,29.3747,29.5410
465,28.2065,28.2087,28.2152,28.2263,28.2420,28.2626,28.2885,28.3202,28.3580,28.4026,28.4546,28.5146,28.5835,28.6620,28.7509,28.8510,28.9631,29.0880,29.2263,29.3785,29.5449
466,28.2080,28.2102,28.2167,28.2278,28.2436,28.2643,28.2903,28.3221,28.3600,28.4047,28.4569,28.5171,28.5861,28.6648,28.7539,28.8542,28.9665,29.0916,29.2300,29.3823,29.5488
467,28.2095,28.2116,28.2182,28.2293,28.2452,28.2660,28.2921,28.3239,28.3620,28.4069,28.4592,28.5196,28.5888,28.6677,28.7569,28.8574,28.9699,29.0952,29.2337,29.3861,29.5527
468,28.2109,28.2131,28.2197,28.2309,28.2468,28.2677,28.2939,28.3258,28.3641,28.4091,28.4615,28.5221,28.5915,28.6705,28.7600,28.8607,28.9733,29.0987,29.2374,29.3899,29.5567
469,28.2124,28.2146,28.2213,28.2325,28.2484,28.2694,28.2957,28.3277,28.3661,28.4112,28.4638,28.5246,28.5942,28.6734,28.7630,28.8639,28.9767,29.1023,29.2411,29.3938,29.5606
470,28.2139,28.2161,28.2228,28.2340,28.2500,28.2711,28.2975,28.3297,28.3681,28.4134,28.4662,28.5271,28.5968,28.6762,28.7661,28.8671,28.9801,29.1058,29.2448,29.3976,29.5645
471,28.2154,28.2176,28.2243,28.2356,28.2517,28.2728,28.2993,28.3316,28.3702,28.4156,28.4685,28.5296,28.5995,28.6791,28.7691,28.8703,28.9835,29.1094,29.2485,29.4014,29.5684
472,28.2169,28.2191,28.2259,28.2372,28.2533,28.2745,28.3011,28.3335,28.3722,28.4178,28.4708,28.5321,28.6022,28.6820,28.7722,28.8736,28.9869,29.1129,29.2522,29.4052,29.5722
473,28.2184,28.2207,28.2274,28.2388,28.2550,28.2762,28.3029,28.3354,28.3743,28.4200,28.4732,28.5346,28.6049,28.6848,28.7752,28.8768,28.9903,29.1165,29.2559,29.4090,29.5761
474,28.2199,28.2222,28.2289,28.2404,28.2566,28.2779,28.3047,28.3373,28.3763,28.4222,28.4755,28.5371,28.6076,28.6877,28.7783,28.8800,28.9937,29.1201,29.2596,29.4128,29.5800
475,28.2215,28.2237,28.2305,28.2420,28.2583,28.2797,28.3065,28.3393,28.3784,28.4244,28.4779,28.5396,28.6103,28.6906,28.7813,28.8833,28.9971,29.1236,29.2633,29.4166,29.5839
476,28.2230,28.2252,28.2321,28.2436,28.2599,28.2814,28.3084,28.3412,28.3804,28.4266,28.4803,28.5421,28.6130,28.6934,28.7844,28.8865,29.0005,29.1271,29.2669,29.4204,29.5878
477,28.2245,28.2268,28.2336,28.2452,28.2616,28.2832,28.3102,28.3432,28.3825,28.4288,28.4826,28.5447,28.6157,28.6963,28.7874,28.8897,29.0039,29.1307,29.2706,29.4241,29.5917
478,28.2260,28.2283,28.2352,28.2468,28.2633,28.2849,28.3121,28.3451,28.3846,28.4310,28.4850,28.5472,28.6184,28.6992,28.7905,28.8929,29.0073,29.1342,29.2743,29.4279,29.5955
479,28.2276,28.2299,28.2368,28.2484,28.2649,28.2867,28.3139,28.3471,28.3867,28.4332,28.4874,28.5497,28.6211,28.7021,28.7935,28.8962,29.0107,29.1378,29.2780,29.4317,29.5994
480,28.2291,28.2314,28.2384,28.2500,28.2666,28.2884,28.3158,28.3490,28.3888,28.4355,28.4897,28.5523,28.6238,28.7050,28.7966,28.8994,29.0141,29.1413,29.2816,29.4355,29.6033
481,28.2307,28.2330,28.2399,28.2517,28.2683,28.2902,28.3176,28.3510,28.3909,28.4377,28.4921,28.5548,28.6265,28.7078,28.7997,28.9026,29.0175,29.1449,29.2853,29.4393,29.6073
482,28.2323,28.2346,28.2415,28.2533,28.2700,28.2920,28.3195,28.3530,28.3930,28.4399,28.4945,28.5574,28.6292,28.7107,28.8027,28.9059,29.0209,29.1484,29.2890,29.4431,29.6114
483,28.2338,28.2361,28.2431,28.2549,28.2717,28.2937,28.3214,28.3550,28.3951,28.4422,28.4969,28.5599,28.6319,28.7136,28.8058,28.9091,29.0243,29.1519,29.2926,29.4469,29.6155
484,28.2354,28.2377,28.2447,28.2566,28.2734,28.2955,28.3232,28.3570,28.3972,28.4444,28.4993,28.5625,28.6346,28.7165,28.8088,28.9123,29.0277,29.1555,29.2963,29.4508,29.6197
485,28.2370,28.2393,28.2464,28.2582,28.2751,28.2973,28.3251,28.3589,28.3993,28.4467,28.5017,28.5650,28.6374,28.7194,28.8119,28.9156,29.0310,29.1590,29.3000,29.4547,29.6239
486,28.2385,28.2409,28.2480,28.2599,28.2769,28.2991,28.3270,28.3609,28.4014,28.4489,28.5041,28.5676,28.6401,28.7223,28.8150,28.9188,29.0344,29.1625,29.3037,29.4586,29.6281
487,28.2401,28.2425,28.2496,28.2616,28.2786,28.3009,28.3289,28.3629,28.4035,28.4512,28.5065,28.5702,28.6428,28.7252,28.8180,28.9220,29.0378,29.1661,29.3074,29.4625,29.6324
488,28.2417,28.2441,28.2512,28.2632,28.2803,28.3027,28.3308,28.3649,28.4056,28.4534,28.5089,28.5727,28.6456,28.7281,28.8211,28.9253,29.0412,29.1696,29.3111,29.4665,29.6367
489,28.2433,28.2457,28.2529,28.2649,28.2820,28.3045,28.3327,28.3670,28.4078,28.4557,28.5113,28.5753,28.6483,28.7310,28.8242,28.9285,29.0446,29.1732,29.3149,29.4704,29.6410
490,28.2449,28.2473,28.2545,28.2666,28.2838,28.3063,28.3346,28.3690,28.4099,28.4580,28.5138,28.5779,28.6510,28.7339,28.8273,28.9317,29.0480,29.1767,29.3186,29.4744,29.6453
491,28.2466,28.2489,28.2561,28.2683,28.2855,28.3082,28.3365,28.3710,28.4121,28.4603,28.5162,28.5805,28.6538,28.7368,28.8303,28.9350,29.0514,29.1803,29.3224,29.4784,29.6497
492,28.2482,28.2506,28.2578,28.2700,28.2873,28.3100,28.3384,28.3730,28.4142,28.4625,28.5186,28.5830,28.6565,28.7397,28.8334,28.9382,29.0548,29.1839,29.3261,29.4825,29.6541
493,28.2498,28.2522,28.2595,28.2717,28.2890,28.3118,28.3404,28.3751,28.4164,28.4648,28.5210,28.5856,28.6593,28.7427,28.8365,28.9414,29.0582,29.1875,29.3299,29.4865,29.6585
494,28.2514,28.2538,28.2611,28.2734,28.2908,28.3137,28.3423,28.3771,28.4185,28.4671,28.5235,28.5882,28.6620,28.7456,28.8396,28.9447,29.0616,29.1910,29.3337,29.4906,29.6629
495,28.2531,28.2555,28.2628,28.2751,28.2926,28.3155,28.3442,28.3791,28.4207,28.4694,28.5259,28.5908,28.6648,28.7485,28.8426,28.9479,29.0650,29.1946,29.3375,29.4946,29.6673
496,28.2547,28.2571,28.2645,28.2768,28.2944,28.3174,28.3462,28.3812,28.4229,28.4717,28.5284,28.5934,28.6675,28.7514,28.8457,28.9512,29.0684,29.1982,29.3413,29.4987,29.6718
497,28.2563,28.2588,28.2661,28.2785,28.2961,28.3192,28.3481,28.3832,28.4250,28.4740,28.5308,28.5960,28.6703,28.7543,28.8488,28.9544,29.0719,29.2018,29.3452,29.5029,29.6762
498,28.2580,28.2604,28.2678,28.2803,28.2979,28.3211,28.3501,28.3853,28.4272,28.4763,28.5333,28.5986,28.6731,28.7573,28.8519,28.9577,29.0753,29.2055,29.3490,29.5070,29.6807
499,28.2597,28.2621,28.2695,28.2820,28.2997,28.3230,28.3520,28.3874,28.4294,28.4786,28.5357,28.6012,28.6758,28.7602,28.8550,28.9609,29.0787,29.2091,29.3529,29.5111,29.6852
500,28.2613,28.2638,28.2712,28.2837,28.3015,28.3248,28.3540,28.3894,28.4316,28.4810,28.5382,28.6038,28.6786,28.7631,28.8581,28.9642,29.0822,29.2127,29.3567,29.5153,29.6897
501,28.2630,28.2655,28.2729,28.2855,28.3033,28.3267,28.3560,28.3915,28.4338,28.4833,28.5406,28.6065,28.6814,28.7660,28.8612,28.9675,29.0856,29.2164,29.3606,29.5195,29.6943
502,28.2647,28.2671,28.2746,28.2872,28.3051,28.3286,28.3579,28.3936,28.4360,28.4856,28.5431,28.6091,28.6841,28.7690,28.8643,28.9707,29.0890,29.2200,29.3645,29.5236,29.6988
503,28.2663,28.2688,28.2763,28.2890,28.3069,28.3305,28.3599,28.3957,28.4382,28.4879,28.5456,28.6117,28.6869,28.7719,28.8674,28.9740,29.0925,29.2237,29.3684,29.5278,29.7033
504,28.2680,28.2705,28.2781,28.2907,28.3088,28.3324,28.3619,28.3977,28.4404,28.4903,28.5481,28.6143,28.6897,28.7749,28.8705,28.9773,29.0960,29.2273,29.3723,29.5320,29.7079
505,28.2697,28.2722,28.2798,28.2925,28.3106,28.3343,28.3639,28.3998,28.4426,28.4926,28.5505,28.6169,28.6925,28.7778,28.8736,28.9806,29.0994,29.2310,29.3762,29.5363,29.7125
506,28.2714,28.2739,28.2815,28.2943,28.3124,28.3362,28.3659,28.4019,28.4448,28.4950,28.5530,28.6196,28.6953,28.7807,28.8767,28.9838,29.1029,29.2347,29.3802,29.5405,29.7171
507,28.2731,28.2756,28.2833,28.2961,28.3143,28.3381,28.3679,28.4040,28.4470,28.4973,28.5555,28.6222,28.6981,28.7837,28.8798,28.9871,29.1064,29.2384,29.3841,29.5448,29.7217
508,28.2748,28.2774,28.2850,28.2978,28.3161,28.3400,28.3699,28.4061,28.4492,28.4997,28.5580,28.6249,28.7008,28.7866,28.8829,28.9904,29.1099,29.2421,29.3881,29.5490,29.7263
509,28.2765,28.2791,28.2867,28.2996,28.3179,28.3419,28.3719,28.4083,28.4515,28.5020,28.5605,28.6275,28.7036,28.7896,28.8861,28.9937,29.1133,29.2458,29.3920,29.5533,29.7309
510,28.2783,28.2808,28.2885,28.3014,28.3198,28.3438,28.3739,28.4104,28.4537,28.5044,28.5630,28.6301,28.7064,28.7926,28.8892,28.9970,29.1168,29.2495,29.3960,29.5576,29.7356
511,28.2800,28.2825,28.2903,28.3032,28.3217,28.3458,28.3759,28.4125,28.4559,28.5067,28.5655,28.6328,28.7092,28.7955,28.8923,29.0003,29.1203,29.2532,29.4000,29.5619,29.7402
512,28.2817,28.2843,28.2920,28.3050,28.3235,28.3477,28.3780,28.4146,28.4582,28.5091,28.5680,28.6354,28.7120,28.7985,28.8954,29.0036,29.1239,29.2570,29.4040,29.5662,29.7449
513,28.2835,28.2860,28.2938,28.3068,28.3254,28.3497,28.3800,28.4168,28.4604,28.5115,28.5705,28.6381,28.7149,28.8015,28.8986,29.0070,29.1274,29.2607,29.4080,29.5705,29.7496
514,28.2852,28.2878,28.2956,28.3087,28.3273,28.3516,28.3820,28.4189,28.4627,28.5139,28.5730,28.6408,28.7177,28.8044,28.9017,29.0103,29.1309,29.2645,29.4120,29.5748,29.7543
515,28.2869,28.2895,28.2973,28.3105,28.3291,28.3536,28.3841,28.4210,28.4649,28.5163,28.5756,28.6434,28.7205,28.8074,28.9049,29.0136,29.1344,29.2682,29.4161,29.5792,29.7590
516,28.2887,28.2913,28.2991,28.3123,28.3310,28.3555,28.3861,28.4232,28.4672,28.5186,28.5781,28.6461,28.7233,28.8104,28.9080,29.0169,29.1380,29.2720,29.4201,29.5835,29.7637
517,28.2905,28.2931,28.3009,28.3141,28.3329,28.3575,28.3882,28.4253,28.4695,28.5210,28.5806,28.6488,28.7261,28.8134,28.9112,29.0203,29.1415,29.2758,29.4242,29.5879,29.7684
518,28.2922,28.2948,28.3027,28.3160,28.3348,28.3594,28.3902,28.4275,28.4717,28.5234,28.5831,28.6514,28.7290,28.8164,28.9143,29.0236,29.1451,29.2796,29.4282,29.5922,29.7731
519,28.2940,28.2966,28.3045,28.3178,28.3367,28.3614,28.3923,28.4296,28.4740,28.5258,28.5857,28.6541,28.7318,28.8193,28.9175,29.0270,29.1486,29.2834,29.4323,29.5966,29.7778
520,28.2958,28.2984,28.3063,28.3197,28.3386,28.3634,28.3943,28.4318,28.4763,28.5282,28.5882,28.6568,28.7346,28.8223,28.9207,29.0303,29.1522,29.2872,29.4364,29.6010,29.7826
521,28.2976,28.3002,28.3082,28.3215,28.3405,28.3654,28.3964,28.4340,28.4786,28.5306,28.5907,28.6595,28.7375,28.8253,28.9238,29.0337,29.1558,29.2910,29.4405,29.6054,29.7873
522,28.2993,28.3020,28.3100,28.3234,28.3424,28.3674,28.3985,28.4362,28.4808,28.5330,28.5933,28.6622,28.7403,28.8283,28.9270,29.0371,29.1594,29.2948,29.4445,29.6098,29.7921
523,28.3011,28.3038,28.3118,28.3253,28.3444,28.3694,28.4006,28.4383,28.4831,28.5355,28.5958,28.6649,28.7431,28.8314,28.9302,29.0404,29.1629,29.2986,29.4487,29.6142,29.7969
524,28.3029,28.3056,28.3136,28.3271,28.3463,28.3714,28.4026,28.4405,28.4854,28.5379,28.5984,28.6676,28.7460,28.8344,28.9334,29.0438,29.1665,29.3025,29.4528,29.6187,29.8017
525,28.3047,28.3074,28.3155,28.3290,28.3482,28.3734,28.4047,28.4427,28.4877,28.5403,28.6009,28.6703,28.7488,28.8374,28.9366,29.0472,29.1701,29.3063,29.4569,29.6231,29.8065
526,28.3065,28.3092,28.3173,28.3309,28.3502,28.3754,28.4068,28.4449,28.4900,28.5427,28.6035,28.6730,28.7517,28.8404,28.9398,29.0506,29.1738,29.3102,29.4610,29.6276,29.8113
527,28.3084,28.3110,28.3192,28.3328,28.3521,28.3774,28.4089,28.4471,28.4924,28.5452,28.6061,28.6757,28.7546,28.8434,28.9430,29.0540,29.1774,29.3140,29.4652,29.6320,29.8161
528,28.3102,28.3129,28.3210,28.3347,28.3541,28.3794,28.4110,28.4493,28.4947,28.5476,28.6086,28.6784,28.7574,28.8465,28.9462,29.0574,29.1810,29.3179,29.4693,29.6365,29.8209
529,28.3120,28.3147,28.3229,28.3366,28.3560,28.3814,28.4131,28.4515,28.4970,28.5500,28.6112,28.6811,28.7603,28.8495,28.9494,29.0608,29.1846,29.3218,29.4735,29.6410,29.8257
530,28.3138,28.3165,28.3247,28.3385,28.3580,28.3835,28.4152,28.4537,28.4993,28.5525,28.6138,28.6838,28.7632,28.8525,28.9526,29.0642,29.1883,29.3257,29.4777,29.6455,29.8306
531,28.3157,28.3184,28.3266,28.3404,28.3599,28.3855,28.4174,28.4559,28.5016,28.5549,28.6164,28.6865,28.7660,28.8556,28.9558,29.0677,29.1919,29.3296,29.4818,29.6500,29.8354
532,28.3175,28.3202,28.3285,28.3423,28.3619,28.3875,28.4195,28.4582,28.5040,28.5574,28.6190,28.6893,28.7689,28.8586,28.9591,29.0711,29.1956,29.3335,29.4860,29.6545,29.8403
533,28.3194,28.3221,28.3303,28.3442,28.3639,28.3896,28.4216,28.4604,28.5063,28.5598,28.6216,28.6920,28.7718,28.8617,28.9623,29.0745,29.1992,29.3374,29.4902,29.6590,29.8451
534,28.3212,28.3240,28.3322,28.3461,28.3659,28.3916,28.4238,28.4626,28.5086,28.5623,28.6241,28.6947,28.7747,28.8647,28.9656,29.0780,29.2029,29.3413,29.4944,29.6635,29.8500
535,28.3231,28.3258,28.3341,28.3481,28.3678,28.3937,28.4259,28.4649,28.5110,28.5648,28.6267,28.6975,28.7776,28.8678,28.9688,29.0814,29.2066,29.3452,29.4986,29.6680,29.8549
536,28.3249,28.3277,28.3360,28.3500,28.3698,28.3957,28.4280,28.4671,28.5133,28.5672,28.6293,28.7002,28.7805,28.8709,28.9721,29.0849,29.2102,29.3492,29.5029,29.6726,29.8598
537,28.3268,28.3296,28.3379,28.3519,28.3718,28.3978,28.4302,28.4693,28.5157,28.5697,28.6320,28.7030,28.7834,28.8739,28.9753,29.0883,29.2139,29.3531,29.5071,29.6771,29.8647
538,28.3287,28.3315,28.3398,28.3539,28.3738,28.3999,28.4323,28.4716,28.5180,28.5722,28.6346,28.7057,28.7863,28.8770,28.9786,29.0918,29.2176,29.3571,29.5113,29.6817,29.8696
539,28.3306,28.3333,28.3417,28.3558,28.3758,28.4019,28.4345,28.4738,28.5204,28.5747,28.6372,28.7085,28.7892,28.8801,28.9818,29.0953,29.2213,29.3610,29.5156,29.6862,29.8745
540,28.3324,28.3352,28.3436,28.3578,28.3778,28.4040,28.4367,28.4761,28.5228,28.5772,28.6398,28.7113,28.7922,28.8832,28.9851,29.0988,29.2250,29.3650,29.5198,29.6908,29.8794
541,28.3343,28.3371,28.3456,28.3598,28.3799,28.4061,28.4388,28.4784,28.5251,28.5797,28.6424,28.7140,28.7951,28.8863,28.9884,29.1023,29.2288,29.3690,29.5241,29.6954,29.8843
542,28.3362,28.3390,28.3475,28.3617,28.3819,28.4082,28.4410,28.4806,28.5275,28.5822,28.6450,28.7168,28.7980,28.8894,28.9917,29.1057,29.2325,29.3730,29.5283,29.6999,29.8891
543,28.3381,28.3409,28.3494,28.3637,28.3839,28.4103,28.4432,28.4829,28.5299,28.5847,28.6477,28.7196,28.8009,28.8925,28.9950,29.1092,29.2362,29.3770,29.5326,29.7045,29.8939
544,28.3400,28.3429,28.3514,28.3657,28.3859,28.4124,28.4453,28.4852,28.5323,28.5872,28.6503,28.7223,28.8039,28.8956,28.9983,29.1128,29.2400,29.3810,29.5369,29.7091,29.8987
545,28.3419,28.3448,28.3533,28.3676,28.3880,28.4145,28.4475,28.4875,28.5347,28.5897,28.6530,28.7251,28.8068,28.8987,29.0016,29.1163,29.2437,29.3850,29.5412,29.7136,29.9035
546,28.3439,28.3467,28.3553,28.3696,28.3900,28.4166,28.4497,28.4897,28.5371,28.5922,28.6556,28.7279,28.8098,28.9018,29.0049,29.1198,29.2475,29.3890,29.5455,29.7182,29.9083
547,28.3458,28.3486,28.3572,28.3716,28.3920,28.4187,28.4519,28.4920,28.5395,28.5947,28.6583,28.7307,28.8127,28.9050,29.0082,29.1233,29.2512,29.3930,29.5497,29.7227,29.9131
548,28.3477,28.3506,28.3592,28.3736,28.3941,28.4208,28.4541,28.4943,28.5419,28.5972,28.6609,28.7335,28.8157,28.9081,29.0115,29.1268,29.2550,29.3970,29.5540,29.7273,29.9179
549,28.3496,28.3525,28.3611,28.3756,28.3962,28.4230,28.4563,28.4966,28.5443,28.5997,28.6636,28.7363,28.8186,28.9112,29.0149,29.1304,29.2588,29.4010,29.5583,29.7318,29.9227
550,28.3516,28.3545,28.3631,28.3776,28.3982,28.4251,28.4585,28.4989,28.5467,28.6023,28.6662,28.7391,28.8216,28.9144,29.0182,29.1339,29.2625,29.4050,29.5626,29.7364,29.9275
551,28.3535,28.3564,28.3651,28.3796,28.4003,28.4272,28.4607,28.5012,28.5491,28.6048,28.6689,28.7419,28.8246,28.9175,29.0215,29.1375,29.2663,29.4091,29.5669,29.7409,29.9322
552,28.3555,28.3584,28.3671,28.3817,28.4023,28.4293,28.4630,28.5035,28.5515,28.6073,28.6716,28.7448,28.8276,28.9207,29.0249,29.1410,29.2701,29.4131,29.5712,29.7455,29.9370
553,28.3574,28.3603,28.3690,28.3837,28.4044,28.4315,28.4652,28.5059,28.5539,28.6099,28.6742,28.7476,28.8305,28.9238,29.0282,29.1446,29.2739,29.4172,29.5755,29.7500,29.9418
554,28.3594,28.3623,28.3710,28.3857,28.4065,28.4336,28.4674,28.5082,28.5564,28.6124,28.6769,28.7504,28.8335,28.9270,29.0316,29.1482,29.2777,29.4212,29.5798,29.7546,29.9466
555,28.3613,28.3643,28.3730,28.3877,28.4086,28.4358,28.4696,28.5105,28.5588,28.6150,28.6796,28.7532,28.8365,28.9302,29.0349,29.1517,29.2815,29.4252,29.5841,29.7591,29.9513
556,28.3633,28.3662,28.3750,28.3898,28.4107,28.4379,28.4719,28.5128,28.5612,28.6176,28.6823,28.7561,28.8395,28.9333,29.0383,29.1553,29.2853,29.4293,29.5884,29.7636,29.9561
557,28.3653,28.3682,28.3770,28.3918,28.4128,28.4401,28.4741,28.5152,28.5637,28.6201,28.6850,28.7589,28.8425,28.9365,29.0417,29.1589,29.2891,29.4334,29.5927,29.7682,29.9608
558,28.3673,28.3702,28.3790,28.3939,28.4149,28.4423,28.4764,28.5175,28.5661,28.6227,28.6877,28.7618,28.8455,28.9397,29.0451,29.1625,29.2929,29.4374,29.5970,29.7727,29.9656
559,28.3693,28.3722,28.3811,28.3959,28.4170,28.4444,28.4786,28.5199,28.5686,28.6253,28.6904,28.7646,28.8485,28.9429,29.0484,29.1661,29.2968,29.4415,29.6013,29.7772,29.9704
560,28.3712,28.3742,28.3831,28.3980,28.4191,28.4466,28.4809,28.5222,28.5710,28.6278,28.6931,28.7675,28.8515,28.9461,29.0518,29.1697,29.3006,29.4455,29.6056,29.7818,29.9751
561,28.3732,28.3762,28.3851,28.4000,28.4212,28.4488,28.4831,28.5246,28.5735,28.6304,28.6958,28.7703,28.8546,28.9493,29.0552,29.1733,29.3044,29.4496,29.6099,29.7863,29.9799
562,28.3752,28.3782,28.3871,28.4021,28.4233,28.4510,28.4854,28.5269,28.5760,28.6330,28.6985,28.7732,28.8576,28.9525,29.0586,29.1769,29.3082,29.4537,29.6142,29.7909,29.9846
563,28.3772,28.3802,28.3892,28.4042,28.4254,28.4532,28.4877,28.5293,28.5784,28.6356,28.7013,28.7761,28.8606,28.9557,29.0620,29.1805,29.3121,29.4577,29.6185,29.7954,29.9894
564,28.3793,28.3822,28.3912,28.4063,28.4276,28.4554,28.4900,28.5317,28.5809,28.6382,28.7040,28.7789,28.8637,28.9589,29.0654,29.1841,29.3159,29.4618,29.6228,29.7999,29.9942
565,28.3813,28.3843,28.3932,28.4083,28.4297,28.4576,28.4922,28.5340,28.5834,28.6408,28.7067,28.7818,28.8667,28.9621,29.0689,29.1878,29.3198,29.4659,29.6271,29.8045,29.9989
566,28.3833,28.3863,28.3953,28.4104,28.4318,28.4598,28.4945,28.5364,28.5859,28.6434,28.7095,28.7847,28.8698,28.9653,29.0723,29.1914,29.3236,29.4700,29.6314,29.8090,30.0037
567,28.3853,28.3883,28.3973,28.4125,28.4340,28.4620,28.4968,28.5388,28.5884,28.6460,28.7122,28.7876,28.8728,28.9686,29.0757,29.1950,29.3275,29.4741,29.6357,29.8136,30.0084
568,28.3873,28.3904,28.3994,28.4146,28.4361,28.4642,28.4991,28.5412,28.5909,28.6486,28.7150,28.7905,28.8759,28.9718,29.0791,29.1987,29.3313,29.4781,29.6401,29.8181,30.0132
569,28.3894,28.3924,28.4015,28.4167,28.4383,28.4664,28.5014,28.5436,28.5934,28.6512,28.7177,28.7934,28.8789,28.9751,29.0826,29.2023,29.3352,29.4822,29.6444,29.8226,30.0180
570,28.3914,28.3944,28.4035,28.4188,28.4404,28.4686,28.5037,28.5460,28.5959,28.6538,28.7205,28.7963,28.8820,28.9783,29.0860,29.2059,29.3391,29.4863,29.6487,29.8272,30.0227
571,28.3935,28.3965,28.4056,28.4209,28.4426,28.4709,28.5060,28.5484,28.5984,28.6565,28.7232,28.7992,28.8851,28.9816,29.0894,29.2096,29.3429,29.4904,29.6530,29.8317,30.0275
572,28.3955,28.3986,28.4077,28.4231,28.4448,28.4731,28.5083,28.5508,28.6009,28.6591,28.7260,28.8021,28.8881,28.9848,29.0929,29.2132,29.3468,29.4945,29.6573,29.8363,30.0323
573,28.3976,28.4006,28.4098,28.4252,28.4470,28.4753,28.5106,28.5532,28.6034,28.6617,28.7288,28.8050,28.8912,28.9881,29.0963,29.2169,29.3507,29.4986,29.6617,29.8408,30.0370
574,28.3996,28.4027,28.4119,28.4273,28.4491,28.4776,28.5130,28.5556,28.6059,28.6644,28.7315,28.8080,28.8943,28.9913,29.0998,29.2206,29.3546,29.5027,29.6660,29.8454,30.0418
575,28.4017,28.4048,28.4140,28.4294,28.4513,28.4798,28.5153,28.5580,28.6084,28.6670,28.7343,28.8109,28.8974,28.9946,29.1033,29.2242,29.3584,29.5068,29.6703,29.8499,30.0466
576,28.4038,28.4068,28.4161,28.4316,28.4535,28.4821,28.5176,28.5604,28.6110,28.6697,28.7371,28.8138,28.9005,28.9979,29.1067,29.2279,29.3623,29.5109,29.6746,29.8545,30.0513
577,28.4058,28.4089,28.4182,28.4337,28.4557,28.4843,28.5200,28.5629,28.6135,28.6723,28.7399,28.8168,28.9036,29.0012,29.1102,29.2316,29.3662,29.5150,29.6790,29.8590,30.0561
578,28.4079,28.4110,28.4203,28.4359,28.4579,28.4866,28.5223,28.5653,28.6161,28.6750,28.7427,28.8197,28.9067,29.0044,29.1137,29.2353,29.3701,29.5191,29.6833,29.8636,30.0609
579,28.4100,28.4131,28.4224,28.4380,28.4601,28.4889,28.5246,28.5677,28.6186,28.6777,28.7455,28.8227,28.9098,29.0077,29.1172,29.2389,29.3740,29.5232,29.6876,29.8681,30.0656
580,28.4121,28.4152,28.4245,28.4402,28.4623,28.4911,28.5270,28.5702,28.6211,28.6803,28.7483,28.8256,28.9129,29.0110,29.1206,29.2426,29.3779,29.5274,29.6920,29.8727,30.0704
581,28.4142,28.4173,28.4266,28.4423,28.4645,28.4934,28.5293,28.5726,28.6237,28.6830,28.7511,28.8286,28.9161,29.0143,29.1241,29.2463,29.3818,29.5315,29.6963,29.8772,30.0752
582,28.4163,28.4194,28.4288,28.4445,28.4667,28.4957,28.5317,28.5751,28.6263,28.6857,28.7539,28.8315,28.9192,29.0176,29.1276,29.2500,29.3857,29.5356,29.7006,29.8818,30.0799
583,28.4184,28.4215,28.4309,28.4467,28.4689,28.4980,28.5341,28.5775,28.6288,28.6884,28.7567,28.8345,28.9223,29.0209,29.1311,29.2537,29.3896,29.5397,29.7050,29.8863,30.0847
584,28.4205,28.4236,28.4330,28.4488,28.4712,28.5003,28.5364,28.5800,28.6314,28.6911,28.7596,28.8375,28.9255,29.0242,29.1346,29.2574,29.3935,29.5438,29.7093,29.8909,30.0895
585,28.4226,28.4258,28.4352,28.4510,28.4734,28.5026,28.5388,28.5825,28.6340,28.6938,28.7624,28.8404,28.9286,29.0276,29.1381,29.2611,29.3974,29.5480,29.7137,29.8955,30.0943
586,28.4247,28.4279,28.4373,28.4532,28.4756,28.5049,28.5412,28.5849,28.6365,28.6965,28.7652,28.8434,28.9317,29.0309,29.1416,29.2648,29.4014,29.5521,29.7180,29.9000,30.0991
587,28.4269,28.4300,28.4395,28.4554,28.4779,28.5072,28.5436,28.5874,28.6391,28.6992,28.7681,28.8464,28.9349,29.0342,29.1451,29.2685,29.4053,29.5562,29.7224,29.9046,30.1038
588,28.4290,28.4321,28.4416,28.4576,28.4801,28.5095,28.5460,28.5899,28.6417,28.7019,28.7709,28.8494,28.9380,29.0375,29.1487,29.2723,29.4092,29.5604,29.7267,29.9092,30.1086
589,28.4311,28.4343,28.4438,28.4598,28.4824,28.5118,28.5484,28.5924,28.6443,28.7046,28.7737,28.8524,28.9412,29.0409,29.1522,29.2760,29.4131,29.5645,29.7311,29.9137,30.1134
590,28.4333,28.4364,28.4460,28.4620,28.4846,28.5141,28.5508,28.5949,28.6469,28.7073,28.7766,28.8554,28.9444,29.0442,29.1557,29.2797,29.4171,29.5687,29.7354,29.9183,30.1182
591,28.4354,28.4386,28.4482,28.4642,28.4869,28.5165,28.5532,28.5974,28.6495,28.7100,28.7795,28.8584,28.9475,29.0476,29.1592,29.2834,29.4210,29.5728,29.7398,29.9229,30.1230
592,28.4376,28.4407,28.4503,28.4664,28.4892,28.5188,28.5556,28.5999,28.6521,28.7127,28.7823,28.8614,28.9507,29.0509,29.1628,29.2872,29.4249,29.5769,29.7442,29.9275,30.1278
593,28.4397,28.4429,28.4525,28.4686,28.4914,28.5211,28.5580,28.6024,28.6547,28.7155,28.7852,28.8644,28.9539,29.0543,29.1663,29.2909,29.4289,29.5811,29.7485,29.9320,30.1326
594,28.4419,28.4451,28.4547,28.4709,28.4937,28.5235,28.5604,28.6049,28.6573,28.7182,28.7881,28.8675,28.9571,29.0576,29.1699,29.2946,29.4328,29.5853,29.7529,29.9366,30.1374
595,28.4440,28.4472,28.4569,28.4731,28.4960,28.5258,28.5628,28.6074,28.6600,28.7210,28.7909,28.8705,28.9602,29.0610,29.1734,29.2984,29.4368,29.5894,29.7573,29.9412,30.1421
596,28.4462,28.4494,28.4591,28.4753,28.4983,28.5281,28.5653,28.6099,28.6626,28.7237,28.7938,28.8735,28.9634,29.0643,29.1770,29.3021,29.4407,29.5936,29.7616,29.9458,30.1469
597,28.4484,28.4516,28.4613,28.4776,28.5006,28.5305,28.5677,28.6125,28.6652,28.7265,28.7967,28.8765,28.9666,29.0677,29.1805,29.3059,29.4447,29.5977,29.7660,29.9504,30.1517
598,28.4506,28.4538,28.4635,28.4798,28.5028,28.5329,28.5701,28.6150,28.6679,28.7292,28.7996,28.8796,28.9698,29.0711,29.1841,29.3096,29.4486,29.6019,29.7704,29.9550,30.1565
599,28.4527,28.4560,28.4657,28.4821,28.5051,28.5352,28.5726,28.6175,28.6705,28.7320,28.8025,28.8826,28.9730,29.0745,29.1876,29.3134,29.4526,29.6061,29.7747,29.9595,30.1613
600,28.4549,28.4582,28.4679,28.4843,28.5074,28.5376,28.5750,28.6201,28.6731,28.7347,28.8054,28.8857,28.9762,29.0778,29.1912,29.3171,29.4565,29.6102,29.7791,29.9641,30.1661
601,28.4571,28.4604,28.4702,28.4866,28.5098,28.5400,28.5775,28.6226,28.6758,28.7375,28.8083,28.8887,28.9795,29.0812,29.1948,29.3209,29.4605,29.6144,29.7835,29.9687,30.1710
602,28.4593,28.4626,28.4724,28.4888,28.5121,28.5423,28.5799,28.6251,28.6784,28.7403,28.8112,28.8918,28.9827,29.0846,29.1983,29.3247,29.4645,29.6186,29.7879,29.9733,30.1760
603,28.4615,28.4648,28.4746,28.4911,28.5144,28.5447,28.5824,28.6277,28.6811,28.7431,28.8141,28.8948,28.9859,29.0880,29.2019,29.3284,29.4684,29.6227,29.7923,29.9780,30.1810
604,28.4637,28.4670,28.4768,28.4934,28.5167,28.5471,28.5848,28.6303,28.6838,28.7458,28.8170,28.8979,28.9891,29.0914,29.2055,29.3322,29.4724,29.6269,29.7967,29.9826,30.1860
605,28.4659,28.4692,28.4791,28.4956,28.5190,28.5495,28.5873,28.6328,28.6864,28.7486,28.8200,28.9010,28.9924,29.0948,29.2091,29.3360,29.4764,29.6311,29.8011,29.9873,30.1910
606,28.4682,28.4714,28.4813,28.4979,28.5214,28.5519,28.5898,28.6354,28.6891,28.7514,28.8229,28.9040,28.9956,29.0982,29.2127,29.3398,29.4804,29.6353,29.8055,29.9920,30.1961
607,28.4704,28.4737,28.4836,28.5002,28.5237,28.5543,28.5923,28.6380,28.6918,28.7542,28.8258,28.9071,28.9988,29.1016,29.2163,29.3436,29.4843,29.6395,29.8099,29.9967,30.2012
608,28.4726,28.4759,28.4858,28.5025,28.5260,28.5567,28.5947,28.6405,28.6945,28.7570,28.8287,28.9102,29.0021,29.1050,29.2199,29.3474,29.4883,29.6437,29.8144,30.0015,30.2063
609,28.4748,28.4781,28.4881,28.5048,28.5284,28.5591,28.5972,28.6431,28.6972,28.7598,28.8317,28.9133,29.0053,29.1085,29.2235,29.3511,29.4923,29.6479,29.8188,30.0062,30.2114
610,28.4771,28.4804,28.4904,28.5071,28.5307,28.5615,28.5997,28.6457,28.6999,28.7627,28.8346,28.9164,29.0086,29.1119,29.2271,29.3549,29.4963,29.6521,29.8233,30.0110,30.2166
611,28.4793,28.4826,28.4926,28.5094,28.5331,28.5639,28.6022,28.6483,28.7025,28.7655,28.8376,28.9195,29.0118,29.1153,29.2307,29.3587,29.5003,29.6563,29.8278,30.0158,30.2218
612,28.4816,28.4849,28.4949,28.5117,28.5355,28.5664,28.6047,28.6509,28.7052,28.7683,28.8405,28.9226,29.0151,29.1187,29.2343,29.3625,29.5043,29.6606,29.8323,30.0206,30.2269
613,28.4838,28.4872,28.4972,28.5140,28.5378,28.5688,28.6072,28.6535,28.7080,28.7711,28.8435,28.9257,29.0184,29.1222,29.2379,29.3664,29.5084,29.6648,29.8368,30.0254,30.2321
614,28.4861,28.4894,28.4995,28.5164,28.5402,28.5712,28.6098,28.6561,28.7107,28.7739,28.8465,28.9288,29.0216,29.1256,29.2415,29.3702,29.5124,29.6691,29.8413,30.0302,30.2374
615,28.4883,28.4917,28.5018,28.5187,28.5426,28.5737,28.6123,28.6587,28.7134,28.7768,28.8494,28.9319,29.0249,29.1291,29.2452,29.3740,29.5164,29.6733,29.8458,30.0350,30.2426
616,28.4906,28.4940,28.5041,28.5210,28.5450,28.5761,28.6148,28.6613,28.7161,28.7796,28.8524,28.9350,29.0282,29.1325,29.2488,29.3778,29.5204,29.6776,29.8503,30.0399,30.2478
617,28.4929,28.4962,28.5064,28.5233,28.5473,28.5786,28.6173,28.6639,28.7188,28.7825,28.8554,28.9382,29.0315,29.1360,29.2524,29.3816,29.5245,29.6819,29.8549,30.0448,30.2531
618,28.4951,28.4985,28.5087,28.5257,28.5497,28.5810,28.6198,28.6666,28.7216,28.7853,28.8584,28.9413,29.0347,29.1394,29.2561,29.3855,29.5285,29.6861,29.8594,30.0497,30.2584
619,28.4974,28.5008,28.5110,28.5280,28.5521,28.5835,28.6224,28.6692,28.7243,28.7882,28.8614,28.9444,29.0380,29.1429,29.2597,29.3893,29.5326,29.6904,29.8640,30.0546,30.2636
620,28.4997,28.5031,28.5133,28.5304,28.5545,28.5859,28.6249,28.6718,28.7270,28.7910,28.8643,28.9476,29.0413,29.1463,29.2633,29.3932,29.5366,29.6947,29.8686,30.0595,30.2689
621,28.5020,28.5054,28.5156,28.5327,28.5569,28.5884,28.6275,28.6745,28.7298,28.7939,28.8673,28.9507,29.0446,29.1498,29.2670,29.3970,29.5407,29.6991,29.8732,30.0644,30.2742
622,28.5043,28.5077,28.5179,28.5351,28.5593,28.5909,28.6300,28.6771,28.7325,28.7968,28.8703,28.9538,29.0479,29.1533,29.2707,29.4009,29.5448,29.7034,29.8778,30.0693,30.2796
623,28.5066,28.5100,28.5203,28.5375,28.5617,28.5934,28.6326,28.6797,28.7353,28.7996,28.8733,28.9570,29.0512,29.1568,29.2743,29.4047,29.5488,29.7077,29.8824,30.0743,30.2849
624,28.5089,28.5123,28.5226,28.5398,28.5642,28.5958,28.6351,28.6824,28.7380,28.8025,28.8764,28.9602,29.0546,29.1602,29.2780,29.4086,29.5529,29.7120,29.8870,30.0792,30.2903
625,28.5112,28.5146,28.5249,28.5422,28.5666,28.5983,28.6377,28.6851,28.7408,28.8054,28.8794,28.9633,29.0579,29.1637,29.2817,29.4125,29.5570,29.7164,29.8917,30.0842,30.2956
626,28.5135,28.5170,28.5273,28.5446,28.5690,28.6008,28.6403,28.6877,28.7436,28.8083,28.8824,28.9665,29.0612,29.1672,29.2853,29.4163,29.5611,29.7207,29.8963,30.0892,30.3010
627,28.5158,28.5193,28.5296,28.5470,28.5714,28.6033,28.6428,28.6904,28.7463,28.8112,28.8854,28.9696,29.0645,29.1707,29.2890,29.4202,29.5652,29.7251,29.9010,30.0942,30.3064
628,28.5182,28.5216,28.5320,28.5493,28.5739,28.6058,28.6454,28.6931,28.7491,28.8141,28.8884,28.9728,29.0678,29.1742,29.2927,29.4241,29.5694,29.7295,29.9056,30.0992,30.3118
629,28.5205,28.5239,28.5343,28.5517,28.5763,28.6083,28.6480,28.6957,28.7519,28.8170,28.8915,28.9760,29.0712,29.1777,29.2964,29.4280,29.5735,29.7339,29.9103,30.1042,30.3172
630,28.5228,28.5263,28.5367,28.5541,28.5788,28.6108,28.6506,28.6984,28.7547,28.8199,28.8945,28.9792,29.0745,29.1812,29.3001,29.4319,29.5776,29.7383,29.9150,30.1092,30.3226
631,28.5252,28.5286,28.5391,28.5565,28.5812,28.6134,28.6532,28.7011,28.7575,28.8228,28.8975,28.9824,29.0779,29.1848,29.3038,29.4358,29.5818,29.7427,29.9197,30.1143,30.3280
632,28.5275,28.5310,28.5414,28.5589,28.5837,28.6159,28.6558,28.7038,28.7603,28.8257,28.9006,28.9856,29.0812,29.1883,29.3075,29.4397,29.5859,29.7471,29.9244,30.1193,30.3334
633,28.5299,28.5333,28.5438,28.5614,28.5861,28.6184,28.6584,28.7065,28.7631,28.8286,28.9036,28.9887,29.0846,29.1918,29.3112,29.4437,29.5901,29.7515,29.9291,30.1244,30.3389
634,28.5322,28.5357,28.5462,28.5638,28.5886,28.6209,28.6610,28.7092,28.7659,28.8315,28.9067,28.9919,29.0879,29.1953,29.3149,29.4476,29.5942,29.7559,29.9339,30.1295,30.3443
635,28.5346,28.5381,28.5486,28.5662,28.5911,28.6235,28.6636,28.7119,28.7687,28.8345,28.9098,28.9952,29.0913,29.1989,29.3187,29.4515,29.5984,29.7603,29.9386,30.1345,30.3498
636,28.5369,28.5404,28.5510,28.5686,28.5936,28.6260,28.6662,28.7146,28.7715,28.8374,28.9128,28.9984,29.0947,29.2024,29.3224,29.4555,29.6026,29.7648,29.9433,30.1396,30.3553
637,28.5393,28.5428,28.5534,28.5710,28.5960,28.6285,28.6689,28.7173,28.7743,28.8403,28.9159,29.0016,29.0980,29.2060,29.3261,29.4594,29.6068,29.7692,29.9481,30.1447,30.3608
638,28.5417,28.5452,28.5558,28.5735,28.5985,28.6311,28.6715,28.7200,28.7771,28.8433,28.9190,29.0048,29.1014,29.2095,29.3299,29.4634,29.6110,29.7737,29.9529,30.1499,30.3663
639,28.5440,28.5476,28.5582,28.5759,28.6010,28.6336,28.6741,28.7227,28.7800,28.8462,28.9220,29.0080,29.1048,29.2131,29.3336,29.4673,29.6152,29.7782,29.9576,30.1550,30.3718
640,28.5464,28.5500,28.5606,28.5784,28.6035,28.6362,28.6767,28.7255,28.7828,28.8492,28.9251,29.0112,29.1082,29.2166,29.3374,29.4713,29.6194,29.7827,29.9624,30.1601,30.3773
641,28.5488,28.5523,28.5630,28.5808,28.6060,28.6388,28.6794,28.7282,28.7856,28.8521,28.9282,29.0145,29.1116,29.2202,29.3411,29.4753,29.6236,29.7872,29.9672,30.1652,30.3828
642,28.5512,28.5547,28.5654,28.5833,28.6085,28.6413,28.6820,28.7309,28.7885,28.8551,28.9313,29.0177,29.1150,29.2238,29.3449,29.4793,29.6278,29.7917,29.9720,30.1704,30.3883
643,28.5536,28.5571,28.5678,28.5857,28.6110,28.6439,28.6847,28.7337,28.7913,28.8580,28.9344,29.0210,29.1184,29.2274,29.3487,29.4833,29.6321,29.7962,29.9769,30.1756,30.3939
644,28.5560,28.5596,28.5703,28.5882,28.6135,28.6465,28.6873,28.7364,28.7942,28.8610,28.9375,29.0242,29.1218,29.2309,29.3525,29.4873,29.6363,29.8007,29.9817,30.1807,30.3994
645,28.5584,28.5620,28.5727,28.5907,28.6161,28.6491,28.6900,28.7392,28.7970,28.8640,28.9406,29.0275,29.1252,29.2345,29.3563,29.4913,29.6405,29.8052,29.9865,30.1859,30.4050
646,28.5608,28.5644,28.5751,28.5931,28.6186,28.6517,28.6927,28.7419,28.7999,28.8670,28.9437,29.0307,29.1286,29.2381,29.3601,29.4953,29.6448,29.8097,29.9914,30.1911,30.4105
647,28.5632,28.5668,28.5776,28.5956,28.6211,28.6542,28.6953,28.7447,28.8027,28.8700,28.9468,29.0340,29.1320,29.2417,29.3639,29.4993,29.6491,29.8143,29.9962,30.1963,30.4161
648,28.5656,28.5692,28.5800,28.5981,28.6236,28.6568,28.6980,28.7475,28.8056,28.8729,28.9500,29.0372,29.1355,29.2453,29.3677,29.5033,29.6533,29.8188,30.0011,30.2015,30.4217
649,28.5681,28.5717,28.5825,28.6006,28.6262,28.6594,28.7007,28.7502,28.8085,28.8759,28.9531,29.0405,29.1389,29.2489,29.3715,29.5074,29.6576,29.8234,30.0059,30.2067,30.4273
650,28.5705,28.5741,28.5849,28.6031,28.6287,28.6620,28.7034,28.7530,28.8114,28.8789,28.9562,29.0438,29.1423,29.2526,29.3753,29.5114,29.6619,29.8280,30.0108,30.2119,30.4329
651,28.5729,28.5765,28.5874,28.6056,28.6313,28.6647,28.7061,28.7558,28.8143,28.8819,28.9593,29.0471,29.1458,29.2562,29.3791,29.5154,29.6662,29.8325,30.0157,30.2172,30.4385
652,28.5754,28.5790,28.5899,28.6081,28.6338,28.6673,28.7087,28.7586,28.8171,28.8849,28.9625,29.0504,29.1492,29.2598,29.3829,29.5195,29.6705,29.8371,30.0206,30.2224,30.4441
653,28.5778,28.5814,28.5923,28.6106,28.6364,28.6699,28.7114,28.7614,28.8200,28.8879,28.9656,29.0536,29.1527,29.2635,29.3868,29.5236,29.6748,29.8417,30.0255,30.2277,30.4498
654,28.5803,28.5839,28.5948,28.6131,28.6389,28.6725,28.7141,28.7641,28.8229,28.8910,28.9688,29.0569,29.1561,29.2671,29.3906,29.5276,29.6791,29.8463,30.0304,30.2329,30.4554
655,28.5827,28.5864,28.5973,28.6156,28.6415,28.6751,28.7168,28.7669,28.8258,28.8940,28.9719,29.0602,29.1596,29.2707,29.3945,29.5317,29.6835,29.8509,30.0353,30.2382,30.4610
656,28.5852,28.5888,28.5998,28.6181,28.6441,28.6778,28.7196,28.7697,28.8287,28.8970,28.9751,29.0636,29.1631,29.2744,29.3983,29.5358,29.6878,29.8555,30.0403,30.2435,30.4667
657,28.5876,28.5913,28.6023,28.6207,28.6466,28.6804,28.7223,28.7725,28.8316,28.9000,28.9782,29.0669,29.1666,29.2781,29.4022,29.5399,29.6922,29.8602,30.0452,30.2487,30.4724
658,28.5901,28.5938,28.6048,28.6232,28.6492,28.6831,28.7250,28.7754,28.8346,28.9031,28.9814,29.0702,29.1700,29.2817,29.4061,29.5440,29.6965,29.8648,30.0502,30.2540,30.4780
659,28.5926,28.5962,28.6073,28.6257,28.6518,28.6857,28.7277,28.7782,28.8375,28.9061,28.9846,29.0735,29.1735,29.2854,29.4099,29.5481,29.7009,29.8694,30.0551,30.2593,30.4837
660,28.5951,28.5987,28.6098,28.6283,28.6544,28.6884,28.7304,28.7810,28.8404,28.9092,28.9878,29.0768,29.1770,29.2891,29.4138,29.5522,29.7052,29.8741,30.0601,30.2646,30.4894
661,28.5975,28.6012,28.6123,28.6308,28.6570,28.6910,28.7332,28.7838,28.8433,28.9122,28.9910,29.0802,29.1805,29.2928,29.4177,29.5563,29.7096,29.8787,30.0651,30.2699,30.4949
662,28.6000,28.6037,28.6148,28.6334,28.6596,28.6937,28.7359,28.7867,28.8463,28.9153,28.9941,29.0835,29.1840,29.2965,29.4216,29.5604,29.7140,29.8834,30.0700,30.2752,30.5004
663,28.6025,28.6062,28.6173,28.6359,28.6622,28.6963,28.7387,28.7895,28.8492,28.9183,28.9973,29.0869,29.1875,29.3002,29.4255,29.5646,29.7184,29.8881,30.0750,30.2805,30.5059
664,28.6050,28.6087,28.6198,28.6385,28.6648,28.6990,28.7414,28.7923,28.8522,28.9214,29.0005,29.0902,29.1911,29.3039,29.4294,29.5687,29.7228,29.8928,30.0800,30.2858,30.5113
665,28.6075,28.6112,28.6224,28.6410,28.6674,28.7017,28.7442,28.7952,28.8551,28.9245,29.0037,29.0936,29.1946,29.3076,29.4333,29.5729,29.7272,29.8975,30.0850,30.2910,30.5167
666,28.6100,28.6137,28.6249,28.6436,28.6700,28.7044,28.7469,28.7980,28.8581,28.9275,29.0069,29.0969,29.1981,29.3113,29.4373,29.5770,29.7316,29.9021,30.0899,30.2962,30.5221
667,28.6125,28.6162,28.6274,28.6462,28.6727,28.7071,28.7497,28.8009,28.8610,28.9306,29.0102,29.1003,29.2016,29.3150,29.4412,29.5812,29.7360,29.9068,30.0949,30.3015,30.5274
668,28.6150,28.6188,28.6300,28.6488,28.6753,28.7098,28.7525,28.8037,28.8640,28.9337,29.0134,29.1036,29.2052,29.3187,29.4451,29.5854,29.7404,29.9115,30.0999,30.3067,30.5328
669,28.6176,28.6213,28.6325,28.6513,28.6779,28.7125,28.7552,28.8066,28.8670,28.9368,29.0166,29.1070,29.2087,29.3225,29.4491,29.5895,29.7449,29.9162,30.1048,30.3118,30.5381
670,28.6201,28.6238,28.6351,28.6539,28.6806,28.7152,28.7580,28.8095,28.8699,28.9399,29.0198,29.1104,29.2123,29.3262,29.4530,29.5937,29.7493,29.9209,30.1098,30.3170,30.5434
671,28.6226,28.6264,28.6376,28.6565,28.6832,28.7179,28.7608,28.8123,28.8729,28.9430,29.0231,29.1138,29.2158,29.3299,29.4570,29.5979,29.7537,29.9256,30.1147,30.3222,30.5487
672,28.6251,28.6289,28.6402,28.6591,28.6858,28.7206,28.7636,28.8152,28.8759,28.9461,29.0263,29.1172,29.2194,29.3337,29.4609,29.6021,29.7582,29.9303,30.1197,30.3273,30.5540
673,28.6277,28.6314,28.6428,28.6617,28.6885,28.7233,28.7664,28.8181,28.8789,28.9492,29.0296,29.1206,29.2230,29.3375,29.4649,29.6063,29.7626,29.9350,30.1246,30.3325,30.5592
674,28.6302,28.6340,28.6453,28.6643,28.6911,28.7260,28.7692,28.8210,28.8819,28.9523,29.0328,29.1240,29.2265,29.3412,29.4689,29.6105,29.7671,29.9397,30.1296,30.3376,30.5645
675,28.6328,28.6366,28.6479,28.6669,28.6938,28.7287,28.7720,28.8239,28.8849,28.9554,29.0361,29.1274,29.2301,29.3450,29.4729,29.6147,29.7715,29.9444,30.1345,30.3427,30.5697
676,28.6353,28.6391,28.6505,28.6696,28.6965,28.7314,28.7748,28.8268,28.8879,28.9585,29.0393,29.1308,29.2337,29.3488,29.4769,29.6189,29.7760,29.9491,30.1394,30.3478,30.5749
677,28.6379,28.6417,28.6531,28.6722,28.6991,28.7342,28.7776,28.8297,28.8909,28.9617,29.0426,29.1342,29.2373,29.3525,29.4808,29.6231,29.7804,29.9538,30.1443,30.3529,30.5801
678,28.6405,28.6442,28.6557,28.6748,28.7018,28.7369,28.7804,28.8326,28.8939,28.9648,29.0459,29.1377,29.2409,29.3563,29.4848,29.6274,29.7849,29.9585,30.1493,30.3580,30.5854
679,28.6430,28.6468,28.6583,28.6774,28.7045,28.7397,28.7832,28.8355,28.8969,28.9680,29.0491,29.1411,29.2445,29.3601,29.4888,29.6316,29.7894,29.9632,30.1542,30.3631,30.5906
680,28.6456,28.6494,28.6609,28.6801,28.7072,28.7424,28.7860,28.8384,28.8999,28.9711,29.0524,29.1445,29.2481,29.3639,29.4928,29.6358,29.7938,29.9679,30.1591,30.3681,30.5957
681,28.6482,28.6520,28.6635,28.6827,28.7099,28.7452,28.7889,28.8413,28.9030,28.9742,29.0557,29.1480,29.2517,29.3677,29.4969,29.6401,29.7983,29.9726,30.1640,30.3732,30.6009
682,28.6507,28.6546,28.6661,28.6854,28.7126,28.7479,28.7917,28.8443,28.9060,28.9774,29.0590,29.1514,29.2553,29.3715,29.5009,29.6443,29.8028,29.9773,30.1689,30.3783,30.6061
683,28.6533,28.6572,28.6687,28.6880,28.7153,28.7507,28.7945,28.8472,28.9090,28.9806,29.0623,29.1549,29.2590,29.3754,29.5049,29.6485,29.8072,29.9820,30.1738,30.3833,30.6113
684,28.6559,28.6598,28.6713,28.6907,28.7180,28.7534,28.7974,28.8501,28.9121,28.9837,29.0656,29.1583,29.2626,29.3792,29.5089,29.6528,29.8117,29.9867,30.1786,30.3884,30.6164
685,28.6585,28.6624,28.6739,28.6933,28.7207,28.7562,28.8002,28.8531,28.9151,28.9869,29.0689,29.1618,29.2662,29.3830,29.5130,29.6570,29.8162,29.9914,30.1835,30.3934,30.6216
686,28.6611,28.6650,28.6766,28.6960,28.7234,28.7590,28.8031,28.8560,28.9182,28.9901,29.0722,29.1653,29.2699,29.3868,29.5170,29.6613,29.8207,29.9961,30.1884,30.3984,30.6267
687,28.6637,28.6676,28.6792,28.6987,28.7261,28.7618,28.8059,28.8590,28.9212,28.9933,29.0755,29.1687,29.2735,29.3907,29.5210,29.6655,29.8251,30.0007,30.1933,30.4035,30.6319
688,28.6663,28.6702,28.6818,28.7013,28.7288,28.7646,28.8088,28.8619,28.9243,28.9964,29.0789,29.1722,29.2772,29.3945,29.5251,29.6698,29.8296,30.0054,30.1981,30.4085,30.6370
689,28.6690,28.6728,28.6845,28.7040,28.7316,28.7674,28.8117,28.8649,28.9274,28.9996,29.0822,29.1757,29.2808,29.3984,29.5291,29.6741,29.8341,30.0101,30.2030,30.4135,30.6421
690,28.6716,28.6755,28.6871,28.7067,28.7343,28.7701,28.8146,28.8679,28.9304,29.0028,29.0855,29.1792,29.2845,29.4022,29.5332,29.6783,29.8386,30.0148,30.2079,30.4185,30.6473
691,28.6742,28.6781,28.6898,28.7094,28.7370,28.7729,28.8174,28.8708,28.9335,29.0060,29.0889,29.1827,29.2882,29.4061,29.5372,29.6826,29.8430,30.0195,30.2127,30.4235,30.6524
692,28.6768,28.6807,28.6924,28.7121,28.7398,28.7758,28.8203,28.8738,28.9366,29.0092,29.0922,29.1862,29.2918,29.4099,29.5413,29.6869,29.8475,30.0241,30.2176,30.4285,30.6575
693,28.6795,28.6834,28.6951,28.7148,28.7425,28.7786,28.8232,28.8768,28.9397,29.0124,29.0956,29.1897,29.2955,29.4138,29.5454,29.6911,29.8520,30.0288,30.2224,30.4335,30.6626
694,28.6821,28.6860,28.6978,28.7175,28.7453,28.7814,28.8261,28.8798,28.9428,29.0157,29.0989,29.1932,29.2992,29.4177,29.5494,29.6954,29.8565,30.0335,30.2273,30.4385,30.6677
695,28.6847,28.6887,28.7004,28.7202,28.7480,28.7842,28.8290,28.8828,28.9459,29.0189,29.1023,29.1967,29.3029,29.4215,29.5535,29.6997,29.8610,30.0382,30.2321,30.4435,30.6728
696,28.6874,28.6913,28.7031,28.7229,28.7508,28.7870,28.8319,28.8857,28.9490,29.0221,29.1057,29.2002,29.3066,29.4254,29.5576,29.7040,29.8654,30.0428,30.2370,30.4485,30.6779
697,28.6900,28.6940,28.7058,28.7256,28.7535,28.7899,28.8348,28.8887,28.9521,29.0253,29.1090,29.2038,29.3103,29.4293,29.5617,29.7083,29.8699,30.0475,30.2418,30.4535,30.6830
698,28.6927,28.6966,28.7085,28.7283,28.7563,28.7927,28.8377,28.8918,28.9552,29.0286,29.1124,29.2073,29.3140,29.4332,29.5658,29.7125,29.8744,30.0522,30.2466,30.4584,30.6881
699,28.6954,28.6993,28.7112,28.7310,28.7591,28.7955,28.8406,28.8948,28.9583,29.0318,29.1158,29.2108,29.3177,29.4371,29.5698,29.7168,29.8789,30.0568,30.2515,30.4634,30.6932
700,28.6980,28.7020,28.7139,28.7338,28.7619,28.7984,28.8436,28.8978,28.9615,29.0351,29.1192,29.2144,29.3214,29.4410,29.5739,29.7211,29.8834,30.0615,30.2563,30.4684,30.6983
701,28.7007,28.7047,28.7166,28.7365,28.7647,28.8012,28.8465,28.9008,28.9646,29.0383,29.1226,29.2179,29.3251,29.4449,29.5780,29.7254,29.8878,30.0662,30.2611,30.4734,30.7033
702,28.7034,28.7073,28.7193,28.7392,28.7674,28.8041,28.8494,28.9038,28.9677,29.0416,29.1260,29.2215,29.3288,29.4488,29.5821,29.7297,29.8923,30.0708,30.2659,30.4783,30.7084
703,28.7061,28.7100,28.7220,28.7420,28.7702,28.8069,28.8524,28.9069,28.9709,29.0448,29.1294,29.2250,29.3326,29.4527,29.5862,29.7340,29.8968,30.0755,30.2708,30.4833,30.7135
704,28.7087,28.7127,28.7247,28.7447,28.7730,28.8098,28.8553,28.9099,28.9740,29.0481,29.1328,29.2286,29.3363,29.4566,29.5903,29.7383,29.9013,30.0801,30.2756,30.4882,30.7185
705,28.7114,28.7154,28.7274,28.7475,28.7758,28.8127,28.8582,28.9129,28.9772,29.0514,29.1362,29.2322,29.3400,29.4605,29.5944,29.7426,29.9058,30.0848,30.2804,30.4932,30.7236
706,28.7141,28.7181,28.7301,28.7503,28.7786,28.8155,28.8612,28.9160,28.9803,29.0547,29.1396,29.2357,29.3438,29.4644,29.5985,29.7469,29.9102,30.0895,30.2852,30.4981,30.7287
707,28.7168,28.7208,28.7329,28.7530,28.7815,28.8184,28.8641,28.9190,28.9835,29.0579,29.1430,29.2393,29.3475,29.4684,29.6026,29.7512,29.9147,30.0941,30.2900,30.5031,30.7337
708,28.7195,28.7235,28.7356,28.7558,28.7843,28.8213,28.8671,28.9221,28.9866,29.0612,29.1465,29.2429,29.3513,29.4723,29.6067,29.7554,29.9192,30.0988,30.2948,30.5080,30.7388
709,28.7222,28.7263,28.7383,28.7586,28.7871,28.8242,28.8701,28.9251,28.9898,29.0645,29.1499,29.2465,29.3550,29.4762,29.6109,29.7597,29.9237,30.1034,30.2996,30.5130,30.7438
710,28.7250,28.7290,28.7411,28.7613,28.7899,28.8271,28.8730,28.9282,28.9930,29.0678,29.1533,29.2501,29.3588,29.4801,29.6150,29.7640,29.9282,30.1081,30.3044,30.5179,30.7489
711,28.7277,28.7317,28.7438,28.7641,28.7928,28.8300,28.8760,28.9313,28.9962,29.0711,29.1568,29.2537,29.3625,29.4841,29.6191,29.7684,29.9326,30.1127,30.3093,30.5228,30.7539
712,28.7304,28.7344,28.7466,28.7669,28.7956,28.8329,28.8790,28.9344,28.9993,29.0744,29.1602,29.2573,29.3663,29.4880,29.6232,29.7727,29.9371,30.1174,30.3141,30.5278,30.7590
713,28.7331,28.7372,28.7493,28.7697,28.7984,28.8358,28.8820,28.9374,29.0025,29.0778,29.1637,29.2609,29.3701,29.4920,29.6273,29.7770,29.9416,30.1220,30.3188,30.5327,30.7640
714,28.7359,28.7399,28.7521,28.7725,28.8013,28.8387,28.8850,28.9405,29.0057,29.0811,29.1671,29.2645,29.3738,29.4959,29.6315,29.7813,29.9461,30.1267,30.3236,30.5376,30.7690
715,28.7386,28.7427,28.7549,28.7753,28.8041,28.8416,28.8880,28.9436,29.0089,29.0844,29.1706,29.2681,29.3776,29.4999,29.6356,29.7856,29.9506,30.1313,30.3284,30.5425,30.7741
716,28.7413,28.7454,28.7576,28.7781,28.8070,28.8445,28.8910,28.9467,29.0121,29.0877,29.1740,29.2717,29.3814,29.5038,29.6397,29.7899,29.9551,30.1360,30.3332,30.5475,30.7791
717,28.7441,28.7482,28.7604,28.7809,28.8099,28.8475,28.8940,28.9498,29.0153,29.0911,29.1775,29.2753,29.3852,29.5078,29.6439,29.7942,29.9595,30.1406,30.3380,30.5524,30.7841
718,28.7468,28.7509,28.7632,28.7837,28.8127,28.8504,28.8970,28.9529,29.0185,29.0944,29.1810,29.2790,29.3890,29.5117,29.6480,29.7985,29.9640,30.1452,30.3428,30.5573,30.7892
719,28.7496,28.7537,28.7660,28.7866,28.8156,28.8533,28.9000,28.9560,29.0218,29.0977,29.1845,29.2826,29.3928,29.5157,29.6521,29.8028,29.9685,30.1499,30.3476,30.5622,30.7942
720,28.7524,28.7565,28.7688,28.7894,28.8185,28.8563,28.9030,28.9591,29.0250,29.1011,29.1880,29.2862,29.3966,29.5197,29.6563,29.8071,29.9730,30.1545,30.3524,30.5671,30.7992
721,28.7551,28.7592,28.7716,28.7922,28.8214,28.8592,28.9061,28.9623,29.0282,29.1044,29.1914,29.2899,29.4004,29.5236,29.6604,29.8114,29.9775,30.1592,30.3572,30.5721,30.8043
722,28.7579,28.7620,28.7744,28.7951,28.8242,28.8622,28.9091,28.9654,29.0315,29.1078,29.1949,29.2935,29.4042,29.5276,29.6646,29.8158,29.9819,30.1638,30.3620,30.5770,30.8094
723,28.7607,28.7648,28.7772,28.7979,28.8271,28.8651,28.9121,28.9685,29.0347,29.1112,29.1984,29.2972,29.4080,29.5316,29.6687,29.8201,29.9864,30.1684,30.3667,30.5819,30.8146
724,28.7635,28.7676,28.7800,28.8007,28.8300,28.8681,28.9152,28.9716,29.0379,29.1145,29.2019,29.3008,29.4118,29.5356,29.6728,29.8244,29.9909,30.1731,30.3715,30.5869,30.8198
725,28.7663,28.7704,28.7828,28.8036,28.8329,28.8710,28.9182,28.9748,29.0412,29.1179,29.2054,29.3045,29.4156,29.5395,29.6770,29.8287,29.9954,30.1777,30.3763,30.5918,30.8249
726,28.7690,28.7732,28.7856,28.8065,28.8358,28.8740,28.9213,28.9779,29.0444,29.1213,29.2090,29.3081,29.4194,29.5435,29.6811,29.8330,29.9999,30.1824,30.3811,30.5968,30.8301
727,28.7718,28.7760,28.7884,28.8093,28.8388,28.8770,28.9243,28.9811,29.0477,29.1246,29.2125,29.3118,29.4232,29.5475,29.6853,29.8374,30.0044,30.1870,30.3859,30.6018,30.8353
728,28.7746,28.7788,28.7913,28.8122,28.8417,28.8800,28.9274,28.9842,29.0510,29.1280,29.2160,29.3155,29.4271,29.5515,29.6895,29.8417,30.0088,30.1916,30.3907,30.6068,30.8406
729,28.7774,28.7816,28.7941,28.8150,28.8446,28.8830,28.9304,28.9874,29.0542,29.1314,29.2195,29.3191,29.4309,29.5555,29.6936,29.8460,30.0133,30.1963,30.3955,30.6118,30.8458
730,28.7803,28.7844,28.7969,28.8179,28.8475,28.8860,28.9335,28.9906,29.0575,29.1348,29.2231,29.3228,29.4347,29.5595,29.6978,29.8503,30.0178,30.2009,30.4004,30.6168,30.8510
731,28.7831,28.7872,28.7998,28.8208,28.8504,28.8889,28.9366,28.9937,29.0608,29.1382,29.2266,29.3265,29.4386,29.5635,29.7019,29.8546,30.0223,30.2056,30.4052,30.6218,30.8563
732,28.7859,28.7901,28.8026,28.8237,28.8534,28.8919,28.9397,28.9969,29.0641,29.1416,29.2301,29.3302,29.4424,29.5675,29.7061,29.8590,30.0268,30.2103,30.4100,30.6268,30.8616
733,28.7887,28.7929,28.8055,28.8266,28.8563,28.8950,28.9428,29.0001,29.0673,29.1450,29.2337,29.3339,29.4462,29.5715,29.7103,29.8633,30.0313,30.2149,30.4149,30.6319,30.8668
734,28.7915,28.7957,28.8084,28.8295,28.8593,28.8980,28.9458,29.0033,29.0706,29.1484,29.2372,29.3375,29.4501,29.5755,29.7144,29.8676,30.0358,30.2196,30.4197,30.6369,30.8721
735,28.7944,28.7986,28.8112,28.8324,28.8622,28.9010,28.9489,29.0064,29.0739,29.1519,29.2408,29.3412,29.4539,29.5795,29.7186,29.8720,30.0403,30.2242,30.4245,30.6420,30.8774
736,28.7972,28.8014,28.8141,28.8353,28.8652,28.9040,28.9520,29.0096,29.0772,29.1553,29.2443,29.3449,29.4578,29.5835,29.7228,29.8763,30.0448,30.2289,30.4294,30.6470,30.8827
737,28.8001,28.8043,28.8170,28.8382,28.8681,28.9070,28.9551,29.0128,29.0805,29.1587,29.2479,29.3486,29.4616,29.5875,29.7269,29.8806,30.0493,30.2336,30.4343,30.6521,30.8880
738,28.8029,28.8071,28.8198,28.8411,28.8711,28.9101,28.9582,29.0160,29.0838,29.1621,29.2514,29.3523,29.4655,29.5915,29.7311,29.8850,30.0538,30.2383,30.4391,30.6572,30.8933
739,28.8058,28.8100,28.8227,28.8440,28.8741,28.9131,28.9614,29.0192,29.0872,29.1656,29.2550,29.3561,29.4693,29.5955,29.7353,29.8893,30.0583,30.2429,30.4440,30.6622,30.8986
740,28.8086,28.8129,28.8256,28.8469,28.8770,28.9161,28.9645,29.0225,29.0905,29.1690,29.2586,29.3598,29.4732,29.5996,29.7395,29.8937,30.0628,30.2476,30.4489,30.6673,30.9040
741,28.8115,28.8157,28.8285,28.8499,28.8800,28.9192,28.9676,29.0257,29.0938,29.1724,29.2622,29.3635,29.4771,29.6036,29.7437,29.8980,30.0673,30.2523,30.4537,30.6724,30.9093
742,28.8144,28.8186,28.8314,28.8528,28.8830,28.9222,28.9707,29.0289,29.0971,29.1759,29.2657,29.3672,29.4810,29.6076,29.7478,29.9024,30.0718,30.2570,30.4586,30.6775,30.9146
743,28.8172,28.8215,28.8343,28.8557,28.8860,28.9253,28.9739,29.0321,29.1005,29.1793,29.2693,29.3709,29.4848,29.6116,29.7520,29.9067,30.0764,30.2617,30.4635,30.6826,30.9200
744,28.8201,28.8244,28.8372,28.8587,28.8890,28.9283,28.9770,29.0354,29.1038,29.1828,29.2729,29.3747,29.4887,29.6157,29.7562,29.9111,30.0809,30.2664,30.4684,30.6877,30.9253
745,28.8230,28.8273,28.8401,28.8616,28.8920,28.9314,28.9801,29.0386,29.1071,29.1863,29.2765,29.3784,29.4926,29.6197,29.7604,29.9154,30.0854,30.2711,30.4733,30.6929,30.9307
746,28.8259,28.8302,28.8430,28.8646,28.8950,28.9345,28.9833,29.0418,29.1105,29.1897,29.2801,29.3821,29.4965,29.6237,29.7646,29.9198,30.0900,30.2758,30.4782,30.6980,30.9360
747,28.8288,28.8331,28.8460,28.8675,28.8980,28.9375,28.9864,29.0451,29.1138,29.1932,29.2837,29.3859,29.5003,29.6278,29.7688,29.9242,30.0945,30.2806,30.4831,30.7031,30.9414
748,28.8317,28.8360,28.8489,28.8705,28.9010,28.9406,28.9896,29.0483,29.1172,29.1967,29.2873,29.3896,29.5042,29.6318,29.7730,29.9285,30.0990,30.2853,30.4881,30.7082,30.9468
749,28.8346,28.8389,28.8518,28.8735,28.9040,28.9437,28.9928,29.0516,29.1206,29.2002,29.2909,29.3934,29.5081,29.6359,29.7772,29.9329,30.1036,30.2900,30.4930,30.7134,30.9522
750,28.8375,28.8418,28.8548,28.8765,28.9071,28.9468,28.9959,29.0548,29.1239,29.2036,29.2945,29.3971,29.5120,29.6399,29.7814,29.9373,30.1081,30.2947,30.4979,30.7185,30.9576
751,28.8404,28.8447,28.8577,28.8794,28.9101,28.9499,28.9991,29.0581,29.1273,29.2071,29.2981,29.4009,29.5159,29.6440,29.7856,29.9416,30.1127,30.2995,30.5029,30.7237,30.9629
752,28.8433,28.8476,28.8606,28.8824,28.9131,28.9530,29.0023,29.0614,29.1307,29.2106,29.3017,29.4046,29.5198,29.6480,29.7899,29.9460,30.1172,30.3042,30.5078,30.7288,30.9683
753,28.8462,28.8506,28.8636,28.8854,28.9162,28.9561,29.0055,29.0646,29.1340,29.2141,29.3054,29.4084,29.5237,29.6521,29.7941,29.9504,30.1218,30.3090,30.5127,30.7340,30.9737
754,28.8492,28.8535,28.8665,28.8884,28.9192,28.9592,29.0086,29.0679,29.1374,29.2176,29.3090,29.4121,29.5276,29.6561,29.7983,29.9548,30.1263,30.3137,30.5177,30.7392,30.9792
755,28.8521,28.8564,28.8695,28.8914,28.9222,28.9623,29.0118,29.0712,29.1408,29.2211,29.3126,29.4159,29.5316,29.6602,29.8025,29.9592,30.1309,30.3185,30.5226,30.7444,30.9846
756,28.8550,28.8594,28.8725,28.8944,28.9253,28.9654,29.0150,29.0745,29.1442,29.2246,29.3163,29.4197,29.5355,29.6643,29.8067,29.9636,30.1355,30.3232,30.5276,30.7495,30.9900
757,28.8580,28.8623,28.8754,28.8974,28.9284,28.9685,29.0182,29.0778,29.1476,29.2281,29.3199,29.4234,29.5394,29.6683,29.8110,29.9680,30.1401,30.3280,30.5326,30.7547,30.9954
758,28.8609,28.8653,28.8784,28.9004,28.9314,28.9717,29.0214,29.0811,29.1510,29.2316,29.3235,29.4272,29.5433,29.6724,29.8152,29.9724,30.1446,30.3327,30.5375,30.7599,31.0008
759,28.8639,28.8683,28.8814,28.9034,28.9345,28.9748,29.0246,29.0844,29.1544,29.2352,29.3272,29.4310,29.5472,29.6765,29.8194,29.9768,30.1492,30.3375,30.5425,30.7651,31.0063
760,28.8668,28.8712,28.8844,28.9064,28.9376,28.9779,29.0279,29.0877,29.1578,29.2387,29.3308,29.4348,29.5512,29.6806,29.8237,29.9812,30.1538,30.3423,30.5475,30.7703,31.0117
761,28.8698,28.8742,28.8874,28.9095,28.9406,28.9811,29.0311,29.0910,29.1612,29.2422,29.3345,29.4386,29.5551,29.6847,29.8279,29.9856,30.1584,30.3471,30.5525,30.7755,31.0171
762,28.8728,28.8772,28.8904,28.9125,28.9437,28.9842,29.0343,29.0943,29.1646,29.2457,29.3381,29.4424,29.5590,29.6888,29.8322,29.9900,30.1630,30.3518,30.5575,30.7807,31.0226
763,28.8757,28.8801,28.8934,28.9155,28.9468,28.9874,29.0375,29.0976,29.1680,29.2493,29.3418,29.4462,29.5630,29.6928,29.8364,29.9944,30.1676,30.3566,30.5624,30.7859,31.0280
764,28.8787,28.8831,28.8964,28.9186,28.9499,28.9905,29.0407,29.1009,29.1715,29.2528,29.3455,29.4500,29.5669,29.6969,29.8407,29.9989,30.1722,30.3614,30.5674,30.7911,31.0335
765,28.8817,28.8861,28.8994,28.9216,28.9530,28.9937,29.0440,29.1043,29.1749,29.2564,29.3491,29.4538,29.5709,29.7010,29.8449,30.0033,30.1768,30.3662,30.5724,30.7964,31.0389
766,28.8847,28.8891,28.9024,28.9247,28.9561,28.9968,29.0472,29.1076,29.1783,29.2599,29.3528,29.4576,29.5748,29.7051,29.8492,30.0077,30.1814,30.3710,30.5775,30.8016,31.0444
767,28.8877,28.8921,28.9054,28.9277,28.9592,29.0000,29.0505,29.1109,29.1818,29.2635,29.3565,29.4614,29.5788,29.7092,29.8535,30.0121,30.1860,30.3758,30.5825,30.8068,31.0499
768,28.8907,28.8951,28.9084,28.9308,28.9623,29.0032,29.0537,29.1143,29.1852,29.2670,29.3602,29.4652,29.5827,29.7133,29.8577,30.0166,30.1906,30.3806,30.5875,30.8121,31.0553
769,28.8937,28.8981,28.9115,28.9339,28.9654,29.0064,29.0570,29.1176,29.1887,29.2706,29.3638,29.4690,29.5867,29.7175,29.8620,30.0210,30.1952,30.3855,30.5925,30.8173,31.0608
770,28.8967,28.9011,28.9145,28.9369,28.9685,29.0095,29.0602,29.1210,29.1921,29.2741,29.3675,29.4728,29.5906,29.7216,29.8663,30.0255,30.1999,30.3903,30.5975,30.8225,31.0663
771,28.8997,28.9041,28.9175,28.9400,28.9716,29.0127,29.0635,29.1243,29.1956,29.2777,29.3712,29.4767,29.5946,29.7257,29.8706,30.0299,30.2045,30.3951,30.6026,30.8278,31.0718
772,28.9027,28.9072,28.9206,28.9431,28.9748,29.0159,29.0668,29.1277,29.1990,29.2813,29.3749,29.4805,29.5986,29.7298,29.8748,30.0344,30.2091,30.3999,30.6076,30.8330,31.0773
773,28.9057,28.9102,28.9236,28.9462,28.9779,29.0191,29.0700,29.1310,29.2025,29.2848,29.3786,29.4843,29.6026,29.7339,29.8791,30.0388,30.2138,30.4047,30.6126,30.8383,31.0828
774,28.9087,28.9132,28.9267,28.9492,28.9810,29.0223,29.0733,29.1344,29.2060,29.2884,29.3823,29.4882,29.6065,29.7381,29.8834,30.0433,30.2184,30.4096,30.6177,30.8436,31.0883
775,28.9118,28.9163,28.9297,28.9523,28.9842,29.0255,29.0766,29.1378,29.2094,29.2920,29.3860,29.4920,29.6105,29.7422,29.8877,30.0477,30.2231,30.4144,30.6227,30.8488,31.0938
776,28.9148,28.9193,28.9328,28.9554,28.9873,29.0287,29.0799,29.1411,29.2129,29.2956,29.3897,29.4958,29.6145,29.7463,29.8920,30.0522,30.2277,30.4193,30.6278,30.8541,31.0993
777,28.9178,28.9223,28.9359,28.9585,28.9905,29.0319,29.0832,29.1445,29.2164,29.2992,29.3934,29.4997,29.6185,29.7505,29.8963,30.0567,30.2324,30.4241,30.6328,30.8594,31.1048
778,28.9209,28.9254,28.9389,28.9616,28.9936,29.0352,29.0865,29.1479,29.2199,29.3028,29.3972,29.5035,29.6225,29.7546,29.9006,30.0612,30.2370,30.4290,30.6379,30.8647,31.1103
779,28.9239,28.9284,28.9420,28.9648,28.9968,29.0384,29.0898,29.1513,29.2233,29.3064,29.4009,29.5074,29.6265,29.7588,29.9049,30.0656,30.2417,30.4338,30.6429,30.8699,31.1158
780,28.9270,28.9315,28.9451,28.9679,29.0000,29.0416,29.0931,29.1547,29.2268,29.3100,29.4046,29.5112,29.6305,29.7629,29.9092,30.0701,30.2463,30.4387,30.6480,30.8752,31.1213
781,28.9300,28.9346,28.9482,28.9710,29.0031,29.0448,29.0964,29.1581,29.2303,29.3136,29.4083,29.5151,29.6345,29.7671,29.9135,30.0746,30.2510,30.4435,30.6531,30.8805,31.1268
782,28.9331,28.9376,28.9513,28.9741,29.0063,29.0481,29.0997,29.1615,29.2338,29.3172,29.4121,29.5190,29.6385,29.7712,29.9179,30.0791,30.2557,30.4484,30.6582,30.8858,31.1322
783,28.9362,28.9407,28.9544,28.9772,29.0095,29.0513,29.1030,29.1649,29.2373,29.3208,29.4158,29.5228,29.6425,29.7754,29.9222,30.0836,30.2604,30.4533,30.6632,30.8910,31.1375
784,28.9392,28.9438,28.9575,28.9804,29.0127,29.0546,29.1063,29.1683,29.2408,29.3244,29.4196,29.5267,29.6465,29.7796,29.9265,30.0881,30.2650,30.4582,30.6683,30.8963,31.1428
785,28.9423,28.9469,28.9606,28.9835,29.0159,29.0578,29.1096,29.1717,29.2444,29.3281,29.4233,29.5306,29.6505,29.7837,29.9308,30.0926,30.2697,30.4630,30.6734,30.9015,31.1482
786,28.9454,28.9500,28.9637,28.9867,29.0191,29.0611,29.1130,29.1751,29.2479,29.3317,29.4270,29.5345,29.6546,29.7879,29.9352,30.0971,30.2744,30.4679,30.6784,30.9068,31.1535
787,28.9485,28.9531,28.9668,28.9898,29.0223,29.0643,29.1163,29.1785,29.2514,29.3353,29.4308,29.5384,29.6586,29.7921,29.9395,30.1016,30.2791,30.4728,30.6835,30.9120,31.1587
788,28.9516,28.9562,28.9699,28.9930,29.0255,29.0676,29.1197,29.1820,29.2549,29.3390,29.4346,29.5422,29.6626,29.7963,29.9439,30.1061,30.2838,30.4777,30.6886,30.9172,31.1640
789,28.9547,28.9593,28.9730,28.9961,29.0287,29.0709,29.1230,29.1854,29.2585,29.3426,29.4383,29.5461,29.6666,29.8004,29.9482,30.1106,30.2885,30.4826,30.6936,30.9223,31.1692
790,28.9578,28.9624,28.9762,28.9993,29.0319,29.0741,29.1263,29.1888,29.2620,29.3462,29.4421,29.5500,29.6707,29.8046,29.9526,30.1152,30.2932,30.4874,30.6987,30.9275,31.1745
791,28.9609,28.9655,28.9793,29.0025,29.0351,29.0774,29.1297,29.1923,29.2655,29.3499,29.4458,29.5539,29.6747,29.8088,29.9569,30.1197,30.2979,30.4923,30.7037,30.9327,31.1797
792,28.9640,28.9686,28.9824,29.0056,29.0383,29.0807,29.1331,29.1957,29.2691,29.3535,29.4496,29.5578,29.6788,29.8130,29.9613,30.1242,30.3026,30.4972,30.7087,30.9378,31.1849
793,28.9671,28.9717,28.9856,29.0088,29.0415,29.0840,29.1364,29.1992,29.2726,29.3572,29.4534,29.5617,29.6828,29.8172,29.9656,30.1287,30.3073,30.5021,30.7138,30.9430,31.1901
794,28.9702,28.9748,28.9887,29.0120,29.0448,29.0873,29.1398,29.2026,29.2762,29.3609,29.4572,29.5657,29.6869,29.8214,29.9700,30.1333,30.3120,30.5069,30.7188,30.9481,31.1953
795,28.9733,28.9780,28.9919,29.0152,29.0480,29.0906,29.1431,29.2061,29.2797,29.3645,29.4610,29.5696,29.6909,29.8256,29.9744,30.1378,30.3167,30.5118,30.7238,30.9533,31.2005
796,28.9765,28.9811,28.9950,29.0184,29.0512,29.0939,29.1465,29.2095,29.2833,29.3682,29.4647,29.5735,29.6950,29.8298,29.9787,30.1423,30.3214,30.5167,30.7288,30.9584,31.2057
797,28.9796,28.9842,28.9982,29.0216,29.0545,29.0972,29.1499,29.2130,29.2868,29.3719,29.4685,29.5774,29.6990,29.8340,29.9831,30.1469,30.3261,30.5216,30.7338,30.9635,31.2109
798,28.9827,28.9874,29.0014,29.0248,29.0577,29.1005,29.1533,29.2165,29.2904,29.3755,29.4723,29.5813,29.7031,29.8383,29.9875,30.1514,30.3308,30.5264,30.7388,30.9686,31.2160
799,28.9859,28.9905,29.0045,29.0280,29.0610,29.1038,29.1567,29.2199,29.2940,29.3792,29.4761,29.5853,29.7072,29.8425,29.9919,30.1560,30.3356,30.5313,30.7438,30.9737,31.2212
800,28.9890,28.9937,29.0077,29.0312,29.0642,29.1071,29.1601,29.2234,29.2975,29.3829,29.4799,29.5892,29.7112,29.8467,29.9962,30.1605,30.3403,30.5362,30.7488,30.9788,31.2263
801,28.9922,28.9969,29.0109,29.0344,29.0675,29.1104,29.1635,29.2269,29.3011,29.3866,29.4837,29.5931,29.7153,29.8509,30.0006,30.1651,30.3450,30.5410,30.7538,30.9839,31.2315
802,28.9953,29.0000,29.0141,29.0376,29.0708,29.1138,29.1669,29.2304,29.3047,29.3903,29.4876,29.5971,29.7194,29.8552,30.0050,30.1696,30.3497,30.5459,30.7588,30.9890,31.2366
803,28.9985,29.0032,29.0173,29.0408,29.0740,29.1171,29.1703,29.2339,29.3083,29.3940,29.4914,29.6010,29.7235,29.8594,30.0094,30.1742,30.3544,30.5507,30.7638,30.9940,31.2417
804,29.0017,29.0064,29.0205,29.0441,29.0773,29.1204,29.1737,29.2374,29.3119,29.3977,29.4952,29.6050,29.7276,29.8636,30.0138,30.1787,30.3591,30.5556,30.7688,30.9991,31.2468
805,29.0048,29.0095,29.0237,29.0473,29.0806,29.1238,29.1771,29.2409,29.3155,29.4014,29.4990,29.6089,29.7317,29.8679,30.0182,30.1833,30.3638,30.5604,30.7737,31.0042,31.2520
806,29.0080,29.0127,29.0269,29.0505,29.0839,29.1271,29.1805,29.2444,29.3191,29.4051,29.5028,29.6129,29.7358,29.8721,30.0226,30.1878,30.3685,30.5653,30.7787,31.0092,31.2571
807,29.0112,29.0159,29.0301,29.0538,29.0872,29.1305,29.1839,29.2479,29.3227,29.4088,29.5067,29.6168,29.7399,29.8764,30.0270,30.1924,30.3732,30.5701,30.7837,31.0143,31.2622
808,29.0144,29.0191,29.0333,29.0570,29.0905,29.1338,29.1873,29.2514,29.3263,29.4125,29.5105,29.6208,29.7440,29.8806,30.0314,30.1969,30.3779,30.5750,30.7886,31.0193,31.2673
809,29.0176,29.0223,29.0365,29.0603,29.0937,29.1372,29.1908,29.2549,29.3299,29.4162,29.5143,29.6248,29.7481,29.8849,30.0358,30.2015,30.3826,30.5798,30.7936,31.0244,31.2724
810,29.0208,29.0255,29.0397,29.0635,29.0970,29.1405,29.1942,29.2584,29.3335,29.4199,29.5182,29.6287,29.7522,29.8891,30.0402,30.2061,30.3873,30.5847,30.7985,31.0294,31.2775
811,29.0240,29.0287,29.0429,29.0668,29.1004,29.1439,29.1976,29.2619,29.3371,29.4237,29.5220,29.6327,29.7563,29.8934,30.0446,30.2106,30.3920,30.5895,30.8035,31.0344,31.2825
812,29.0272,29.0319,29.0462,29.0700,29.1037,29.1473,29.2011,29.2655,29.3408,29.4274,29.5259,29.6367,29.7604,29.8976,30.0490,30.2152,30.3968,30.5943,30.8084,31.0395,31.2876
813,29.0304,29.0351,29.0494,29.0733,29.1070,29.1506,29.2045,29.2690,29.3444,29.4311,29.5297,29.6407,29.7645,29.9019,30.0534,30.2197,30.4015,30.5992,30.8134,31.0445,31.2927
814,29.0336,29.0383,29.0526,29.0766,29.1103,29.1540,29.2080,29.2725,29.3480,29.4349,29.5336,29.6447,29.7687,29.9062,30.0578,30.2243,30.4062,30.6040,30.8183,31.0495,31.2978
815,29.0368,29.0416,29.0559,29.0799,29.1136,29.1574,29.2114,29.2761,29.3516,29.4386,29.5374,29.6486,29.7728,29.9104,30.0623,30.2289,30.4109,30.6088,30.8233,31.0545,31.3028
816,29.0400,29.0448,29.0591,29.0831,29.1169,29.1608,29.2149,29.2796,29.3553,29.4424,29.5413,29.6526,29.7769,29.9147,30.0667,30.2334,30.4156,30.6137,30.8282,31.0595,31.3079
817,29.0432,29.0480,29.0624,29.0864,29.1203,29.1642,29.2184,29.2832,29.3589,29.4461,29.5452,29.6566,29.7810,29.9190,30.0711,30.2380,30.4203,30.6185,30.8331,31.0645,31.3129
818,29.0465,29.0513,29.0656,29.0897,29.1236,29.1676,29.2218,29.2867,29.3626,29.4499,29.5490,29.6606,29.7852,29.9233,30.0755,30.2425,30.4250,30.6233,30.8380,31.0695,31.3180
819,29.0497,29.0545,29.0689,29.0930,29.1270,29.1710,29.2253,29.2903,29.3662,29.4536,29.5529,29.6646,29.7893,29.9275,30.0799,30.2471,30.4297,30.6281,30.8430,31.0745,31.3230
820,29.0529,29.0577,29.0722,29.0963,29.1303,29.1744,29.2288,29.2938,29.3699,29.4574,29.5568,29.6686,29.7934,29.9318,30.0844,30.2517,30.4344,30.6329,30.8479,31.0795,31.3281
821,29.0562,29.0610,29.0754,29.0996,29.1337,29.1778,29.2323,29.2974,29.3735,29.4612,29.5607,29.6726,29.7976,29.9361,30.0888,30.2562,30.4390,30.6377,30.8528,31.0845,31.3331
822,29.0594,29.0642,29.0787,29.1029,29.1370,29.1812,29.2357,29.3010,29.3772,29.4649,29.5646,29.6767,29.8017,29.9404,30.0932,30.2608,30.4437,30.6426,30.8577,31.0895,31.3382
823,29.0627,29.0675,29.0820,29.1062,29.1404,29.1846,29.2392,29.3045,29.3809,29.4687,29.5685,29.6807,29.8059,29.9447,30.0976,30.2654,30.4484,30.6474,30.8626,31.0945,31.3432
824,29.0659,29.0708,29.0853,29.1095,29.1437,29.1880,29.2427,29.3081,29.3845,29.4725,29.5724,29.6847,29.8100,29.9490,30.1021,30.2699,30.4531,30.6522,30.8675,31.0995,31.3482
825,29.0692,29.0740,29.0886,29.1129,29.1471,29.1915,29.2462,29.3117,29.3882,29.4763,29.5762,29.6887,29.8142,29.9533,30.1065,30.2745,30.4578,30.6570,30.8724,31.1044,31.3533
826,29.0725,29.0773,29.0919,29.1162,29.1505,29.1949,29.2497,29.3153,29.3919,29.4800,29.5802,29.6927,29.8183,29.9575,30.1109,30.2791,30.4625,30.6618,30.8773,31.1094,31.3583
827,29.0757,29.0806,29.0952,29.1195,29.1538,29.1983,29.2532,29.3189,29.3956,29.4838,29.5841,29.6968,29.8225,29.9618,30.1154,30.2836,30.4672,30.6666,30.8822,31.1144,31.3633
828,29.0790,29.0839,29.0985,29.1229,29.1572,29.2018,29.2567,29.3224,29.3993,29.4876,29.5880,29.7008,29.8267,29.9661,30.1198,30.2882,30.4719,30.6714,30.8871,31.1193,31.3683
829,29.0823,29.0872,29.1018,29.1262,29.1606,29.2052,29.2602,29.3260,29.4030,29.4914,29.5919,29.7048,29.8308,29.9704,30.1242,30.2928,30.4766,30.6762,30.8920,31.1243,31.3733
830,29.0856,29.0904,29.1051,29.1295,29.1640,29.2087,29.2638,29.3296,29.4067,29.4952,29.5958,29.7089,29.8350,29.9747,30.1287,30.2973,30.4813,30.6810,30.8969,31.1293,31.3783
831,29.0889,29.0937,29.1084,29.1329,29.1674,29.2121,29.2673,29.3333,29.4104,29.4990,29.5997,29.7129,29.8392,29.9790,30.1331,30.3019,30.4860,30.6858,30.9018,31.1342,31.3834
832,29.0922,29.0970,29.1117,29.1362,29.1708,29.2156,29.2708,29.3369,29.4141,29.5028,29.6036,29.7170,29.8433,29.9833,30.1375,30.3065,30.4906,30.6906,30.9066,31.1392,31.3884
833,29.0955,29.1003,29.1150,29.1396,29.1742,29.2190,29.2743,29.3405,29.4178,29.5066,29.6076,29.7210,29.8475,29.9876,30.1420,30.3110,30.4953,30.6954,30.9115,31.1441,31.3934
834,29.0988,29.1037,29.1184,29.1430,29.1776,29.2225,29.2779,29.3441,29.4215,29.5105,29.6115,29.7250,29.8517,29.9920,30.1464,30.3156,30.5000,30.7002,30.9164,31.1491,31.3984
835,29.1021,29.1070,29.1217,29.1463,29.1810,29.2260,29.2814,29.3477,29.4252,29.5143,29.6154,29.7291,29.8559,29.9963,30.1508,30.3201,30.5047,30.7049,30.9213,31.1540,31.4034
836,29.1054,29.1103,29.1250,29.1497,29.1844,29.2294,29.2850,29.3513,29.4289,29.5181,29.6193,29.7332,29.8601,30.0006,30.1553,30.3247,30.5094,30.7097,30.9262,31.1590,31.4084
837,29.1087,29.1136,29.1284,29.1531,29.1878,29.2329,29.2885,29.3550,29.4326,29.5219,29.6233,29.7372,29.8642,30.0049,30.1597,30.3293,30.5141,30.7145,30.9310,31.1639,31.4134
838,29.1120,29.1169,29.1317,29.1564,29.1913,29.2364,29.2921,29.3586,29.4364,29.5257,29.6272,29.7413,29.8684,30.0092,30.1642,30.3338,30.5187,30.7193,30.9359,31.1688,31.4183
839,29.1153,29.1203,29.1351,29.1598,29.1947,29.2399,29.2956,29.3622,29.4401,29.5296,29.6312,29.7453,29.8726,30.0135,30.1686,30.3384,30.5234,30.7241,30.9408,31.1738,31.4233
840,29.1187,29.1236,29.1384,29.1632,29.1981,29.2434,29.2992,29.3659,29.4438,29.5334,29.6351,29.7494,29.8768,30.0178,30.1731,30.3430,30.5281,30.7289,30.9456,31.1787,31.4283
841,29.1220,29.1269,29.1418,29.1666,29.2016,29.2469,29.3027,29.3695,29.4476,29.5373,29.6391,29.7535,29.8810,30.0222,30.1775,30.3475,30.5328,30.7336,30.9505,31.1837,31.4333
842,29.1253,29.1303,29.1451,29.1700,29.2050,29.2504,29.3063,29.3732,29.4513,29.5411,29.6430,29.7575,29.8852,30.0265,30.1819,30.3521,30.5374,30.7384,30.9554,31.1886,31.4383
843,29.1287,29.1336,29.1485,29.1734,29.2085,29.2539,29.3099,29.3768,29.4550,29.5449,29.6470,29.7616,29.8894,30.0308,30.1864,30.3567,30.5421,30.7432,30.9602,31.1935,31.4433
844,29.1320,29.1370,29.1519,29.1768,29.2119,29.2574,29.3135,29.3805,29.4588,29.5488,29.6509,29.7657,29.8936,30.0351,30.1908,30.3612,30.5468,30.7480,30.9651,31.1985,31.4484
845,29.1354,29.1403,29.1553,29.1802,29.2154,29.2609,29.3170,29.3841,29.4625,29.5527,29.6549,29.7698,29.8978,30.0394,30.1953,30.3658,30.5515,30.7527,30.9699,31.2034,31.4534
846,29.1387,29.1437,29.1586,29.1836,29.2188,29.2644,29.3206,29.3878,29.4663,29.5565,29.6589,29.7739,29.9020,30.0438,30.1997,30.3704,30.5561,30.7575,30.9748,31.2083,31.4584
847,29.1421,29.1471,29.1620,29.1870,29.2223,29.2679,29.3242,29.3915,29.4701,29.5604,29.6628,29.7779,29.9062,30.0481,30.2042,30.3749,30.5608,30.7623,30.9796,31.2133,31.4635
848,29.1455,29.1504,29.1654,29.1905,29.2257,29.2714,29.3278,29.3951,29.4738,29.5642,29.6668,29.7820,29.9104,30.0524,30.2086,30.3795,30.5655,30.7670,30.9845,31.2182,31.4685
849,29.1488,29.1538,29.1688,29.1939,29.2292,29.2750,29.3314,29.3988,29.4776,29.5681,29.6708,29.7861,29.9146,30.0568,30.2131,30.3840,30.5702,30.7718,30.9894,31.2232,31.4735
850,29.1522,29.1572,29.1722,29.1973,29.2327,29.2785,29.3350,29.4025,29.4814,29.5720,29.6748,29.7902,29.9188,30.0611,30.2175,30.3886,30.5748,30.7766,30.9942,31.2281,31.4786
851,29.1556,29.1606,29.1756,29.2008,29.2362,29.2820,29.3386,29.4062,29.4851,29.5758,29.6787,29.7943,29.9230,30.0654,30.2220,30.3932,30.5795,30.7813,30.9991,31.2331,31.4836
852,29.1589,29.1640,29.1790,29.2042,29.2396,29.2856,29.3422,29.4099,29.4889,29.5797,29.6827,29.7984,29.9272,30.0698,30.2264,30.3977,30.5842,30.7861,31.0039,31.2380,31.4886
853,29.1623,29.1673,29.1824,29.2076,29.2431,29.2891,29.3458,29.4136,29.4927,29.5836,29.6867,29.8025,29.9315,30.0741,30.2309,30.4023,30.5888,30.7909,31.0088,31.2430,31.4937
854,29.1657,29.1707,29.1858,29.2111,29.2466,29.2927,29.3494,29.4173,29.4965,29.5875,29.6907,29.8066,29.9357,30.0784,30.2353,30.4069,30.5935,30.7956,31.0137,31.2479,31.4987
855,29.1691,29.1741,29.1893,29.2145,29.2501,29.2962,29.3531,29.4210,29.5003,29.5914,29.6947,29.8107,29.9399,30.0828,30.2398,30.4114,30.5982,30.8004,31.0185,31.2529,31.5038
856,29.1725,29.1775,29.1927,29.2180,29.2536,29.2998,29.3567,29.4247,29.5041,29.5953,29.6987,29.8148,29.9441,30.0871,30.2442,30.4160,30.6028,30.8052,31.0234,31.2578,31.5088
857,29.1759,29.1810,29.1961,29.2214,29.2571,29.3033,29.3603,29.4284,29.5079,29.5992,29.7027,29.8189,29.9484,30.0914,30.2487,30.4206,30.6075,30.8099,31.0282,31.2628,31.5138
858,29.1793,29.1844,29.1995,29.2249,29.2606,29.3069,29.3639,29.4321,29.5117,29.6030,29.7067,29.8230,29.9526,30.0958,30.2531,30.4251,30.6122,30.8147,31.0331,31.2677,31.5189
859,29.1827,29.1878,29.2030,29.2284,29.2641,29.3105,29.3676,29.4358,29.5155,29.6069,29.7107,29.8272,29.9568,30.1001,30.2576,30.4297,30.6169,30.8195,31.0380,31.2727,31.5239
860,29.1862,29.1912,29.2064,29.2319,29.2677,29.3140,29.3712,29.4395,29.5193,29.6109,29.7147,29.8313,29.9610,30.1045,30.2621,30.4343,30.6215,30.8243,31.0428,31.2776,31.5290
861,29.1896,29.1946,29.2099,29.2353,29.2712,29.3176,29.3749,29.4432,29.5231,29.6148,29.7187,29.8354,29.9653,30.1088,30.2665,30.4388,30.6262,30.8290,31.0477,31.2826,31.5340
862,29.1930,29.1981,29.2133,29.2388,29.2747,29.3212,29.3785,29.4470,29.5269,29.6187,29.7227,29.8395,29.9695,30.1132,30.2710,30.4434,30.6309,30.8338,31.0526,31.2875,31.5391
863,29.1964,29.2015,29.2168,29.2423,29.2782,29.3248,29.3822,29.4507,29.5307,29.6226,29.7267,29.8436,29.9737,30.1175,30.2754,30.4480,30.6355,30.8386,31.0574,31.2925,31.5441
864,29.1999,29.2049,29.2202,29.2458,29.2818,29.3284,29.3858,29.4544,29.5345,29.6265,29.7308,29.8478,29.9780,30.1219,30.2799,30.4525,30.6402,30.8433,31.0623,31.2975,31.5492
865,29.2033,29.2084,29.2237,29.2493,29.2853,29.3320,29.3895,29.4582,29.5383,29.6304,29.7348,29.8519,29.9822,30.1262,30.2843,30.4571,30.6449,30.8481,31.0672,31.3024,31.5542
866,29.2067,29.2118,29.2272,29.2528,29.2888,29.3355,29.3931,29.4619,29.5422,29.6343,29.7388,29.8560,29.9865,30.1306,30.2888,30.4617,30.6495,30.8529,31.0720,31.3074,31.5593
867,29.2102,29.2153,29.2306,29.2563,29.2924,29.3391,29.3968,29.4656,29.5460,29.6383,29.7428,29.8602,29.9907,30.1349,30.2933,30.4662,30.6542,30.8576,31.0769,31.3123,31.5643
868,29.2136,29.2187,29.2341,29.2598,29.2959,29.3428,29.4005,29.4694,29.5498,29.6422,29.7469,29.8643,29.9949,30.1393,30.2977,30.4708,30.6589,30.8624,31.0818,31.3173,31.5694
869,29.2171,29.2222,29.2376,29.2633,29.2995,29.3464,29.4041,29.4731,29.5537,29.6461,29.7509,29.8684,29.9992,30.1436,30.3022,30.4754,30.6636,30.8672,31.0866,31.3223,31.5744
870,29.2205,29.2257,29.2411,29.2668,29.3030,29.3500,29.4078,29.4769,29.5575,29.6500,29.7549,29.8726,30.0034,30.1480,30.3067,30.4799,30.6682,30.8720,31.0915,31.3272,31.5795
871,29.2240,29.2291,29.2445,29.2703,29.3066,29.3536,29.4115,29.4806,29.5613,29.6540,29.7590,29.8767,30.0077,30.1523,30.3111,30.4845,30.6729,30.8767,31.0964,31.3322,31.5845
872,29.2275,29.2326,29.2480,29.2738,29.3102,29.3572,29.4152,29.4844,29.5652,29.6579,29.7630,29.8808,30.0119,30.1567,30.3156,30.4891,30.6776,30.8815,31.1012,31.3371,31.5896
873,29.2309,29.2361,29.2515,29.2774,29.3137,29.3608,29.4189,29.4882,29.5690,29.6619,29.7670,29.8850,30.0162,30.1611,30.3201,30.4937,30.6823,30.8863,31.1061,31.3421,31.5947
874,29.2344,29.2396,29.2550,29.2809,29.3173,29.3645,29.4226,29.4919,29.5729,29.6658,29.7711,29.8891,30.0204,30.1654,30.3245,30.4982,30.6869,30.8911,31.1110,31.3471,31.5997
875,29.2379,29.2430,29.2585,29.2844,29.3209,29.3681,29.4263,29.4957,29.5767,29.6698,29.7751,29.8933,30.0247,30.1698,30.3290,30.5028,30.6916,30.8958,31.1158,31.3520,31.6048
876,29.2414,29.2465,29.2620,29.2880,29.3245,29.3717,29.4300,29.4995,29.5806,29.6737,29.7792,29.8974,30.0289,30.1741,30.3335,30.5074,30.6963,30.9006,31.1207,31.3570,31.6098
877,29.2449,29.2500,29.2656,29.2915,29.3281,29.3754,29.4337,29.5033,29.5845,29.6777,29.7832,29.9016,30.0332,30.1785,30.3379,30.5120,30.7010,30.9054,31.1256,31.3620,31.6149
878,29.2484,29.2535,29.2691,29.2951,29.3316,29.3790,29.4374,29.5070,29.5883,29.6816,29.7873,29.9057,30.0375,30.1829,30.3424,30.5165,30.7056,30.9102,31.1305,31.3669,31.6199
879,29.2519,29.2570,29.2726,29.2986,29.3352,29.3827,29.4411,29.5108,29.5922,29.6856,29.7913,29.9099,30.0417,30.1872,30.3469,30.5211,30.7103,30.9149,31.1353,31.3719,31.6250
880,29.2554,29.2605,29.2761,29.3022,29.3388,29.3863,29.4448,29.5146,29.5961,29.6895,29.7954,29.9141,30.0460,30.1916,30.3514,30.5257,30.7150,30.9197,31.1402,31.3769,31.6301
881,29.2589,29.2640,29.2796,29.3057,29.3424,29.3900,29.4485,29.5184,29.5999,29.6935,29.7995,29.9182,30.0503,30.1960,30.3558,30.5303,30.7197,30.9245,31.1451,31.3818,31.6351
882,29.2624,29.2676,29.2832,29.3093,29.3460,29.3936,29.4522,29.5222,29.6038,29.6975,29.8035,29.9224,30.0545,30.2004,30.3603,30.5348,30.7244,30.9293,31.1500,31.3868,31.6402
883,29.2659,29.2711,29.2867,29.3129,29.3497,29.3973,29.4560,29.5260,29.6077,29.7014,29.8076,29.9266,30.0588,30.2047,30.3648,30.5394,30.7290,30.9340,31.1548,31.3918,31.6452
884,29.2694,29.2746,29.2903,29.3164,29.3533,29.4009,29.4597,29.5298,29.6116,29.7054,29.8116,29.9307,30.0631,30.2091,30.3693,30.5440,30.7337,30.9388,31.1597,31.3967,31.6503
885,29.2729,29.2781,29.2938,29.3200,29.3569,29.4046,29.4634,29.5336,29.6155,29.7094,29.8157,29.9349,30.0673,30.2135,30.3737,30.5486,30.7384,30.9436,31.1646,31.4017,31.6554
886,29.2764,29.2817,29.2973,29.3236,29.3605,29.4083,29.4672,29.5374,29.6194,29.7134,29.8198,29.9391,30.0716,30.2179,30.3782,30.5532,30.7431,30.9484,31.1695,31.4067,31.6604
887,29.2800,29.2852,29.3009,29.3272,29.3641,29.4120,29.4709,29.5412,29.6233,29.7173,29.8239,29.9432,30.0759,30.2222,30.3827,30.5577,30.7478,30.9532,31.1743,31.4117,31.6655
888,29.2835,29.2887,29.3045,29.3308,29.3678,29.4156,29.4746,29.5450,29.6272,29.7213,29.8279,29.9474,30.0802,30.2266,30.3872,30.5623,30.7524,30.9579,31.1792,31.4166,31.6705
889,29.2870,29.2923,29.3080,29.3343,29.3714,29.4193,29.4784,29.5489,29.6311,29.7253,29.8320,29.9516,30.0844,30.2310,30.3917,30.5669,30.7571,30.9627,31.1841,31.4216,31.6756
890,29.2906,29.2958,29.3116,29.3379,29.3750,29.4230,29.4821,29.5527,29.6350,29.7293,29.8361,29.9558,30.0887,30.2354,30.3962,30.5715,30.7618,30.9675,31.1890,31.4266,31.6807
891,29.2941,29.2994,29.3152,29.3415,29.3787,29.4267,29.4859,29.5565,29.6389,29.7333,29.8402,29.9600,30.0930,30.2398,30.4006,30.5761,30.7665,30.9723,31.1938,31.4315,31.6857
892,29.2977,29.3029,29.3187,29.3451,29.3823,29.4304,29.4897,29.5603,29.6428,29.7373,29.8443,29.9641,30.0973,30.2441,30.4051,30.5807,30.7712,30.9771,31.1987,31.4365,31.6908
893,29.3012,29.3065,29.3223,29.3487,29.3860,29.4341,29.4934,29.5642,29.6467,29.7413,29.8484,29.9683,30.1016,30.2485,30.4096,30.5853,30.7759,30.9819,31.2036,31.4415,31.6959
894,29.3048,29.3100,29.3259,29.3524,29.3896,29.4378,29.4972,29.5680,29.6506,29.7453,29.8525,29.9725,30.1059,30.2529,30.4141,30.5899,30.7806,30.9866,31.2085,31.4465,31.7009
895,29.3083,29.3136,29.3295,29.3560,29.3933,29.4415,29.5009,29.5718,29.6545,29.7493,29.8566,29.9767,30.1101,30.2573,30.4186,30.5944,30.7853,30.9914,31.2134,31.4514,31.7060
896,29.3119,29.3172,29.3331,29.3596,29.3969,29.4452,29.5047,29.5757,29.6584,29.7533,29.8607,29.9809,30.1144,30.2617,30.4231,30.5990,30.7899,30.9962,31.2182,31.4564,31.7111
897,29.3155,29.3208,29.3366,29.3632,29.4006,29.4489,29.5085,29.5795,29.6623,29.7573,29.8647,29.9851,30.1187,30.2661,30.4276,30.6036,30.7946,31.0010,31.2231,31.4614,31.7161
898,29.3190,29.3243,29.3402,29.3668,29.4042,29.4526,29.5123,29.5834,29.6663,29.7613,29.8689,29.9893,30.1230,30.2705,30.4321,30.6082,30.7993,31.0058,31.2280,31.4664,31.7212
899,29.3226,29.3279,29.3438,29.3705,29.4079,29.4564,29.5160,29.5872,29.6702,29.7653,29.8730,29.9935,30.1273,30.2749,30.4366,30.6128,30.8040,31.0106,31.2329,31.4713,31.7263
900,29.3262,29.3315,29.3474,29.3741,29.4116,29.4601,29.5198,29.5911,29.6741,29.7693,29.8771,29.9977,30.1316,30.2793,30.4411,30.6174,30.8087,31.0154,31.2378,31.4763,31.7313
901,29.3298,29.3351,29.3511,29.3777,29.4153,29.4638,29.5236,29.5949,29.6781,29.7734,29.8812,30.0019,30.1359,30.2837,30.4456,30.6220,30.8134,31.0202,31.2427,31.4813,31.7365
902,29.3334,29.3387,29.3547,29.3814,29.4189,29.4675,29.5274,29.5988,29.6820,29.7774,29.8853,30.0061,30.1402,30.2881,30.4501,30.6266,30.8181,31.0250,31.2476,31.4863,31.7417
903,29.3370,29.3423,29.3583,29.3850,29.4226,29.4713,29.5312,29.6027,29.6859,29.7814,29.8894,30.0103,30.1445,30.2925,30.4546,30.6312,30.8228,31.0297,31.2524,31.4913,31.7469
904,29.3406,29.3459,29.3619,29.3887,29.4263,29.4750,29.5350,29.6065,29.6899,29.7854,29.8935,30.0145,30.1488,30.2969,30.4591,30.6358,30.8275,31.0345,31.2573,31.4963,31.7522
905,29.3442,29.3495,29.3655,29.3923,29.4300,29.4788,29.5388,29.6104,29.6938,29.7895,29.8976,30.0187,30.1531,30.3013,30.4636,30.6404,30.8322,31.0393,31.2622,31.5014,31.7574
906,29.3478,29.3531,29.3692,29.3960,29.4337,29.4825,29.5426,29.6143,29.6978,29.7935,29.9017,30.0229,30.1574,30.3057,30.4681,30.6450,30.8369,31.0441,31.2672,31.5065,31.7627
907,29.3514,29.3567,29.3728,29.3996,29.4374,29.4863,29.5464,29.6181,29.7017,29.7975,29.9059,30.0271,30.1617,30.3101,30.4726,30.6496,30.8416,31.0489,31.2721,31.5115,31.7681
908,29.3550,29.3603,29.3764,29.4033,29.4411,29.4900,29.5502,29.6220,29.7057,29.8016,29.9100,30.0314,30.1661,30.3145,30.4771,30.6542,30.8463,31.0537,31.2770,31.5166,31.7734
909,29.3586,29.3640,29.3801,29.4070,29.4448,29.4938,29.5540,29.6259,29.7096,29.8056,29.9141,30.0356,30.1704,30.3189,30.4816,30.6588,30.8510,31.0586,31.2819,31.5217,31.7787
910,29.3622,29.3676,29.3837,29.4106,29.4485,29.4975,29.5579,29.6298,29.7136,29.8096,29.9182,30.0398,30.1747,30.3233,30.4861,30.6634,30.8557,31.0634,31.2869,31.5269,31.7841
911,29.3659,29.3712,29.3873,29.4143,29.4522,29.5013,29.5617,29.6337,29.7176,29.8137,29.9224,30.0440,30.1790,30.3277,30.4906,30.6680,30.8604,31.0682,31.2918,31.5320,31.7895
912,29.3695,29.3749,29.3910,29.4180,29.4559,29.5050,29.5655,29.6376,29.7215,29.8177,29.9265,30.0482,30.1833,30.3321,30.4951,30.6726,30.8651,31.0730,31.2968,31.5371,31.7949
913,29.3731,29.3785,29.3947,29.4217,29.4597,29.5088,29.5693,29.6415,29.7255,29.8218,29.9306,30.0525,30.1876,30.3365,30.4996,30.6772,30.8698,31.0778,31.3018,31.5423,31.8003
914,29.3767,29.3821,29.3983,29.4254,29.4634,29.5126,29.5732,29.6453,29.7295,29.8258,29.9348,30.0567,30.1920,30.3410,30.5041,30.6819,30.8746,31.0827,31.3068,31.5475,31.8057
915,29.3804,29.3858,29.4020,29.4290,29.4671,29.5164,29.5770,29.6492,29.7334,29.8299,29.9389,30.0609,30.1963,30.3454,30.5086,30.6865,30.8793,31.0875,31.3118,31.5527,31.8112
916,29.3840,29.3894,29.4056,29.4327,29.4708,29.5201,29.5808,29.6531,29.7374,29.8339,29.9431,30.0651,30.2006,30.3498,30.5132,30.6911,30.8840,31.0924,31.3168,31.5579,31.8166
917,29.3877,29.3931,29.4093,29.4364,29.4746,29.5239,29.5847,29.6571,29.7414,29.8380,29.9472,30.0694,30.2049,30.3542,30.5177,30.6957,30.8887,31.0972,31.3218,31.5631,31.8221
918,29.3913,29.3967,29.4130,29.4401,29.4783,29.5277,29.5885,29.6610,29.7454,29.8420,29.9513,30.0736,30.2093,30.3586,30.5222,30.7003,30.8935,31.1021,31.3268,31.5683,31.8275
919,29.3950,29.4004,29.4167,29.4438,29.4821,29.5315,29.5923,29.6649,29.7494,29.8461,29.9555,30.0779,30.2136,30.3631,30.5267,30.7050,30.8982,31.1070,31.3318,31.5735,31.8330
920,29.3986,29.4041,29.4203,29.4475,29.4858,29.5353,29.5962,29.6688,29.7533,29.8502,29.9596,30.0821,30.2179,30.3675,30.5312,30.7096,30.9029,31.1118,31.3369,31.5787,31.8385
921,29.4023,29.4077,29.4240,29.4513,29.4896,29.5391,29.6000,29.6727,29.7573,29.8542,29.9638,30.0863,30.2222,30.3719,30.5358,30.7142,30.9077,31.1167,31.3419,31.5840,31.8440
922,29.4060,29.4114,29.4277,29.4550,29.4933,29.5429,29.6039,29.6766,29.7613,29.8583,29.9679,30.0906,30.2266,30.3764,30.5403,30.7188,30.9124,31.1216,31.3469,31.5893,31.8495
923,29.4096,29.4151,29.4314,29.4587,29.4971,29.5467,29.6078,29.6805,29.7653,29.8624,29.9721,30.0948,30.2309,30.3808,30.5448,30.7235,30.9172,31.1265,31.3520,31.5945,31.8550
924,29.4133,29.4187,29.4351,29.4624,29.5008,29.5505,29.6116,29.6845,29.7693,29.8665,29.9763,30.0991,30.2353,30.3852,30.5494,30.7281,30.9220,31.1314,31.3571,31.5998,31.8605
925,29.4170,29.4224,29.4388,29.4661,29.5046,29.5543,29.6155,29.6884,29.7733,29.8705,29.9804,30.1033,30.2396,30.3897,30.5539,30.7328,30.9267,31.1363,31.3622,31.6051,31.8661
926,29.4207,29.4261,29.4425,29.4699,29.5083,29.5581,29.6194,29.6923,29.7773,29.8746,29.9846,30.1076,30.2439,30.3941,30.5584,30.7374,30.9315,31.1412,31.3672,31.6104,31.8716
927,29.4243,29.4298,29.4462,29.4736,29.5121,29.5619,29.6232,29.6963,29.7813,29.8787,29.9888,30.1118,30.2483,30.3985,30.5630,30.7421,30.9363,31.1461,31.3723,31.6157,31.8772
928,29.4280,29.4335,29.4499,29.4773,29.5159,29.5657,29.6271,29.7002,29.7853,29.8828,29.9929,30.1161,30.2526,30.4030,30.5675,30.7467,30.9410,31.1511,31.3774,31.6210,31.8828
929,29.4317,29.4372,29.4536,29.4811,29.5197,29.5696,29.6310,29.7041,29.7893,29.8869,29.9971,30.1203,30.2570,30.4074,30.5721,30.7514,30.9458,31.1560,31.3825,31.6263,31.8883
930,29.4354,29.4409,29.4573,29.4848,29.5234,29.5734,29.6349,29.7081,29.7934,29.8910,30.0013,30.1246,30.2613,30.4119,30.5766,30.7560,30.9506,31.1609,31.3877,31.6316,31.8939
931,29.4391,29.4446,29.4610,29.4886,29.5272,29.5772,29.6387,29.7120,29.7974,29.8951,30.0054,30.1288,30.2657,30.4163,30.5812,30.7607,30.9554,31.1659,31.3928,31.6370,31.8995
932,29.4428,29.4483,29.4648,29.4923,29.5310,29.5810,29.6426,29.7160,29.8014,29.8992,30.0096,30.1331,30.2700,30.4208,30.5857,30.7654,30.9602,31.1708,31.3979,31.6423,31.9051
933,29.4465,29.4520,29.4685,29.4961,29.5348,29.5849,29.6465,29.7199,29.8054,29.9033,30.0138,30.1374,30.2744,30.4252,30.5903,30.7701,30.9650,31.1758,31.4031,31.6477,31.9107
934,29.4502,29.4557,29.4722,29.4998,29.5386,29.5887,29.6504,29.7239,29.8094,29.9074,30.0180,30.1416,30.2788,30.4297,30.5949,30.7747,30.9698,31.1808,31.4082,31.6531,31.9163
935,29.4539,29.4594,29.4760,29.5036,29.5424,29.5926,29.6543,29.7278,29.8135,29.9115,30.0222,30.1459,30.2831,30.4341,30.5994,30.7794,30.9747,31.1857,31.4134,31.6584,31.9219
936,29.4577,29.4632,29.4797,29.5073,29.5462,29.5964,29.6582,29.7318,29.8175,29.9156,30.0263,30.1502,30.2875,30.4386,30.6040,30.7841,30.9795,31.1907,31.4185,31.6638,31.9276
937,29.4614,29.4669,29.4834,29.5111,29.5500,29.6002,29.6621,29.7358,29.8215,29.9197,30.0305,30.1545,30.2918,30.4431,30.6086,30.7888,30.9843,31.1957,31.4237,31.6692,31.9332
938,29.4651,29.4706,29.4872,29.5149,29.5538,29.6041,29.6660,29.7397,29.8256,29.9238,30.0347,30.1587,30.2962,30.4475,30.6131,30.7935,30.9891,31.2007,31.4289,31.6746,31.9388
939,29.4688,29.4743,29.4909,29.5186,29.5576,29.6080,29.6699,29.7437,29.8296,29.9279,30.0389,30.1630,30.3006,30.4520,30.6177,30.7982,30.9940,31.2057,31.4341,31.6800,31.9445
940,29.4726,29.4781,29.4947,29.5224,29.5614,29.6118,29.6738,29.7477,29.8336,29.9320,30.0431,30.1673,30.3050,30.4565,30.6223,30.8029,30.9988,31.2107,31.4392,31.6854,31.9501
941,29.4763,29.4818,29.4984,29.5262,29.5652,29.6157,29.6777,29.7516,29.8377,29.9361,30.0473,30.1716,30.3093,30.4610,30.6269,30.8076,31.0037,31.2157,31.4444,31.6908,31.9558
942,29.4800,29.4856,29.5022,29.5300,29.5690,29.6195,29.6816,29.7556,29.8417,29.9402,30.0515,30.1759,30.3137,30.4654,30.6315,30.8123,31.0085,31.2207,31.4497,31.6962,31.9615
943,29.4838,29.4893,29.5060,29.5338,29.5729,29.6234,29.6856,29.7596,29.8458,29.9444,30.0557,30.1802,30.3181,30.4699,30.6361,30.8170,31.0134,31.2257,31.4549,31.7017,31.9671
944,29.4875,29.4931,29.5097,29.5376,29.5767,29.6273,29.6895,29.7636,29.8498,29.9485,30.0599,30.1845,30.3225,30.4744,30.6407,30.8218,31.0182,31.2308,31.4601,31.7071,31.9728
945,29.4913,29.4968,29.5135,29.5413,29.5805,29.6311,29.6934,29.7676,29.8539,29.9526,30.0641,30.1887,30.3269,30.4789,30.6453,30.8265,31.0231,31.2358,31.4653,31.7125,31.9785
946,29.4950,29.5006,29.5173,29.5451,29.5843,29.6350,29.6973,29.7716,29.8579,29.9567,30.0683,30.1930,30.3313,30.4834,30.6499,30.8312,31.0280,31.2408,31.4705,31.7180,31.9842
947,29.4988,29.5043,29.5210,29.5489,29.5882,29.6389,29.7013,29.7755,29.8620,29.9609,30.0725,30.1973,30.3357,30.4879,30.6545,30.8359,31.0329,31.2459,31.4758,31.7234,31.9899
948,29.5025,29.5081,29.5248,29.5527,29.5920,29.6428,29.7052,29.7795,29.8660,29.9650,30.0768,30.2016,30.3400,30.4924,30.6591,30.8407,31.0377,31.2509,31.4810,31.7289,31.9956
949,29.5063,29.5119,29.5286,29.5566,29.5959,29.6467,29.7091,29.7835,29.8701,29.9691,30.0810,30.2059,30.3444,30.4969,30.6637,30.8454,31.0426,31.2560,31.4863,31.7344,32.0014
950,29.5100,29.5156,29.5324,29.5604,29.5997,29.6505,29.7131,29.7875,29.8742,29.9733,30.0852,30.2103,30.3488,30.5014,30.6683,30.8502,31.0475,31.2611,31.4915,31.7399,32.0071
951,29.5138,29.5194,29.5362,29.5642,29.6035,29.6544,29.7170,29.7915,29.8782,29.9774,30.0894,30.2146,30.3533,30.5059,30.6729,30.8549,31.0524,31.2661,31.4968,31.7453,32.0128
952,29.5176,29.5232,29.5400,29.5680,29.6074,29.6583,29.7210,29.7955,29.8823,29.9816,30.0936,30.2189,30.3577,30.5104,30.6776,30.8597,31.0573,31.2712,31.5021,31.7508,32.0185
953,29.5214,29.5270,29.5437,29.5718,29.6113,29.6622,29.7249,29.7995,29.8864,29.9857,30.0979,30.2232,30.3621,30.5149,30.6822,30.8645,31.0622,31.2763,31.5073,31.7563,32.0243
954,29.5251,29.5307,29.5475,29.5756,29.6151,29.6661,29.7289,29.8036,29.8905,29.9899,30.1021,30.2275,30.3665,30.5194,30.6868,30.8692,31.0672,31.2814,31.5126,31.7618,32.0300
955,29.5289,29.5345,29.5513,29.5795,29.6190,29.6700,29.7328,29.8076,29.8945,29.9940,30.1063,30.2318,30.3709,30.5240,30.6915,30.8740,31.0721,31.2865,31.5179,31.7673,32.0358
956,29.5327,29.5383,29.5552,29.5833,29.6228,29.6739,29.7368,29.8116,29.8986,29.9982,30.1106,30.2362,30.3753,30.5285,30.6961,30.8788,31.0770,31.2916,31.5232,31.7729,32.0415
957,29.5365,29.5421,29.5590,29.5871,29.6267,29.6778,29.7407,29.8156,29.9027,30.0023,30.1148,30.2405,30.3797,30.5330,30.7008,30.8835,31.0819,31.2967,31.5285,31.7784,32.0473
958,29.5403,29.5459,29.5628,29.5910,29.6306,29.6817,29.7447,29.8196,29.9068,30.0065,30.1190,30.2448,30.3842,30.5375,30.7054,30.8883,31.0869,31.3018,31.5338,31.7839,32.0531
959,29.5441,29.5497,29.5666,29.5948,29.6344,29.6857,29.7487,29.8236,29.9109,30.0107,30.1233,30.2491,30.3886,30.5421,30.7101,30.8931,31.0918,31.3069,31.5391,31.7894,32.0589
960,29.5479,29.5535,29.5704,29.5986,29.6383,29.6896,29.7526,29.8277,29.9150,30.0148,30.1275,30.2535,30.3930,30.5466,30.7147,30.8979,31.0968,31.3120,31.5444,31.7950,32.0646
961,29.5517,29.5573,29.5742,29.6025,29.6422,29.6935,29.7566,29.8317,29.9191,30.0190,30.1318,30.2578,30.3975,30.5512,30.7194,30.9027,31.1017,31.3171,31.5498,31.8005,32.0703
962,29.5555,29.5611,29.5780,29.6063,29.6461,29.6974,29.7606,29.8357,29.9232,30.0232,30.1360,30.2622,30.4019,30.5557,30.7241,30.9075,31.1067,31.3223,31.5551,31.8060,32.0759
963,29.5593,29.5649,29.5819,29.6102,29.6500,29.7013,29.7645,29.8398,29.9273,30.0273,30.1403,30.2665,30.4063,30.5603,30.7287,30.9123,31.1117,31.3274,31.5604,31.8115,32.0814
964,29.5631,29.5688,29.5857,29.6140,29.6538,29.7053,29.7685,29.8438,29.9314,30.0315,30.1445,30.2708,30.4108,30.5648,30.7334,30.9171,31.1166,31.3326,31.5657,31.8170,32.0869
965,29.5669,29.5726,29.5895,29.6179,29.6577,29.7092,29.7725,29.8478,29.9355,30.0357,30.1488,30.2752,30.4152,30.5694,30.7381,30.9220,31.1216,31.3377,31.5711,31.8225,32.0924
966,29.5707,29.5764,29.5934,29.6218,29.6616,29.7131,29.7765,29.8519,29.9396,30.0399,30.1531,30.2795,30.4197,30.5739,30.7428,30.9268,31.1266,31.3428,31.5764,31.8279,32.0978
967,29.5746,29.5802,29.5972,29.6256,29.6655,29.7171,29.7805,29.8559,29.9437,30.0441,30.1573,30.2839,30.4241,30.5785,30.7475,30.9316,31.1316,31.3480,31.5817,31.8333,32.1032
968,29.5784,29.5840,29.6011,29.6295,29.6694,29.7210,29.7845,29.8600,29.9478,30.0482,30.1616,30.2883,30.4286,30.5831,30.7522,30.9364,31.1365,31.3531,31.5870,31.8387,32.1086
969,29.5822,29.5879,29.6049,29.6334,29.6733,29.7250,29.7885,29.8640,29.9519,30.0524,30.1659,30.2926,30.4331,30.5876,30.7569,30.9413,31.1415,31.3583,31.5923,31.8441,32.1140
970,29.5860,29.5917,29.6088,29.6372,29.6772,29.7289,29.7925,29.8681,29.9560,30.0566,30.1702,30.2970,30.4375,30.5922,30.7616,30.9461,31.1465,31.3634,31.5976,31.8495,32.1194
971,29.5899,29.5956,29.6126,29.6411,29.6811,29.7329,29.7965,29.8721,29.9602,30.0608,30.1744,30.3014,30.4420,30.5968,30.7663,30.9510,31.1515,31.3686,31.6028,31.8548,32.1247
972,29.5937,29.5994,29.6165,29.6450,29.6851,29.7368,29.8005,29.8762,29.9643,30.0650,30.1787,30.3057,30.4465,30.6014,30.7710,30.9558,31.1565,31.3737,31.6081,31.8601,32.1300
973,29.5976,29.6032,29.6203,29.6489,29.6890,29.7408,29.8045,29.8803,29.9684,30.0692,30.1830,30.3101,30.4509,30.6060,30.7757,30.9607,31.1615,31.3789,31.6134,31.8655,32.1353
974,29.6014,29.6071,29.6242,29.6527,29.6929,29.7447,29.8085,29.8843,29.9725,30.0734,30.1873,30.3145,30.4554,30.6106,30.7804,30.9655,31.1665,31.3840,31.6186,31.8708,32.1406
975,29.6052,29.6109,29.6280,29.6566,29.6968,29.7487,29.8125,29.8884,29.9767,30.0776,30.1916,30.3189,30.4599,30.6152,30.7851,30.9704,31.1715,31.3891,31.6239,31.8761,32.1459
976,29.6091,29.6148,29.6319,29.6605,29.7007,29.7527,29.8165,29.8925,29.9808,30.0818,30.1959,30.3232,30.4644,30.6198,30.7898,30.9752,31.1765,31.3943,31.6291,31.8814,32.1511
977,29.6129,29.6187,29.6358,29.6644,29.7047,29.7566,29.8205,29.8965,29.9850,30.0861,30.2002,30.3276,30.4689,30.6244,30.7946,30.9801,31.1815,31.3994,31.6343,31.8866,32.1564
978,29.6168,29.6225,29.6397,29.6683,29.7086,29.7606,29.8245,29.9006,29.9891,30.0903,30.2045,30.3320,30.4734,30.6290,30.7993,30.9849,31.1865,31.4045,31.6395,31.8919,32.1616
979,29.6207,29.6264,29.6435,29.6722,29.7125,29.7646,29.8286,29.9047,29.9932,30.0945,30.2088,30.3364,30.4779,30.6336,30.8040,30.9898,31.1915,31.4096,31.6447,31.8971,32.1668
980,29.6245,29.6302,29.6474,29.6761,29.7165,29.7685,29.8326,29.9088,29.9974,30.0987,30.2131,30.3408,30.4824,30.6382,30.8088,30.9947,31.1965,31.4147,31.6499,31.9024,32.1721
981,29.6284,29.6341,29.6513,29.6800,29.7204,29.7725,29.8366,29.9129,30.0015,30.1029,30.2174,30.3452,30.4869,30.6428,30.8135,30.9995,31.2015,31.4199,31.6551,31.9076,32.1773
982,29.6323,29.6380,29.6552,29.6839,29.7243,29.7765,29.8406,29.9170,30.0057,30.1072,30.2217,30.3496,30.4914,30.6474,30.8182,31.0044,31.2065,31.4250,31.6603,31.9128,32.1825
983,29.6361,29.6419,29.6591,29.6879,29.7283,29.7805,29.8447,29.9210,30.0099,30.1114,30.2260,30.3540,30.4959,30.6520,30.8230,31.0093,31.2115,31.4301,31.6655,31.9180,32.1876
984,29.6400,29.6457,29.6630,29.6918,29.7322,29.7845,29.8487,29.9251,30.0140,30.1156,30.2303,30.3584,30.5004,30.6567,30.8277,31.0142,31.2165,31.4352,31.6707,31.9232,32.1928
985,29.6439,29.6496,29.6669,29.6957,29.7362,29.7885,29.8528,29.9292,30.0182,30.1199,30.2346,30.3628,30.5049,30.6613,30.8325,31.0190,31.2214,31.4402,31.6758,31.9284,32.1980
986,29.6478,29.6535,29.6708,29.6996,29.7401,29.7925,29.8568,29.9333,30.0223,30.1241,30.2390,30.3673,30.5094,30.6659,30.8372,31.0239,31.2264,31.4453,31.6810,31.9336,32.2031
987,29.6516,29.6574,29.6747,29.7035,29.7441,29.7965,29.8608,29.9374,30.0265,30.1283,30.2433,30.3717,30.5139,30.6706,30.8420,31.0288,31.2314,31.4504,31.6861,31.9388,32.2083
988,29.6555,29.6613,29.6786,29.7075,29.7480,29.8005,29.8649,29.9415,30.0307,30.1326,30.2476,30.3761,30.5185,30.6752,30.8467,31.0336,31.2364,31.4555,31.6913,31.9439,32.2134
989,29.6594,29.6652,29.6825,29.7114,29.7520,29.8045,29.8689,29.9457,30.0349,30.1368,30.2519,30.3805,30.5230,30.6798,30.8515,31.0385,31.2414,31.4606,31.6964,31.9491,32.2185
990,29.6633,29.6691,29.6864,29.7153,29.7560,29.8085,29.8730,29.9498,30.0390,30.1411,30.2563,30.3849,30.5275,30.6845,30.8562,31.0434,31.2464,31.4656,31.7015,31.9542,32.2237
991,29.6672,29.6730,29.6903,29.7193,29.7599,29.8125,29.8771,29.9539,30.0432,30.1453,30.2606,30.3894,30.5321,30.6891,30.8610,31.0483,31.2513,31.4707,31.7067,31.9594,32.2288
992,29.6711,29.6769,29.6942,29.7232,29.7639,29.8165,29.8811,29.9580,30.0474,30.1496,30.2650,30.3938,30.5366,30.6938,30.8658,31.0531,31.2563,31.4758,31.7118,31.9645,32.2339
993,29.6750,29.6808,29.6982,29.7272,29.7679,29.8205,29.8852,29.9621,30.0516,30.1539,30.2693,30.3983,30.5411,30.6984,30.8705,31.0580,31.2613,31.4808,31.7169,31.9696,32.2390
994,29.6789,29.6847,29.7021,29.7311,29.7719,29.8245,29.8892,29.9662,30.0558,30.1581,30.2736,30.4027,30.5457,30.7030,30.8753,31.0629,31.2663,31.4859,31.7220,31.9748,32.2441
995,29.6828,29.6886,29.7060,29.7350,29.7758,29.8285,29.8933,29.9704,30.0600,30.1624,30.2780,30.4071,30.5502,30.7077,30.8800,31.0677,31.2712,31.4909,31.7271,31.9799,32.2491
996,29.6867,29.6925,29.7099,29.7390,29.7798,29.8326,29.8974,29.9745,30.0642,30.1667,30.2824,30.4116,30.5548,30.7124,30.8848,31.0726,31.2762,31.4960,31.7322,31.9850,32.2542
997,29.6907,29.6965,29.7139,29.7430,29.7838,29.8366,29.9015,29.9786,30.0684,30.1709,30.2867,30.4160,30.5593,30.7170,30.8896,31.0775,31.2812,31.5010,31.7373,31.9901,32.2593
998,29.6946,29.7004,29.7178,29.7469,29.7878,29.8406,29.9055,29.9828,30.0726,30.1752,30.2911,30.4205,30.5639,30.7217,30.8943,31.0823,31.2861,31.5060,31.7424,31.9952,32.2644
999,29.6985,29.7043,29.7217,29.7509,29.7918,29.8447,29.9096,29.9869,30.0768,30.1795,30.2954,30.4249,30.5684,30.7263,30.8991,31.0872,31.2911,31.5111,31.7474,32.0002,32.2694
1000,29.7024,29.7082,29.7257,29.7548,29.7958,29.8487,29.9137,29.9910,30.0810,30.1838,30.2998,30.4294,30.5730,30.7310,30.9039,31.0921,31.2960,31.5161,31.7525,32.0053,32.2745
1001,29.7063,29.7122,29.7296,29.7588,29.7998,29.8527,29.9178,29.9952,30.0852,30.1881,30.3042,30.4339,30.5775,30.7356,30.9086,31.0969,31.3010,31.5211,31.7576,32.0104,32.2795
1002,29.7103,29.7161,29.7336,29.7628,29.8038,29.8568,29.9219,29.9993,30.0894,30.1923,30.3085,30.4383,30.5821,30.7403,30.9134,31.1018,31.3059,31.5261,31.7626,32.0155,32.2845
1003,29.7142,29.7200,29.7375,29.7667,29.8078,29.8608,29.9260,30.0035,30.0936,30.1966,30.3129,30.4428,30.5867,30.7450,30.9182,31.1067,31.3109,31.5312,31.7677,32.0205,32.2896
1004,29.7181,29.7240,29.7415,29.7707,29.8118,29.8649,29.9301,30.0076,30.0978,30.2009,30.3173,30.4472,30.5912,30.7496,30.9229,31.1115,31.3158,31.5362,31.7727,32.0256,32.2946
1005,29.7221,29.7279,29.7454,29.7747,29.8158,29.8689,29.9342,30.0118,30.1020,30.2052,30.3217,30.4517,30.5958,30.7543,30.9277,31.1164,31.3208,31.5412,31.7778,32.0306,32.2996
1006,29.7260,29.7319,29.7494,29.7787,29.8198,29.8730,29.9383,30.0159,30.1063,30.2095,30.3260,30.4562,30.6004,30.7590,30.9325,31.1213,31.3257,31.5462,31.7828,32.0357,32.3046
1007,29.7300,29.7358,29.7534,29.7827,29.8238,29.8770,29.9424,30.0201,30.1105,30.2138,30.3304,30.4607,30.6049,30.7636,30.9372,31.1261,31.3307,31.5512,31.7878,32.0407,32.3096
1008,29.7339,29.7398,29.7573,29.7867,29.8279,29.8811,29.9465,30.0243,30.1147,30.2181,30.3348,30.4651,30.6095,30.7683,30.9420,31.1310,31.3356,31.5562,31.7929,32.0457,32.3146
1009,29.7379,29.7437,29.7613,29.7906,29.8319,29.8851,29.9506,30.0284,30.1190,30.2224,30.3392,30.4696,30.6141,30.7730,30.9468,31.1358,31.3405,31.5612,31.7979,32.0508,32.3196
1010,29.7418,29.7477,29.7653,29.7946,29.8359,29.8892,29.9547,30.0326,30.1232,30.2268,30.3436,30.4741,30.6187,30.7777,30.9515,31.1407,31.3455,31.5662,31.8029,32.0558,32.3246
1011,29.7458,29.7516,29.7692,29.7986,29.8399,29.8933,29.9588,30.0368,30.1274,30.2311,30.3480,30.4786,30.6232,30.7823,30.9563,31.1455,31.3504,31.5711,31.8079,32.0608,32.3296
1012,29.7497,29.7556,29.7732,29.8026,29.8440,29.8973,29.9629,30.0410,30.1317,30.2354,30.3524,30.4831,30.6278,30.7870,30.9611,31.1504,31.3553,31.5761,31.8129,32.0658,32.3346
1013,29.7537,29.7596,29.7772,29.8066,29.8480,29.9014,29.9671,30.0451,30.1359,30.2397,30.3568,30.4876,30.6324,30.7917,30.9658,31.1553,31.3603,31.5811,31.8179,32.0708,32.3396
1014,29.7577,29.7635,29.7812,29.8106,29.8520,29.9055,29.9712,30.0493,30.1402,30.2440,30.3612,30.4921,30.6370,30.7964,30.9706,31.1601,31.3652,31.5861,31.8229,32.0758,32.3446
1015,29.7616,29.7675,29.7852,29.8147,29.8561,29.9096,29.9753,30.0535,30.1444,30.2483,30.3656,30.4965,30.6416,30.8010,30.9754,31.1650,31.3701,31.5910,31.8279,32.0808,32.3495
1016,29.7656,29.7715,29.7892,29.8187,29.8601,29.9137,29.9794,30.0577,30.1487,30.2527,30.3700,30.5010,30.6461,30.8057,30.9801,31.1698,31.3750,31.5960,31.8329,32.0858,32.3545
1017,29.7696,29.7755,29.7932,29.8227,29.8642,29.9177,29.9836,30.0619,30.1529,30.2570,30.3744,30.5055,30.6507,30.8104,30.9849,31.1746,31.3799,31.6010,31.8379,32.0908,32.3594
1018,29.7736,29.7795,29.7971,29.8267,29.8682,29.9218,29.9877,30.0661,30.1572,30.2613,30.3788,30.5100,30.6553,30.8151,30.9897,31.1795,31.3848,31.6059,31.8429,32.0958,32.3644
1019,29.7775,29.7834,29.8011,29.8307,29.8723,29.9259,29.9919,30.0703,30.1615,30.2657,30.3832,30.5145,30.6599,30.8198,30.9944,31.1843,31.3897,31.6109,31.8479,32.1007,32.3694
1020,29.7815,29.7874,29.8051,29.8347,29.8763,29.9300,29.9960,30.0745,30.1657,30.2700,30.3877,30.5190,30.6645,30.8244,30.9992,31.1892,31.3946,31.6158,31.8529,32.1057,32.3743
1021,29.7855,29.7914,29.8092,29.8388,29.8804,29.9341,30.0001,30.0787,30.1700,30.2744,30.3921,30.5235,30.6691,30.8291,31.0040,31.1940,31.3996,31.6208,31.8578,32.1107,32.3795
1022,29.7895,29.7954,29.8132,29.8428,29.8844,29.9382,30.0043,30.0829,30.1743,30.2787,30.3965,30.5280,30.6737,30.8338,31.0087,31.1989,31.4045,31.6257,31.8628,32.1157,32.3847
1023,29.7935,29.7994,29.8172,29.8468,29.8885,29.9423,30.0084,30.0871,30.1785,30.2830,30.4009,30.5326,30.6783,30.8385,31.0135,31.2037,31.4094,31.6307,31.8678,32.1208,32.3900
1024,29.7975,29.8034,29.8212,29.8509,29.8926,29.9464,30.0126,30.0913,30.1828,30.2874,30.4054,30.5371,30.6829,30.8432,31.0183,31.2085,31.4142,31.6356,31.8728,32.1259,32.3954
1025,29.8015,29.8074,29.8252,29.8549,29.8966,29.9505,30.0168,30.0955,30.1871,30.2917,30.4098,30.5416,30.6875,30.8478,31.0230,31.2134,31.4191,31.6406,31.8778,32.1310,32.4008
1026,29.8055,29.8114,29.8292,29.8590,29.9007,29.9546,30.0209,30.0997,30.1914,30.2961,30.4142,30.5461,30.6921,30.8525,31.0278,31.2182,31.4240,31.6455,31.8828,32.1361,32.4063
1027,29.8095,29.8154,29.8332,29.8630,29.9048,29.9588,30.0251,30.1040,30.1957,30.3004,30.4187,30.5506,30.6967,30.8572,31.0326,31.2230,31.4289,31.6505,31.8878,32.1413,32.4118
1028,29.8135,29.8194,29.8373,29.8670,29.9089,29.9629,30.0292,30.1082,30.1999,30.3048,30.4231,30.5551,30.7013,30.8619,31.0373,31.2279,31.4338,31.6554,31.8928,32.1465,32.4174
1029,29.8175,29.8235,29.8413,29.8711,29.9129,29.9670,30.0334,30.1124,30.2042,30.3092,30.4275,30.5596,30.7059,30.8666,31.0421,31.2327,31.4387,31.6604,31.8979,32.1518,32.4230
1030,29.8215,29.8275,29.8453,29.8751,29.9170,29.9711,30.0376,30.1166,30.2085,30.3135,30.4320,30.5642,30.7105,30.8713,31.0468,31.2375,31.4436,31.6653,31.9030,32.1570,32.4286
1031,29.8255,29.8315,29.8494,29.8792,29.9211,29.9752,30.0418,30.1209,30.2128,30.3179,30.4364,30.5687,30.7151,30.8759,31.0516,31.2424,31.4485,31.6703,31.9081,32.1623,32.4343
1032,29.8296,29.8355,29.8534,29.8833,29.9252,29.9794,30.0459,30.1251,30.2171,30.3223,30.4408,30.5732,30.7197,30.8806,31.0564,31.2472,31.4534,31.6753,31.9132,32.1677,32.4399
1033,29.8336,29.8395,29.8574,29.8873,29.9293,29.9835,30.0501,30.1293,30.2214,30.3266,30.4453,30.5777,30.7243,30.8853,31.0611,31.2520,31.4583,31.6803,31.9183,32.1730,32.4457
1034,29.8376,29.8436,29.8615,29.8914,29.9334,29.9876,30.0543,30.1336,30.2257,30.3310,30.4497,30.5823,30.7289,30.8900,31.0659,31.2569,31.4632,31.6853,31.9234,32.1784,32.4514
1035,29.8416,29.8476,29.8655,29.8955,29.9375,29.9918,30.0585,30.1378,30.2300,30.3354,30.4542,30.5868,30.7335,30.8947,31.0706,31.2617,31.4681,31.6903,31.9286,32.1838,32.4572
1036,29.8457,29.8516,29.8696,29.8995,29.9416,29.9959,30.0627,30.1421,30.2343,30.3397,30.4586,30.5913,30.7381,30.8994,31.0754,31.2665,31.4731,31.6953,31.9338,32.1892,32.4629
1037,29.8497,29.8557,29.8736,29.9036,29.9457,30.0001,30.0669,30.1463,30.2386,30.3441,30.4631,30.5958,30.7427,30.9041,31.0802,31.2714,31.4780,31.7003,31.9390,32.1947,32.4687
1038,29.8537,29.8597,29.8777,29.9077,29.9498,30.0042,30.0711,30.1506,30.2429,30.3485,30.4675,30.6004,30.7473,30.9087,31.0849,31.2762,31.4829,31.7054,31.9442,32.2001,32.4746
1039,29.8578,29.8638,29.8817,29.9118,29.9539,30.0084,30.0753,30.1548,30.2473,30.3529,30.4720,30.6049,30.7519,30.9134,31.0897,31.2811,31.4878,31.7104,31.9494,32.2056,32.4804
1040,29.8618,29.8678,29.8858,29.9158,29.9580,30.0125,30.0795,30.1591,30.2516,30.3573,30.4765,30.6094,30.7566,30.9181,31.0945,31.2859,31.4928,31.7155,31.9546,32.2111,32.4863
1041,29.8659,29.8719,29.8899,29.9199,29.9622,30.0167,30.0837,30.1633,30.2559,30.3617,30.4809,30.6140,30.7612,30.9228,31.0992,31.2908,31.4977,31.7206,31.9599,32.2167,32.4922
1042,29.8699,29.8759,29.8939,29.9240,29.9663,30.0208,30.0879,30.1676,30.2602,30.3661,30.4854,30.6185,30.7658,30.9275,31.1040,31.2956,31.5027,31.7257,31.9652,32.2222,32.4981
1043,29.8740,29.8800,29.8980,29.9281,29.9704,30.0250,30.0921,30.1718,30.2645,30.3704,30.4898,30.6231,30.7704,30.9322,31.1088,31.3005,31.5076,31.7308,31.9705,32.2278,32.5040
1044,29.8780,29.8840,29.9021,29.9322,29.9745,30.0292,30.0963,30.1761,30.2689,30.3748,30.4943,30.6276,30.7750,30.9369,31.1135,31.3053,31.5126,31.7359,31.9758,32.2334,32.5100
1045,29.8821,29.8881,29.9062,29.9363,29.9786,30.0333,30.1005,30.1804,30.2732,30.3792,30.4988,30.6321,30.7796,30.9416,31.1183,31.3102,31.5176,31.7410,31.9811,32.2390,32.5160
1046,29.8862,29.8922,29.9102,29.9404,29.9828,30.0375,30.1047,30.1846,30.2775,30.3836,30.5032,30.6367,30.7842,30.9463,31.1231,31.3151,31.5226,31.7461,31.9864,32.2446,32.5219
1047,29.8902,29.8962,29.9143,29.9445,29.9869,30.0417,30.1089,30.1889,30.2819,30.3880,30.5077,30.6412,30.7889,30.9510,31.1279,31.3199,31.5275,31.7513,31.9918,32.2502,32.5279
1048,29.8943,29.9003,29.9184,29.9486,29.9910,30.0458,30.1131,30.1932,30.2862,30.3924,30.5122,30.6458,30.7935,30.9557,31.1327,31.3248,31.5325,31.7564,31.9972,32.2559,32.5340
1049,29.8984,29.9044,29.9225,29.9527,29.9952,30.0500,30.1174,30.1975,30.2905,30.3968,30.5167,30.6503,30.7981,30.9604,31.1375,31.3297,31.5375,31.7616,32.0025,32.2615,32.5400
1050,29.9024,29.9085,29.9266,29.9568,29.9993,30.0542,30.1216,30.2017,30.2949,30.4012,30.5211,30.6549,30.8027,30.9651,31.1422,31.3346,31.5426,31.7667,32.0079,32.2672,32.5460
1051,29.9065,29.9125,29.9307,29.9610,30.0035,30.0584,30.1258,30.2060,30.2992,30.4056,30.5256,30.6594,30.8074,30.9698,31.1470,31.3395,31.5476,31.7719,32.0133,32.2729,32.5521
1052,29.9106,29.9166,29.9348,29.9651,30.0076,30.0626,30.1301,30.2103,30.3036,30.4101,30.5301,30.6640,30.8120,30.9745,31.1518,31.3444,31.5526,31.7771,32.0188,32.2786,32.5582
1053,29.9147,29.9207,29.9389,29.9692,30.0118,30.0668,30.1343,30.2146,30.3079,30.4145,30.5346,30.6685,30.8166,30.9792,31.1566,31.3493,31.5577,31.7823,32.0242,32.2844,32.5643
1054,29.9188,29.9248,29.9430,29.9733,30.0159,30.0709,30.1385,30.2189,30.3123,30.4189,30.5391,30.6731,30.8213,30.9839,31.1614,31.3542,31.5627,31.7876,32.0297,32.2901,32.5704
1055,29.9228,29.9289,29.9471,29.9774,30.0201,30.0751,30.1428,30.2232,30.3166,30.4233,30.5435,30.6776,30.8259,30.9886,31.1663,31.3591,31.5678,31.7928,32.0351,32.2959,32.5765
1056,29.9269,29.9330,29.9512,29.9816,30.0242,30.0793,30.1470,30.2275,30.3210,30.4277,30.5480,30.6822,30.8305,30.9934,31.1711,31.3640,31.5728,31.7980,32.0406,32.3016,32.5827
1057,29.9310,29.9371,29.9553,29.9857,30.0284,30.0835,30.1513,30.2318,30.3253,30.4321,30.5525,30.6868,30.8352,30.9981,31.1759,31.3690,31.5779,31.8033,32.0461,32.3074,32.5888
1058,29.9351,29.9412,29.9594,29.9898,30.0326,30.0877,30.1555,30.2361,30.3297,30.4366,30.5570,30.6913,30.8398,31.0028,31.1807,31.3739,31.5830,31.8086,32.0516,32.3132,32.5950
1059,29.9392,29.9453,29.9635,29.9940,30.0367,30.0919,30.1598,30.2404,30.3340,30.4410,30.5615,30.6959,30.8445,31.0075,31.1855,31.3789,31.5881,31.8138,32.0571,32.3191,32.6012
1060,29.9433,29.9494,29.9676,29.9981,30.0409,30.0961,30.1640,30.2447,30.3384,30.4454,30.5660,30.7005,30.8491,31.0123,31.1904,31.3838,31.5932,31.8191,32.0626,32.3249,32.6074
1061,29.9474,29.9535,29.9718,30.0023,30.0451,30.1004,30.1683,30.2490,30.3428,30.4498,30.5705,30.7050,30.8537,31.0170,31.1952,31.3888,31.5983,31.8244,32.0682,32.3307,32.6136
1062,29.9515,29.9576,29.9759,30.0064,30.0493,30.1046,30.1725,30.2533,30.3471,30.4543,30.5750,30.7096,30.8584,31.0218,31.2000,31.3937,31.6034,31.8297,32.0737,32.3366,32.6198
1063,29.9556,29.9617,29.9800,30.0106,30.0534,30.1088,30.1768,30.2576,30.3515,30.4587,30.5795,30.7142,30.8631,31.0265,31.2049,31.3987,31.6085,31.8351,32.0793,32.3425,32.6260
1064,29.9598,29.9659,29.9841,30.0147,30.0576,30.1130,30.1810,30.2619,30.3559,30.4631,30.5840,30.7187,30.8677,31.0312,31.2097,31.4037,31.6136,31.8404,32.0849,32.3483,32.6323
1065,29.9639,29.9700,29.9883,30.0189,30.0618,30.1172,30.1853,30.2662,30.3602,30.4676,30.5885,30.7233,30.8724,31.0360,31.2146,31.4087,31.6188,31.8457,32.0905,32.3542,32.6385
1066,29.9680,29.9741,29.9924,30.0230,30.0660,30.1214,30.1896,30.2706,30.3646,30.4720,30.5930,30.7279,30.8770,31.0407,31.2195,31.4136,31.6239,31.8511,32.0961,32.3602,32.6448
1067,29.9721,29.9782,29.9966,30.0272,30.0702,30.1257,30.1938,30.2749,30.3690,30.4764,30.5975,30.7325,30.8817,31.0455,31.2243,31.4186,31.6291,31.8564,32.1017,32.3661,32.6511
1068,29.9762,29.9824,30.0007,30.0313,30.0744,30.1299,30.1981,30.2792,30.3734,30.4809,30.6020,30.7371,30.8864,31.0503,31.2292,31.4236,31.6343,31.8618,32.1073,32.3720,32.6574
1069,29.9804,29.9865,30.0048,30.0355,30.0786,30.1341,30.2024,30.2835,30.3778,30.4853,30.6065,30.7417,30.8910,31.0550,31.2341,31.4287,31.6394,31.8672,32.1130,32.3780,32.6637
1070,29.9845,29.9906,30.0090,30.0397,30.0828,30.1384,30.2067,30.2879,30.3821,30.4898,30.6111,30.7463,30.8957,31.0598,31.2390,31.4337,31.6446,31.8726,32.1186,32.3839,32.6700
1071,29.9886,29.9948,30.0131,30.0438,30.0870,30.1426,30.2109,30.2922,30.3865,30.4942,30.6156,30.7508,30.9004,31.0646,31.2438,31.4387,31.6498,31.8780,32.1243,32.3899,32.6764
1072,29.9928,29.9989,30.0173,30.0480,30.0912,30.1468,30.2152,30.2965,30.3909,30.4987,30.6201,30.7554,30.9051,31.0694,31.2487,31.4437,31.6550,31.8834,32.1299,32.3959,32.6827
1073,29.9969,30.0030,30.0215,30.0522,30.0954,30.1511,30.2195,30.3009,30.3953,30.5031,30.6246,30.7600,30.9098,31.0741,31.2536,31.4488,31.6602,31.8888,32.1356,32.4019,32.6890
1074,30.0011,30.0072,30.0256,30.0564,30.0996,30.1553,30.2238,30.3052,30.3997,30.5076,30.6291,30.7646,30.9144,31.0789,31.2585,31.4538,31.6655,31.8943,32.1413,32.4079,32.6954
1075,30.0052,30.0113,30.0298,30.0606,30.1038,30.1596,30.2281,30.3095,30.4041,30.5121,30.6337,30.7693,30.9191,31.0837,31.2634,31.4589,31.6707,31.8997,32.1470,32.4139,32.7018
1076,30.0093,30.0155,30.0339,30.0647,30.1080,30.1638,30.2324,30.3139,30.4085,30.5165,30.6382,30.7739,30.9238,31.0885,31.2684,31.4639,31.6759,31.9052,32.1527,32.4199,32.7082
1077,30.0135,30.0196,30.0381,30.0689,30.1122,30.1681,30.2367,30.3182,30.4129,30.5210,30.6427,30.7785,30.9285,31.0933,31.2733,31.4690,31.6812,31.9106,32.1585,32.4259,32.7146
1078,30.0177,30.0238,30.0423,30.0731,30.1164,30.1723,30.2410,30.3226,30.4173,30.5254,30.6473,30.7831,30.9332,31.0981,31.2782,31.4741,31.6864,31.9161,32.1642,32.4320,32.7210
1079,30.0218,30.0280,30.0464,30.0773,30.1207,30.1766,30.2453,30.3269,30.4217,30.5299,30.6518,30.7877,30.9379,31.1029,31.2831,31.4792,31.6917,31.9216,32.1700,32.4381,32.7274
1080,30.0260,30.0321,30.0506,30.0815,30.1249,30.1808,30.2496,30.3313,30.4261,30.5344,30.6563,30.7923,30.9427,31.1077,31.2881,31.4843,31.6970,31.9271,32.1757,32.4441,32.7338
1081,30.0301,30.0363,30.0548,30.0857,30.1291,30.1851,30.2539,30.3356,30.4305,30.5389,30.6609,30.7969,30.9474,31.1126,31.2930,31.4894,31.7023,31.9326,32.1815,32.4502,32.7401
1082,30.0343,30.0405,30.0590,30.0899,30.1333,30.1894,30.2582,30.3400,30.4349,30.5433,30.6654,30.8016,30.9521,31.1174,31.2980,31.4945,31.7075,31.9381,32.1873,32.4562,32.7463
1083,30.0385,30.0446,30.0632,30.0941,30.1376,30.1936,30.2625,30.3443,30.4394,30.5478,30.6700,30.8062,30.9568,31.1222,31.3029,31.4996,31.7128,31.9436,32.1930,32.4623,32.7524
1084,30.0426,30.0488,30.0674,30.0983,30.1418,30.1979,30.2668,30.3487,30.4438,30.5523,30.6745,30.8108,30.9615,31.1271,31.3079,31.5047,31.7181,31.9492,32.1988,32.4683,32.7585
1085,30.0468,30.0530,30.0715,30.1025,30.1460,30.2022,30.2711,30.3531,30.4482,30.5568,30.6791,30.8155,30.9663,31.1319,31.3129,31.5098,31.7235,31.9547,32.2046,32.4743,32.7646
1086,30.0510,30.0572,30.0757,30.1067,30.1503,30.2065,30.2754,30.3574,30.4526,30.5613,30.6837,30.8201,30.9710,31.1367,31.3179,31.5150,31.7288,31.9602,32.2104,32.4802,32.7707
1087,30.0552,30.0613,30.0799,30.1110,30.1545,30.2107,30.2798,30.3618,30.4570,30.5658,30.6882,30.8248,30.9757,31.1416,31.3228,31.5201,31.7341,31.9658,32.2161,32.4862,32.7767
1088,30.0593,30.0655,30.0841,30.1152,30.1588,30.2150,30.2841,30.3662,30.4615,30.5702,30.6928,30.8294,30.9805,31.1464,31.3278,31.5252,31.7395,31.9713,32.2219,32.4921,32.7827
1089,30.0635,30.0697,30.0883,30.1194,30.1630,30.2193,30.2884,30.3705,30.4659,30.5747,30.6973,30.8341,30.9852,31.1513,31.3328,31.5304,31.7448,31.9769,32.2277,32.4980,32.7886
1090,30.0677,30.0739,30.0925,30.1236,30.1673,30.2236,30.2927,30.3749,30.4703,30.5792,30.7019,30.8387,30.9900,31.1562,31.3378,31.5356,31.7501,31.9824,32.2334,32.5039,32.7946
1091,30.0719,30.0781,30.0967,30.1278,30.1715,30.2279,30.2971,30.3793,30.4748,30.5837,30.7065,30.8434,30.9947,31.1610,31.3428,31.5407,31.7555,31.9880,32.2392,32.5098,32.8005
1092,30.0761,30.0823,30.1009,30.1321,30.1758,30.2322,30.3014,30.3837,30.4792,30.5882,30.7111,30.8480,30.9995,31.1659,31.3478,31.5459,31.7609,31.9935,32.2449,32.5157,32.8064
1093,30.0803,30.0865,30.1051,30.1363,30.1800,30.2364,30.3057,30.3881,30.4836,30.5927,30.7157,30.8527,31.0043,31.1708,31.3529,31.5511,31.7662,31.9991,32.2506,32.5215,32.8123
1094,30.0845,30.0907,30.1094,30.1405,30.1843,30.2407,30.3101,30.3924,30.4881,30.5973,30.7202,30.8574,31.0090,31.1757,31.3579,31.5563,31.7716,32.0047,32.2563,32.5274,32.8182
1095,30.0887,30.0949,30.1136,30.1448,30.1885,30.2450,30.3144,30.3968,30.4925,30.6018,30.7248,30.8620,31.0138,31.1806,31.3629,31.5615,31.7769,32.0102,32.2621,32.5332,32.8241
1096,30.0929,30.0991,30.1178,30.1490,30.1928,30.2493,30.3187,30.4012,30.4970,30.6063,30.7294,30.8667,31.0186,31.1855,31.3680,31.5667,31.7823,32.0158,32.2678,32.5390,32.8299
1097,30.0971,30.1033,30.1220,30.1532,30.1971,30.2536,30.3231,30.4056,30.5014,30.6108,30.7340,30.8714,31.0234,31.1904,31.3730,31.5718,31.7877,32.0213,32.2735,32.5448,32.8358
1098,30.1013,30.1075,30.1262,30.1575,30.2013,30.2579,30.3274,30.4100,30.5059,30.6153,30.7386,30.8761,31.0282,31.1953,31.3780,31.5771,31.7931,32.0268,32.2792,32.5506,32.8416
1099,30.1055,30.1117,30.1305,30.1617,30.2056,30.2623,30.3318,30.4144,30.5103,30.6198,30.7432,30.8808,31.0329,31.2002,31.3831,31.5823,31.7984,32.0324,32.2849,32.5564,32.8475
1100,30.1097,30.1160,30.1347,30.1660,30.2099,30.2666,30.3361,30.4188,30.5148,30.6244,30.7478,30.8855,31.0377,31.2051,31.3881,31.5875,31.8038,32.0379,32.2905,32.5622,32.8533
1101,30.1139,30.1202,30.1389,30.1702,30.2142,30.2709,30.3405,30.4232,30.5193,30.6289,30.7524,30.8902,31.0425,31.2100,31.3932,31.5927,31.8092,32.0435,32.2962,32.5680,32.8591
1102,30.1182,30.1244,30.1432,30.1745,30.2184,30.2752,30.3449,30.4276,30.5237,30.6334,30.7570,30.8949,31.0473,31.2150,31.3983,31.5979,31.8146,32.0490,32.3019,32.5737,32.8649
1103,30.1224,30.1286,30.1474,30.1787,30.2227,30.2795,30.3492,30.4320,30.5282,30.6380,30.7616,30.8996,31.0522,31.2199,31.4033,31.6031,31.8200,32.0545,32.3075,32.5795,32.8706
1104,30.1266,30.1329,30.1516,30.1830,30.2270,30.2838,30.3536,30.4364,30.5327,30.6425,30.7663,30.9043,31.0570,31.2248,31.4084,31.6083,31.8253,32.0601,32.3132,32.5852,32.8764
1105,30.1308,30.1371,30.1559,30.1873,30.2313,30.2882,30.3579,30.4409,30.5371,30.6470,30.7709,30.9090,31.0618,31.2298,31.4135,31.6136,31.8307,32.0656,32.3189,32.5910,32.8822
1106,30.1351,30.1413,30.1601,30.1915,30.2356,30.2925,30.3623,30.4453,30.5416,30.6516,30.7755,30.9137,31.0666,31.2347,31.4186,31.6188,31.8361,32.0711,32.3245,32.5967,32.8879
1107,30.1393,30.1456,30.1644,30.1958,30.2399,30.2968,30.3667,30.4497,30.5461,30.6561,30.7801,30.9184,31.0714,31.2397,31.4236,31.6240,31.8415,32.0766,32.3301,32.6024,32.8937
1108,30.1435,30.1498,30.1686,30.2001,30.2442,30.3011,30.3711,30.4541,30.5506,30.6607,30.7848,30.9231,31.0763,31.2446,31.4287,31.6293,31.8469,32.0822,32.3358,32.6081,32.8994
1109,30.1478,30.1540,30.1729,30.2043,30.2485,30.3055,30.3754,30.4586,30.5551,30.6652,30.7894,30.9279,31.0811,31.2496,31.4338,31.6345,31.8522,32.0877,32.3414,32.6138,32.9052
1110,30.1520,30.1583,30.1771,30.2086,30.2528,30.3098,30.3798,30.4630,30.5596,30.6698,30.7940,30.9326,31.0859,31.2545,31.4389,31.6397,31.8576,32.0932,32.3470,32.6195,32.9109
1111,30.1562,30.1625,30.1814,30.2129,30.2571,30.3141,30.3842,30.4674,30.5641,30.6744,30.7987,30.9373,31.0908,31.2595,31.4440,31.6450,31.8630,32.0987,32.3526,32.6252,32.9166
1112,30.1605,30.1668,30.1856,30.2172,30.2614,30.3185,30.3886,30.4718,30.5685,30.6789,30.8033,30.9421,31.0956,31.2645,31.4491,31.6502,31.8684,32.1042,32.3583,32.6309,32.9223
1113,30.1647,30.1710,30.1899,30.2214,30.2657,30.3228,30.3930,30.4763,30.5730,30.6835,30.8080,30.9468,31.1005,31.2694,31.4542,31.6555,31.8738,32.1097,32.3639,32.6366,32.9281
1114,30.1690,30.1753,30.1942,30.2257,30.2700,30.3272,30.3973,30.4807,30.5775,30.6881,30.8126,30.9516,31.1053,31.2744,31.4593,31.6607,31.8791,32.1152,32.3695,32.6422,32.9338
1115,30.1732,30.1795,30.1984,30.2300,30.2743,30.3315,30.4017,30.4852,30.5821,30.6926,30.8173,30.9563,31.1102,31.2794,31.4644,31.6659,31.8845,32.1207,32.3751,32.6479,32.9395
1116,30.1775,30.1838,30.2027,30.2343,30.2786,30.3359,30.4061,30.4896,30.5866,30.6972,30.8219,30.9611,31.1150,31.2844,31.4695,31.6712,31.8899,32.1262,32.3807,32.6536,32.9451
1117,30.1817,30.1880,30.2070,30.2386,30.2830,30.3402,30.4105,30.4941,30.5911,30.7018,30.8266,30.9658,31.1199,31.2893,31.4747,31.6764,31.8953,32.1317,32.3863,32.6592,32.9508
1118,30.1860,30.1923,30.2113,30.2429,30.2873,30.3446,30.4149,30.4985,30.5956,30.7064,30.8313,30.9706,31.1248,31.2943,31.4798,31.6817,31.9006,32.1372,32.3918,32.6649,32.9565
1119,30.1903,30.1966,30.2155,30.2472,30.2916,30.3489,30.4193,30.5030,30.6001,30.7110,30.8359,30.9754,31.1297,31.2993,31.4849,31.6869,31.9060,32.1427,32.3974,32.6705,32.9622
1120,30.1945,30.2008,30.2198,30.2515,30.2959,30.3533,30.4237,30.5074,30.6046,30.7156,30.8406,30.9801,31.1345,31.3043,31.4900,31.6922,31.9114,32.1482,32.4030,32.6762,32.9679
1121,30.1988,30.2051,30.2241,30.2558,30.3003,30.3577,30.4282,30.5119,30.6091,30.7202,30.8453,30.9849,31.1394,31.3093,31.4951,31.6974,31.9168,32.1537,32.4086,32.6818,32.9735
1122,30.2031,30.2094,30.2284,30.2601,30.3046,30.3620,30.4326,30.5164,30.6137,30.7248,30.8500,30.9897,31.1443,31.3143,31.5003,31.7027,31.9221,32.1591,32.4141,32.6874,32.9792
1123,30.2073,30.2137,30.2327,30.2644,30.3089,30.3664,30.4370,30.5208,30.6182,30.7294,30.8547,30.9945,31.1492,31.3193,31.5054,31.7079,31.9275,32.1646,32.4197,32.6931,32.9848
1124,30.2116,30.2180,30.2370,30.2687,30.3133,30.3708,30.4414,30.5253,30.6227,30.7340,30.8593,30.9992,31.1541,31.3243,31.5105,31.7132,31.9329,32.1701,32.4253,32.6987,32.9905
1125,30.2159,30.2222,30.2413,30.2730,30.3176,30.3752,30.4458,30.5298,30.6273,30.7386,30.8640,31.0040,31.1590,31.3293,31.5156,31.7184,31.9382,32.1756,32.4308,32.7043,32.9961
1126,30.2202,30.2265,30.2456,30.2773,30.3220,30.3795,30.4502,30.5342,30.6318,30.7432,30.8687,31.0088,31.1639,31.3343,31.5208,31.7237,31.9436,32.1810,32.4364,32.7099,33.0018
1127,30.2245,30.2308,30.2499,30.2817,30.3263,30.3839,30.4547,30.5387,30.6363,30.7478,30.8734,31.0136,31.1688,31.3393,31.5259,31.7289,31.9490,32.1865,32.4419,32.7155,33.0074
1128,30.2287,30.2351,30.2542,30.2860,30.3307,30.3883,30.4591,30.5432,30.6409,30.7524,30.8781,31.0184,31.1737,31.3444,31.5310,31.7342,31.9544,32.1920,32.4475,32.7211,33.0130
1129,30.2330,30.2394,30.2585,30.2903,30.3350,30.3927,30.4635,30.5477,30.6454,30.7570,30.8828,31.0232,31.1786,31.3494,31.5362,31.7394,31.9597,32.1974,32.4530,32.7267,33.0187
1130,30.2373,30.2437,30.2628,30.2946,30.3394,30.3971,30.4680,30.5522,30.6500,30.7617,30.8875,31.0280,31.1835,31.3544,31.5413,31.7447,31.9651,32.2029,32.4586,32.7323,33.0243
1131,30.2416,30.2480,30.2671,30.2990,30.3437,30.4015,30.4724,30.5567,30.6545,30.7663,30.8923,31.0328,31.1884,31.3594,31.5464,31.7500,31.9704,32.2084,32.4641,32.7379,33.0299
1132,30.2459,30.2523,30.2714,30.3033,30.3481,30.4059,30.4768,30.5612,30.6591,30.7709,30.8970,31.0376,31.1933,31.3644,31.5516,31.7552,31.9758,32.2138,32.4696,32.7435,33.0355
1133,30.2502,30.2566,30.2757,30.3076,30.3524,30.4103,30.4813,30.5657,30.6637,30.7756,30.9017,31.0424,31.1982,31.3695,31.5567,31.7605,31.9812,32.2193,32.4752,32.7491,33.0411
1134,30.2545,30.2609,30.2800,30.3120,30.3568,30.4147,30.4857,30.5702,30.6682,30.7802,30.9064,31.0472,31.2031,31.3745,31.5619,31.7657,31.9865,32.2247,32.4807,32.7546,33.0467
1135,30.2588,30.2652,30.2843,30.3163,30.3612,30.4191,30.4902,30.5747,30.6728,30.7848,30.9111,31.0521,31.2080,31.3795,31.5670,31.7710,31.9919,32.2302,32.4862,32.7602,33.0524
1136,30.2631,30.2695,30.2887,30.3207,30.3656,30.4235,30.4946,30.5792,30.6774,30.7895,30.9159,31.0569,31.2130,31.3846,31.5722,31.7762,31.9972,32.2356,32.4917,32.7658,33.0580
1137,30.2674,30.2738,30.2930,30.3250,30.3699,30.4279,30.4991,30.5837,30.6819,30.7941,30.9206,31.0617,31.2179,31.3896,31.5773,31.7815,32.0026,32.2411,32.4972,32.7714,33.0636
1138,30.2718,30.2781,30.2973,30.3293,30.3743,30.4323,30.5035,30.5882,30.6865,30.7988,30.9253,31.0665,31.2228,31.3946,31.5824,31.7867,32.0080,32.2465,32.5028,32.7769,33.0691
1139,30.2761,30.2825,30.3017,30.3337,30.3787,30.4367,30.5080,30.5927,30.6911,30.8034,30.9301,31.0714,31.2278,31.3997,31.5876,31.7920,32.0133,32.2520,32.5083,32.7825,33.0747
1140,30.2804,30.2868,30.3060,30.3381,30.3831,30.4411,30.5125,30.5972,30.6957,30.8081,30.9348,31.0762,31.2327,31.4047,31.5927,31.7972,32.0187,32.2574,32.5138,32.7881,33.0803
1141,30.2847,30.2911,30.3103,30.3424,30.3874,30.4456,30.5169,30.6018,30.7003,30.8128,30.9396,31.0810,31.2376,31.4098,31.5979,31.8025,32.0240,32.2628,32.5193,32.7936,33.0860
1142,30.2890,30.2954,30.3147,30.3468,30.3918,30.4500,30.5214,30.6063,30.7048,30.8174,30.9443,31.0859,31.2426,31.4148,31.6030,31.8077,32.0294,32.2683,32.5248,32.7992,33.0916
1143,30.2934,30.2998,30.3190,30.3511,30.3962,30.4544,30.5259,30.6108,30.7094,30.8221,30.9490,31.0907,31.2475,31.4198,31.6082,31.8130,32.0347,32.2737,32.5303,32.8048,33.0973
1144,30.2977,30.3041,30.3234,30.3555,30.4006,30.4588,30.5304,30.6153,30.7140,30.8267,30.9538,31.0956,31.2524,31.4249,31.6133,31.8183,32.0401,32.2791,32.5358,32.8103,33.1030
1145,30.3020,30.3084,30.3277,30.3599,30.4050,30.4633,30.5348,30.6199,30.7186,30.8314,30.9586,31.1004,31.2574,31.4299,31.6185,31.8235,32.0454,32.2846,32.5413,32.8159,33.1087
1146,30.3064,30.3128,30.3321,30.3642,30.4094,30.4677,30.5393,30.6244,30.7232,30.8361,30.9633,31.1053,31.2623,31.4350,31.6236,31.8288,32.0508,32.2900,32.5468,32.8215,33.1144
1147,30.3107,30.3171,30.3364,30.3686,30.4138,30.4722,30.5438,30.6289,30.7278,30.8408,30.9681,31.1101,31.2673,31.4400,31.6288,31.8340,32.0561,32.2954,32.5523,32.8271,33.1201
1148,30.3150,30.3215,30.3408,30.3730,30.4182,30.4766,30.5483,30.6335,30.7324,30.8455,30.9728,31.1150,31.2722,31.4451,31.6340,31.8393,32.0614,32.3009,32.5578,32.8327,33.1258
1149,30.3194,30.3258,30.3451,30.3774,30.4226,30.4810,30.5528,30.6380,30.7371,30.8501,30.9776,31.1198,31.2772,31.4501,31.6391,31.8445,32.0668,32.3063,32.5634,32.8383,33.1316
1150,30.3237,30.3302,30.3495,30.3817,30.4270,30.4855,30.5573,30.6426,30.7417,30.8548,30.9824,31.1247,31.2821,31.4552,31.6443,31.8498,32.0721,32.3117,32.5689,32.8439,33.1373
1151,30.3281,30.3345,30.3538,30.3861,30.4315,30.4899,30.5618,30.6471,30.7463,30.8595,30.9871,31.1295,31.2871,31.4603,31.6494,31.8550,32.0775,32.3172,32.5744,32.8496,33.1431
1152,30.3324,30.3389,30.3582,30.3905,30.4359,30.4944,30.5663,30.6517,30.7509,30.8642,30.9919,31.1344,31.2921,31.4653,31.6546,31.8603,32.0828,32.3226,32.5799,32.8552,33.1488
1153,30.3368,30.3432,30.3626,30.3949,30.4403,30.4989,30.5708,30.6562,30.7555,30.8689,30.9967,31.1393,31.2970,31.4704,31.6597,31.8655,32.0882,32.3280,32.5855,32.8608,33.1546
1154,30.3411,30.3476,30.3670,30.3993,30.4447,30.5033,30.5753,30.6608,30.7602,30.8736,31.0015,31.1441,31.3020,31.4754,31.6649,31.8708,32.0935,32.3335,32.5910,32.8665,33.1603
1155,30.3455,30.3519,30.3713,30.4037,30.4491,30.5078,30.5798,30.6654,30.7648,30.8783,31.0063,31.1490,31.3070,31.4805,31.6701,31.8760,32.0989,32.3389,32.5965,32.8721,33.1661
1156,30.3499,30.3563,30.3757,30.4081,30.4536,30.5122,30.5843,30.6699,30.7694,30.8830,31.0110,31.1539,31.3119,31.4856,31.6752,31.8813,32.1042,32.3443,32.6021,32.8777,33.1719
1157,30.3542,30.3607,30.3801,30.4125,30.4580,30.5167,30.5888,30.6745,30.7740,30.8877,31.0158,31.1588,31.3169,31.4906,31.6804,31.8866,32.1096,32.3498,32.6076,32.8834,33.1776
1158,30.3586,30.3650,30.3845,30.4169,30.4624,30.5212,30.5933,30.6791,30.7787,30.8924,31.0206,31.1636,31.3219,31.4957,31.6855,31.8918,32.1149,32.3552,32.6131,32.8890,33.1834
1159,30.3630,30.3694,30.3889,30.4213,30.4669,30.5257,30.5978,30.6837,30.7833,30.8971,31.0254,31.1685,31.3268,31.5008,31.6907,31.8971,32.1203,32.3607,32.6187,32.8947,33.1892
1160,30.3673,30.3738,30.3932,30.4257,30.4713,30.5301,30.6024,30.6882,30.7880,30.9019,31.0302,31.1734,31.3318,31.5058,31.6959,31.9023,32.1256,32.3661,32.6242,32.9003,33.1950
1161,30.3717,30.3782,30.3976,30.4301,30.4757,30.5346,30.6069,30.6928,30.7926,30.9066,31.0350,31.1783,31.3368,31.5109,31.7010,31.9076,32.1310,32.3716,32.6298,32.9060,33.2008
1162,30.3761,30.3826,30.4020,30.4345,30.4802,30.5391,30.6114,30.6974,30.7973,30.9113,31.0398,31.1832,31.3418,31.5160,31.7062,31.9129,32.1363,32.3770,32.6353,32.9117,33.2065
1163,30.3805,30.3869,30.4064,30.4390,30.4846,30.5436,30.6160,30.7020,30.8019,30.9160,31.0446,31.1881,31.3467,31.5210,31.7114,31.9181,32.1417,32.3825,32.6409,32.9173,33.2123
1164,30.3848,30.3913,30.4108,30.4434,30.4891,30.5481,30.6205,30.7066,30.8066,30.9207,31.0494,31.1930,31.3517,31.5261,31.7165,31.9234,32.1470,32.3879,32.6464,32.9230,33.2181
1165,30.3892,30.3957,30.4152,30.4478,30.4935,30.5526,30.6250,30.7112,30.8112,30.9255,31.0542,31.1978,31.3567,31.5312,31.7217,31.9286,32.1524,32.3934,32.6520,32.9287,33.2239
1166,30.3936,30.4001,30.4196,30.4522,30.4980,30.5570,30.6296,30.7158,30.8159,30.9302,31.0590,31.2027,31.3617,31.5363,31.7269,31.9339,32.1578,32.3988,32.6576,32.9344,33.2297
1167,30.3980,30.4045,30.4240,30.4567,30.5024,30.5615,30.6341,30.7204,30.8205,30.9349,31.0638,31.2076,31.3667,31.5413,31.7320,31.9392,32.1631,32.4043,32.6631,32.9400,33.2356
1168,30.4024,30.4089,30.4285,30.4611,30.5069,30.5660,30.6387,30.7250,30.8252,30.9397,31.0687,31.2125,31.3717,31.5464,31.7372,31.9444,32.1685,32.4098,32.6687,32.9457,33.2414
1169,30.4068,30.4133,30.4329,30.4655,30.5114,30.5705,30.6432,30.7296,30.8299,30.9444,31.0735,31.2174,31.3767,31.5515,31.7424,31.9497,32.1739,32.4152,32.6743,32.9514,33.2472
1170,30.4112,30.4177,30.4373,30.4700,30.5158,30.5751,30.6478,30.7342,30.8345,30.9492,31.0783,31.2223,31.3816,31.5566,31.7476,31.9550,32.1792,32.4207,32.6798,32.9571,33.2530
1171,30.4156,30.4221,30.4417,30.4744,30.5203,30.5796,30.6523,30.7388,30.8392,30.9539,31.0831,31.2273,31.3866,31.5617,31.7528,31.9603,32.1846,32.4262,32.6854,32.9628,33.2588
1172,30.4200,30.4265,30.4461,30.4789,30.5248,30.5841,30.6569,30.7434,30.8439,30.9586,31.0879,31.2322,31.3916,31.5668,31.7579,31.9655,32.1900,32.4316,32.6910,32.9685,33.2646
1173,30.4244,30.4310,30.4506,30.4833,30.5293,30.5886,30.6614,30.7480,30.8486,30.9634,31.0928,31.2371,31.3966,31.5719,31.7631,31.9708,32.1953,32.4371,32.6966,32.9742,33.2705
1174,30.4288,30.4354,30.4550,30.4877,30.5337,30.5931,30.6660,30.7526,30.8533,30.9681,31.0976,31.2420,31.4016,31.5769,31.7683,31.9761,32.2007,32.4426,32.7022,32.9799,33.2763
1175,30.4332,30.4398,30.4594,30.4922,30.5382,30.5976,30.6706,30.7573,30.8579,30.9729,31.1024,31.2469,31.4066,31.5820,31.7735,31.9814,32.2061,32.4481,32.7078,32.9856,33.2821
1176,30.4377,30.4442,30.4639,30.4967,30.5427,30.6021,30.6751,30.7619,30.8626,30.9777,31.1073,31.2518,31.4116,31.5871,31.7787,31.9866,32.2115,32.4536,32.7133,32.9913,33.2880
1177,30.4421,30.4486,30.4683,30.5011,30.5472,30.6067,30.6797,30.7665,30.8673,30.9824,31.1121,31.2567,31.4166,31.5922,31.7838,31.9919,32.2168,32.4590,32.7189,32.9970,33.2938
1178,30.4465,30.4531,30.4727,30.5056,30.5517,30.6112,30.6843,30.7711,30.8720,30.9872,31.1169,31.2616,31.4216,31.5973,31.7890,31.9972,32.2222,32.4645,32.7245,33.0027,33.2996
1179,30.4509,30.4575,30.4772,30.5100,30.5562,30.6157,30.6889,30.7758,30.8767,30.9919,31.1218,31.2666,31.4267,31.6024,31.7942,32.0025,32.2276,32.4700,32.7301,33.0084,33.3055
1180,30.4554,30.4619,30.4816,30.5145,30.5607,30.6203,30.6934,30.7804,30.8814,30.9967,31.1266,31.2715,31.4317,31.6075,31.7994,32.0078,32.2330,32.4755,32.7357,33.0142,33.3113
1181,30.4598,30.4664,30.4861,30.5190,30.5652,30.6248,30.6980,30.7850,30.8861,31.0015,31.1315,31.2764,31.4367,31.6126,31.8046,32.0131,32.2384,32.4810,32.7413,33.0199,33.3172
1182,30.4642,30.4708,30.4905,30.5234,30.5697,30.6293,30.7026,30.7897,30.8908,31.0062,31.1363,31.2813,31.4417,31.6177,31.8098,32.0184,32.2438,32.4865,32.7469,33.0256,33.3230
1183,30.4687,30.4752,30.4950,30.5279,30.5742,30.6339,30.7072,30.7943,30.8955,31.0110,31.1412,31.2863,31.4467,31.6228,31.8150,32.0236,32.2492,32.4920,32.7525,33.0313,33.3289
1184,30.4731,30.4797,30.4994,30.5324,30.5787,30.6384,30.7118,30.7990,30.9002,31.0158,31.1460,31.2912,31.4517,31.6279,31.8202,32.0289,32.2546,32.4975,32.7581,33.0371,33.3347
1185,30.4776,30.4841,30.5039,30.5369,30.5832,30.6430,30.7164,30.8036,30.9049,31.0206,31.1509,31.2961,31.4567,31.6330,31.8254,32.0342,32.2600,32.5030,32.7638,33.0428,33.3406
1186,30.4820,30.4886,30.5084,30.5414,30.5877,30.6475,30.7210,30.8083,30.9096,31.0254,31.1557,31.3011,31.4618,31.6381,31.8306,32.0395,32.2653,32.5085,32.7694,33.0485,33.3464
1187,30.4864,30.4930,30.5128,30.5459,30.5922,30.6521,30.7256,30.8129,30.9144,31.0301,31.1606,31.3060,31.4668,31.6433,31.8358,32.0448,32.2707,32.5140,32.7750,33.0542,33.3523
1188,30.4909,30.4975,30.5173,30.5503,30.5967,30.6566,30.7302,30.8176,30.9191,31.0349,31.1654,31.3110,31.4718,31.6484,31.8410,32.0501,32.2761,32.5195,32.7806,33.0600,33.3581
1189,30.4954,30.5019,30.5218,30.5548,30.6013,30.6612,30.7348,30.8222,30.9238,31.0397,31.1703,31.3159,31.4768,31.6535,31.8462,32.0554,32.2815,32.5250,32.7862,33.0657,33.3640
1190,30.4998,30.5064,30.5262,30.5593,30.6058,30.6658,30.7394,30.8269,30.9285,31.0445,31.1752,31.3208,31.4819,31.6586,31.8514,32.0607,32.2870,32.5305,32.7918,33.0715,33.3699
1191,30.5043,30.5109,30.5307,30.5638,30.6103,30.6703,30.7440,30.8316,30.9332,31.0493,31.1800,31.3258,31.4869,31.6637,31.8566,32.0660,32.2924,32.5360,32.7975,33.0772,33.3757
1192,30.5087,30.5153,30.5352,30.5683,30.6149,30.6749,30.7486,30.8362,30.9380,31.0541,31.1849,31.3307,31.4919,31.6688,31.8618,32.0714,32.2978,32.5415,32.8031,33.0829,33.3816
1193,30.5132,30.5198,30.5397,30.5728,30.6194,30.6795,30.7532,30.8409,30.9427,31.0589,31.1898,31.3357,31.4970,31.6740,31.8671,32.0767,32.3032,32.5470,32.8087,33.0887,33.3875
1194,30.5177,30.5243,30.5442,30.5773,30.6239,30.6840,30.7579,30.8456,30.9474,31.0637,31.1947,31.3406,31.5020,31.6791,31.8723,32.0820,32.3086,32.5526,32.8144,33.0944,33.3933
1195,30.5221,30.5288,30.5486,30.5818,30.6285,30.6886,30.7625,30.8503,30.9522,31.0685,31.1995,31.3456,31.5070,31.6842,31.8775,32.0873,32.3140,32.5581,32.8200,33.1002,33.3992
1196,30.5266,30.5332,30.5531,30.5864,30.6330,30.6932,30.7671,30.8549,30.9569,31.0733,31.2044,31.3506,31.5121,31.6893,31.8827,32.0926,32.3194,32.5636,32.8256,33.1059,33.4051
1197,30.5311,30.5377,30.5576,30.5909,30.6375,30.6978,30.7717,30.8596,30.9616,31.0781,31.2093,31.3555,31.5171,31.6945,31.8879,32.0979,32.3248,32.5691,32.8313,33.1117,33.4110
1198,30.5356,30.5422,30.5621,30.5954,30.6421,30.7024,30.7764,30.8643,30.9664,31.0829,31.2142,31.3605,31.5222,31.6996,31.8932,32.1032,32.3303,32.5747,32.8369,33.1175,33.4169
1199,30.5401,30.5467,30.5666,30.5999,30.6466,30.7069,30.7810,30.8690,30.9711,31.0877,31.2191,31.3654,31.5272,31.7047,31.8984,32.1086,32.3357,32.5802,32.8425,33.1232,33.4228
1200,30.5445,30.5512,30.5711,30.6044,30.6512,30.7115,30.7856,30.8737,30.9759,31.0925,31.2239,31.3704,31.5323,31.7099,31.9036,32.1139,32.3411,32.5857,32.8482,33.1290,33.4286
1201,30.5490,30.5557,30.5756,30.6090,30.6557,30.7161,30.7903,30.8784,30.9806,31.0974,31.2288,31.3754,31.5373,31.7150,31.9088,32.1192,32.3465,32.5913,32.8538,33.1347,33.4344
1202,30.5535,30.5602,30.5801,30.6135,30.6603,30.7207,30.7949,30.8830,30.9854,31.1022,31.2337,31.3803,31.5424,31.7201,31.9141,32.1245,32.3520,32.5968,32.8595,33.1405,33.4402
1203,30.5580,30.5647,30.5847,30.6180,30.6649,30.7253,30.7995,30.8877,30.9901,31.1070,31.2386,31.3853,31.5474,31.7253,31.9193,32.1299,32.3574,32.6023,32.8651,33.1462,33.4459
1204,30.5625,30.5692,30.5892,30.6226,30.6694,30.7299,30.8042,30.8924,30.9949,31.1118,31.2435,31.3903,31.5525,31.7304,31.9245,32.1352,32.3628,32.6079,32.8708,33.1519,33.4516
1205,30.5670,30.5737,30.5937,30.6271,30.6740,30.7345,30.8088,30.8971,30.9997,31.1167,31.2484,31.3953,31.5575,31.7356,31.9298,32.1405,32.3683,32.6134,32.8764,33.1576,33.4572
1206,30.5715,30.5782,30.5982,30.6316,30.6786,30.7391,30.8135,30.9018,31.0044,31.1215,31.2533,31.4002,31.5626,31.7407,31.9350,32.1459,32.3737,32.6189,32.8820,33.1633,33.4629
1207,30.5760,30.5827,30.6027,30.6362,30.6831,30.7437,30.8181,30.9065,31.0092,31.1263,31.2582,31.4052,31.5676,31.7459,31.9403,32.1512,32.3791,32.6245,32.8876,33.1690,33.4685
1208,30.5805,30.5872,30.6072,30.6407,30.6877,30.7484,30.8228,30.9113,31.0140,31.1311,31.2631,31.4102,31.5727,31.7510,31.9455,32.1565,32.3846,32.6300,32.8933,33.1746,33.4741
1209,30.5850,30.5917,30.6118,30.6453,30.6923,30.7530,30.8275,30.9160,31.0187,31.1360,31.2680,31.4152,31.5778,31.7562,31.9507,32.1619,32.3900,32.6355,32.8989,33.1802,33.4797
1210,30.5896,30.5962,30.6163,30.6498,30.6969,30.7576,30.8321,30.9207,31.0235,31.1408,31.2729,31.4202,31.5828,31.7613,31.9560,32.1672,32.3954,32.6411,32.9045,33.1859,33.4852
1211,30.5941,30.6008,30.6208,30.6544,30.7015,30.7622,30.8368,30.9254,31.0283,31.1457,31.2778,31.4252,31.5879,31.7665,31.9612,32.1726,32.4009,32.6466,32.9100,33.1915,33.4908
1212,30.5986,30.6053,30.6254,30.6589,30.7060,30.7668,30.8415,30.9301,31.0330,31.1505,31.2828,31.4301,31.5930,31.7716,31.9665,32.1779,32.4063,32.6521,32.9156,33.1971,33.4963
1213,30.6031,30.6098,30.6299,30.6635,30.7106,30.7715,30.8461,30.9348,31.0378,31.1553,31.2877,31.4351,31.5981,31.7768,31.9717,32.1833,32.4118,32.6576,32.9212,33.2026,33.5019
1214,30.6076,30.6143,30.6345,30.6681,30.7152,30.7761,30.8508,30.9396,31.0426,31.1602,31.2926,31.4401,31.6031,31.7820,31.9770,32.1886,32.4172,32.6632,32.9268,33.2082,33.5074
1215,30.6122,30.6189,30.6390,30.6726,30.7198,30.7807,30.8555,30.9443,31.0474,31.1650,31.2975,31.4451,31.6082,31.7871,31.9822,32.1939,32.4226,32.6687,32.9323,33.2138,33.5129
1216,30.6167,30.6234,30.6435,30.6772,30.7244,30.7853,30.8601,30.9490,31.0522,31.1699,31.3024,31.4501,31.6133,31.7923,31.9875,32.1993,32.4281,32.6742,32.9379,33.2193,33.5184
1217,30.6212,30.6279,30.6481,30.6818,30.7290,30.7900,30.8648,30.9537,31.0570,31.1747,31.3074,31.4551,31.6184,31.7975,31.9927,32.2046,32.4335,32.6797,32.9434,33.2249,33.5239
1218,30.6258,30.6325,30.6527,30.6863,30.7336,30.7946,30.8695,30.9585,31.0618,31.1796,31.3123,31.4601,31.6235,31.8026,31.9980,32.2100,32.4389,32.6852,32.9490,33.2304,33.5293
1219,30.6303,30.6370,30.6572,30.6909,30.7382,30.7993,30.8742,30.9632,31.0665,31.1845,31.3172,31.4651,31.6285,31.8078,32.0033,32.2153,32.4444,32.6907,32.9545,33.2359,33.5348
1220,30.6348,30.6416,30.6618,30.6955,30.7428,30.8039,30.8789,30.9680,31.0713,31.1893,31.3221,31.4701,31.6336,31.8130,32.0085,32.2207,32.4498,32.6962,32.9600,33.2415,33.5402
1221,30.6394,30.6461,30.6663,30.7001,30.7474,30.8085,30.8836,30.9727,31.0761,31.1942,31.3271,31.4751,31.6387,31.8181,32.0138,32.2260,32.4552,32.7016,32.9656,33.2470,33.5457
1222,30.6439,30.6507,30.6709,30.7047,30.7520,30.8132,30.8883,30.9774,31.0809,31.1990,31.3320,31.4802,31.6438,31.8233,32.0190,32.2314,32.4606,32.7071,32.9711,33.2525,33.5511
1223,30.6485,30.6552,30.6755,30.7092,30.7567,30.8178,30.8930,30.9822,31.0857,31.2039,31.3369,31.4852,31.6489,31.8285,32.0243,32.2367,32.4660,32.7126,32.9766,33.2579,33.5566
1224,30.6530,30.6598,30.6800,30.7138,30.7613,30.8225,30.8977,30.9869,31.0906,31.2088,31.3419,31.4902,31.6540,31.8337,32.0296,32.2421,32.4715,32.7181,32.9821,33.2634,33.5620
1225,30.6576,30.6643,30.6846,30.7184,30.7659,30.8272,30.9024,30.9917,31.0954,31.2137,31.3468,31.4952,31.6591,31.8388,32.0348,32.2474,32.4769,32.7235,32.9876,33.2689,33.5674
1226,30.6622,30.6689,30.6892,30.7230,30.7705,30.8318,30.9071,30.9964,31.1002,31.2185,31.3518,31.5002,31.6642,31.8440,32.0401,32.2527,32.4823,32.7290,32.9930,33.2744,33.5728
1227,30.6667,30.6735,30.6937,30.7276,30.7751,30.8365,30.9118,31.0012,31.1050,31.2234,31.3567,31.5052,31.6693,31.8492,32.0454,32.2581,32.4877,32.7345,32.9985,33.2798,33.5782
1228,30.6713,30.6780,30.6983,30.7322,30.7798,30.8411,30.9165,31.0059,31.1098,31.2283,31.3617,31.5103,31.6744,31.8544,32.0506,32.2634,32.4931,32.7399,33.0040,33.2853,33.5836
1229,30.6758,30.6826,30.7029,30.7368,30.7844,30.8458,30.9212,31.0107,31.1146,31.2332,31.3666,31.5153,31.6795,31.8596,32.0559,32.2688,32.4985,32.7454,33.0094,33.2907,33.5890
1230,30.6804,30.6872,30.7075,30.7414,30.7890,30.8505,30.9259,31.0155,31.1194,31.2380,31.3716,31.5203,31.6846,31.8648,32.0612,32.2741,32.5039,32.7508,33.0149,33.2962,33.5943
1231,30.6850,30.6918,30.7121,30.7460,30.7937,30.8551,30.9306,31.0202,31.1243,31.2429,31.3765,31.5253,31.6897,31.8699,32.0664,32.2794,32.5093,32.7562,33.0204,33.3016,33.5997
1232,30.6896,30.6963,30.7167,30.7506,30.7983,30.8598,30.9353,31.0250,31.1291,31.2478,31.3815,31.5304,31.6948,31.8751,32.0717,32.2848,32.5147,32.7617,33.0258,33.3070,33.6051
1233,30.6941,30.7009,30.7213,30.7553,30.8030,30.8645,30.9400,31.0298,31.1339,31.2527,31.3864,31.5354,31.6999,31.8803,32.0769,32.2901,32.5201,32.7671,33.0312,33.3124,33.6104
1234,30.6987,30.7055,30.7259,30.7599,30.8076,30.8692,30.9448,31.0345,31.1387,31.2576,31.3914,31.5404,31.7050,31.8855,32.0822,32.2954,32.5255,32.7725,33.0367,33.3178,33.6158
1235,30.7033,30.7101,30.7305,30.7645,30.8122,30.8739,30.9495,31.0393,31.1436,31.2625,31.3964,31.5455,31.7101,31.8907,32.0875,32.3008,32.5309,32.7780,33.0421,33.3232,33.6211
1236,30.7079,30.7147,30.7351,30.7691,30.8169,30.8785,30.9542,31.0441,31.1484,31.2674,31.4013,31.5505,31.7153,31.8959,32.0927,32.3061,32.5363,32.7834,33.0475,33.3286,33.6264
1237,30.7125,30.7193,30.7397,30.7737,30.8215,30.8832,30.9589,31.0489,31.1532,31.2723,31.4063,31.5555,31.7204,31.9011,32.0980,32.3114,32.5416,32.7888,33.0529,33.3340,33.6318
1238,30.7171,30.7239,30.7443,30.7784,30.8262,30.8879,30.9637,31.0537,31.1581,31.2772,31.4113,31.5606,31.7255,31.9063,32.1033,32.3168,32.5470,32.7942,33.0584,33.3394,33.6371
1239,30.7217,30.7285,30.7489,30.7830,30.8309,30.8926,30.9684,31.0584,31.1629,31.2821,31.4162,31.5656,31.7306,31.9115,32.1085,32.3221,32.5524,32.7996,33.0638,33.3448,33.6424
1240,30.7263,30.7331,30.7535,30.7876,30.8355,30.8973,30.9731,31.0632,31.1678,31.2870,31.4212,31.5707,31.7357,31.9166,32.1138,32.3274,32.5578,32.8050,33.0692,33.3501,33.6477
1241,30.7309,30.7377,30.7581,30.7923,30.8402,30.9020,30.9779,31.0680,31.1726,31.2919,31.4262,31.5757,31.7408,31.9218,32.1190,32.3327,32.5631,32.8104,33.0746,33.3555,33.6530
1242,30.7355,30.7423,30.7627,30.7969,30.8448,30.9067,30.9826,31.0728,31.1774,31.2968,31.4311,31.5808,31.7459,31.9270,32.1243,32.3381,32.5685,32.8158,33.0799,33.3609,33.6583
1243,30.7401,30.7469,30.7674,30.8015,30.8495,30.9114,30.9874,31.0776,31.1823,31.3017,31.4361,31.5858,31.7511,31.9322,32.1296,32.3434,32.5739,32.8212,33.0853,33.3662,33.6636
1244,30.7447,30.7515,30.7720,30.8062,30.8542,30.9161,30.9921,31.0824,31.1872,31.3066,31.4411,31.5909,31.7562,31.9374,32.1348,32.3487,32.5792,32.8266,33.0907,33.3716,33.6689
1245,30.7493,30.7561,30.7766,30.8108,30.8589,30.9208,30.9969,31.0872,31.1920,31.3115,31.4461,31.5959,31.7613,31.9426,32.1401,32.3540,32.5846,32.8319,33.0961,33.3769,33.6742
1246,30.7539,30.7607,30.7812,30.8155,30.8635,30.9255,31.0016,31.0920,31.1969,31.3165,31.4511,31.6010,31.7664,31.9478,32.1453,32.3593,32.5899,32.8373,33.1015,33.3823,33.6795
1247,30.7585,30.7653,30.7859,30.8201,30.8682,30.9302,31.0064,31.0968,31.2017,31.3214,31.4560,31.6060,31.7716,31.9530,32.1506,32.3646,32.5953,32.8427,33.1068,33.3876,33.6847
1248,30.7631,30.7700,30.7905,30.8248,30.8729,30.9350,31.0111,31.1016,31.2066,31.3263,31.4610,31.6111,31.7767,31.9582,32.1559,32.3699,32.6006,32.8480,33.1122,33.3929,33.6900
1249,30.7677,30.7746,30.7951,30.8294,30.8776,30.9397,31.0159,31.1064,31.2114,31.3312,31.4660,31.6161,31.7818,31.9634,32.1611,32.3752,32.6060,32.8534,33.1175,33.3982,33.6953
1250,30.7724,30.7792,30.7998,30.8341,30.8823,30.9444,31.0207,31.1112,31.2163,31.3361,31.4710,31.6212,31.7869,31.9686,32.1664,32.3806,32.6113,32.8588,33.1229,33.4036,33.7005
1251,30.7770,30.7838,30.8044,30.8388,30.8869,30.9491,31.0254,31.1160,31.2212,31.3411,31.4760,31.6262,31.7921,31.9738,32.1716,32.3859,32.6167,32.8641,33.1282,33.4089,33.7058
1252,30.7816,30.7885,30.8091,30.8434,30.8916,30.9538,31.0302,31.1208,31.2260,31.3460,31.4810,31.6313,31.7972,31.9790,32.1769,32.3912,32.6220,32.8695,33.1336,33.4142,33.7110
1253,30.7863,30.7931,30.8137,30.8481,30.8963,30.9586,31.0350,31.1257,31.2309,31.3509,31.4860,31.6364,31.8023,31.9841,32.1821,32.3965,32.6273,32.8748,33.1389,33.4195,33.7163
1254,30.7909,30.7978,30.8184,30.8528,30.9010,30.9633,31.0397,31.1305,31.2358,31.3559,31.4910,31.6414,31.8074,31.9893,32.1874,32.4018,32.6327,32.8802,33.1443,33.4248,33.7215
1255,30.7955,30.8024,30.8230,30.8574,30.9057,30.9680,31.0445,31.1353,31.2407,31.3608,31.4960,31.6465,31.8126,31.9945,32.1926,32.4070,32.6380,32.8855,33.1496,33.4301,33.7267
1256,30.8002,30.8070,30.8277,30.8621,30.9104,30.9728,31.0493,31.1401,31.2455,31.3657,31.5010,31.6515,31.8177,31.9997,32.1979,32.4123,32.6433,32.8908,33.1549,33.4354,33.7320
1257,30.8048,30.8117,30.8323,30.8668,30.9151,30.9775,31.0541,31.1450,31.2504,31.3707,31.5060,31.6566,31.8228,32.0049,32.2031,32.4176,32.6486,32.8962,33.1602,33.4407,33.7372
1258,30.8095,30.8163,30.8370,30.8715,30.9198,30.9822,31.0588,31.1498,31.2553,31.3756,31.5110,31.6617,31.8280,32.0101,32.2084,32.4229,32.6539,32.9015,33.1655,33.4459,33.7424
1259,30.8141,30.8210,30.8416,30.8761,30.9245,30.9870,31.0636,31.1546,31.2602,31.3806,31.5160,31.6667,31.8331,32.0153,32.2136,32.4282,32.6593,32.9068,33.1709,33.4512,33.7476
1260,30.8187,30.8256,30.8463,30.8808,30.9293,30.9917,31.0684,31.1594,31.2651,31.3855,31.5210,31.6718,31.8382,32.0205,32.2188,32.4335,32.6646,32.9121,33.1762,33.4565,33.7528
1261,30.8234,30.8303,30.8510,30.8855,30.9340,30.9965,31.0732,31.1643,31.2700,31.3904,31.5260,31.6769,31.8433,32.0257,32.2241,32.4388,32.6699,32.9175,33.1815,33.4618,33.7582
1262,30.8281,30.8349,30.8556,30.8902,30.9387,31.0012,31.0780,31.1691,31.2748,31.3954,31.5310,31.6819,31.8485,32.0309,32.2293,32.4440,32.6752,32.9228,33.1868,33.4671,33.7637
1263,30.8327,30.8396,30.8603,30.8949,30.9434,31.0060,31.0828,31.1740,31.2797,31.4003,31.5360,31.6870,31.8536,32.0360,32.2346,32.4493,32.6805,32.9281,33.1921,33.4724,33.7692
1264,30.8374,30.8443,30.8650,30.8996,30.9481,31.0107,31.0876,31.1788,31.2846,31.4053,31.5410,31.6921,31.8587,32.0412,32.2398,32.4546,32.6858,32.9334,33.1974,33.4778,33.7748
1265,30.8420,30.8489,30.8697,30.9043,30.9528,31.0155,31.0924,31.1836,31.2895,31.4102,31.5460,31.6972,31.8639,32.0464,32.2450,32.4599,32.6911,32.9387,33.2027,33.4832,33.7804
1266,30.8467,30.8536,30.8743,30.9090,30.9576,31.0203,31.0972,31.1885,31.2944,31.4152,31.5510,31.7022,31.8690,32.0516,32.2503,32.4651,32.6964,32.9440,33.2081,33.4886,33.7861
1267,30.8514,30.8583,30.8790,30.9137,30.9623,31.0250,31.1020,31.1933,31.2993,31.4201,31.5561,31.7073,31.8741,32.0568,32.2555,32.4704,32.7017,32.9493,33.2134,33.4940,33.7918
1268,30.8560,30.8630,30.8837,30.9184,30.9670,31.0298,31.1068,31.1982,31.3042,31.4251,31.5611,31.7124,31.8793,32.0620,32.2607,32.4757,32.7070,32.9546,33.2188,33.4995,33.7975
1269,30.8607,30.8676,30.8884,30.9231,30.9718,31.0345,31.1116,31.2030,31.3091,31.4301,31.5661,31.7174,31.8844,32.0672,32.2660,32.4810,32.7123,32.9600,33.2241,33.5050,33.8032
1270,30.8654,30.8723,30.8931,30.9278,30.9765,31.0393,31.1164,31.2079,31.3140,31.4350,31.5711,31.7225,31.8895,32.0723,32.2712,32.4862,32.7176,32.9653,33.2295,33.5105,33.8090
1271,30.8701,30.8770,30.8978,30.9325,30.9812,31.0441,31.1212,31.2127,31.3189,31.4400,31.5761,31.7276,31.8947,32.0775,32.2764,32.4915,32.7229,32.9706,33.2349,33.5161,33.8148
1272,30.8747,30.8817,30.9025,30.9372,30.9860,31.0489,31.1260,31.2176,31.3238,31.4449,31.5811,31.7327,31.8998,32.0827,32.2816,32.4968,32.7282,32.9760,33.2403,33.5216,33.8207
1273,30.8794,30.8864,30.9072,30.9419,30.9907,31.0536,31.1308,31.2225,31.3287,31.4499,31.5862,31.7377,31.9049,32.0879,32.2869,32.5020,32.7335,32.9813,33.2457,33.5272,33.8265
1274,30.8841,30.8911,30.9119,30.9467,30.9955,31.0584,31.1356,31.2273,31.3337,31.4549,31.5912,31.7428,31.9101,32.0931,32.2921,32.5073,32.7388,32.9866,33.2512,33.5328,33.8324
1275,30.8888,30.8957,30.9166,30.9514,31.0002,31.0632,31.1405,31.2322,31.3386,31.4598,31.5962,31.7479,31.9152,32.0983,32.2973,32.5125,32.7441,32.9920,33.2566,33.5384,33.8383
1276,30.8935,30.9004,30.9213,30.9561,31.0050,31.0680,31.1453,31.2370,31.3435,31.4648,31.6012,31.7530,31.9203,32.1034,32.3026,32.5178,32.7494,32.9974,33.2621,33.5441,33.8442
1277,30.8982,30.9051,30.9260,30.9608,31.0097,31.0728,31.1501,31.2419,31.3484,31.4698,31.6062,31.7581,31.9254,32.1086,32.3078,32.5231,32.7547,33.0027,33.2676,33.5497,33.8501
1278,30.9029,30.9098,30.9307,30.9656,31.0145,31.0775,31.1549,31.2468,31.3533,31.4747,31.6113,31.7631,31.9306,32.1138,32.3130,32.5283,32.7600,33.0081,33.2731,33.5554,33.8561
1279,30.9076,30.9145,30.9354,30.9703,31.0192,31.0823,31.1598,31.2517,31.3582,31.4797,31.6163,31.7682,31.9357,32.1190,32.3182,32.5336,32.7653,33.0135,33.2786,33.5611,33.8620
1280,30.9123,30.9192,30.9401,30.9750,31.0240,31.0871,31.1646,31.2565,31.3632,31.4847,31.6213,31.7733,31.9408,32.1242,32.3235,32.5389,32.7706,33.0189,33.2841,33.5668,33.8680
1281,30.9170,30.9239,30.9449,30.9798,31.0287,31.0919,31.1694,31.2614,31.3681,31.4897,31.6263,31.7784,31.9460,32.1293,32.3287,32.5442,32.7760,33.0243,33.2896,33.5725,33.8740
1282,30.9217,30.9287,30.9496,30.9845,31.0335,31.0967,31.1742,31.2663,31.3730,31.4946,31.6314,31.7835,31.9511,32.1345,32.3339,32.5494,32.7813,33.0297,33.2952,33.5783,33.8800
1283,30.9264,30.9334,30.9543,30.9892,31.0383,31.1015,31.1791,31.2712,31.3779,31.4996,31.6364,31.7885,31.9562,32.1397,32.3391,32.5547,32.7866,33.0352,33.3008,33.5840,33.8861
1284,30.9311,30.9381,30.9590,30.9940,31.0430,31.1063,31.1839,31.2760,31.3829,31.5046,31.6414,31.7936,31.9614,32.1449,32.3444,32.5600,32.7920,33.0406,33.3063,33.5898,33.8921
1285,30.9358,30.9428,30.9638,30.9987,31.0478,31.1111,31.1888,31.2809,31.3878,31.5096,31.6465,31.7987,31.9665,32.1501,32.3496,32.5653,32.7973,33.0461,33.3119,33.5956,33.8982
1286,30.9405,30.9475,30.9685,31.0035,31.0526,31.1159,31.1936,31.2858,31.3927,31.5145,31.6515,31.8038,31.9716,32.1553,32.3548,32.5706,32.8027,33.0515,33.3175,33.6014,33.9043
1287,30.9453,30.9522,30.9732,31.0082,31.0574,31.1207,31.1984,31.2907,31.3977,31.5195,31.6565,31.8089,31.9768,32.1604,32.3601,32.5759,32.8080,33.0570,33.3231,33.6072,33.9104
1288,30.9500,30.9570,30.9780,31.0130,31.0621,31.1255,31.2033,31.2956,31.4026,31.5245,31.6616,31.8140,31.9819,32.1656,32.3653,32.5811,32.8134,33.0624,33.3287,33.6130,33.9165
1289,30.9547,30.9617,30.9827,31.0177,31.0669,31.1303,31.2081,31.3005,31.4075,31.5295,31.6666,31.8190,31.9871,32.1708,32.3705,32.5864,32.8188,33.0679,33.3344,33.6189,33.9226
1290,30.9594,30.9664,30.9874,31.0225,31.0717,31.1352,31.2130,31.3054,31.4125,31.5345,31.6716,31.8241,31.9922,32.1760,32.3758,32.5917,32.8242,33.0734,33.3400,33.6247,33.9287
1291,30.9642,30.9712,30.9922,31.0273,31.0765,31.1400,31.2178,31.3103,31.4174,31.5395,31.6767,31.8292,31.9973,32.1812,32.3810,32.5970,32.8295,33.0789,33.3457,33.6306,33.9348
1292,30.9689,30.9759,30.9969,31.0320,31.0813,31.1448,31.2227,31.3151,31.4223,31.5445,31.6817,31.8343,32.0025,32.1864,32.3863,32.6024,32.8349,33.0844,33.3513,33.6365,33.9410
1293,30.9736,30.9806,31.0017,31.0368,31.0861,31.1496,31.2275,31.3200,31.4273,31.5494,31.6868,31.8394,32.0076,32.1916,32.3915,32.6077,32.8403,33.0899,33.3570,33.6424,33.9472
1294,30.9783,30.9854,31.0064,31.0416,31.0909,31.1544,31.2324,31.3249,31.4322,31.5544,31.6918,31.8445,32.0127,32.1968,32.3968,32.6130,32.8457,33.0954,33.3627,33.6483,33.9533
1295,30.9831,30.9901,31.0112,31.0463,31.0956,31.1592,31.2373,31.3298,31.4372,31.5594,31.6968,31.8496,32.0179,32.2020,32.4020,32.6183,32.8512,33.1010,33.3684,33.6542,33.9595
1296,30.9878,30.9948,31.0159,31.0511,31.1004,31.1641,31.2421,31.3347,31.4421,31.5644,31.7019,31.8547,32.0230,32.2071,32.4073,32.6236,32.8566,33.1065,33.3741,33.6601,33.9657
1297,30.9926,30.9996,31.0207,31.0559,31.1052,31.1689,31.2470,31.3396,31.4471,31.5694,31.7069,31.8598,32.0282,32.2123,32.4125,32.6290,32.8620,33.1121,33.3798,33.6661,33.9720
1298,30.9973,31.0043,31.0254,31.0606,31.1100,31.1737,31.2519,31.3446,31.4520,31.5744,31.7120,31.8649,32.0333,32.2175,32.4178,32.6343,32.8674,33.1176,33.3855,33.6720,33.9782
1299,31.0021,31.0091,31.0302,31.0654,31.1148,31.1786,31.2567,31.3495,31.4570,31.5794,31.7170,31.8699,32.0385,32.2227,32.4230,32.6396,32.8729,33.1232,33.3913,33.6780,33.9844
1300,31.0068,31.0138,31.0350,31.0702,31.1196,31.1834,31.2616,31.3544,31.4619,31.5844,31.7220,31.8750,32.0436,32.2279,32.4283,32.6450,32.8783,33.1288,33.3970,33.6840,33.9907
1301,31.0116,31.0186,31.0397,31.0750,31.1245,31.1882,31.2665,31.3593,31.4669,31.5894,31.7271,31.8801,32.0488,32.2332,32.4336,32.6503,32.8838,33.1344,33.4028,33.6899,33.9969
1302,31.0163,31.0234,31.0445,31.0798,31.1293,31.1931,31.2713,31.3642,31.4718,31.5944,31.7321,31.8852,32.0539,32.2384,32.4389,32.6557,32.8892,33.1400,33.4086,33.6959,34.0032
1303,31.0211,31.0281,31.0493,31.0846,31.1341,31.1979,31.2762,31.3691,31.4768,31.5994,31.7372,31.8903,32.0591,32.2436,32.4441,32.6610,32.8947,33.1456,33.4143,33.7019,34.0095
1304,31.0258,31.0329,31.0540,31.0893,31.1389,31.2028,31.2811,31.3740,31.4817,31.6044,31.7422,31.8954,32.0642,32.2488,32.4494,32.6664,32.9001,33.1512,33.4201,33.7080,34.0158
1305,31.0306,31.0376,31.0588,31.0941,31.1437,31.2076,31.2860,31.3789,31.4867,31.6094,31.7473,31.9005,32.0694,32.2540,32.4547,32.6718,32.9056,33.1568,33.4259,33.7140,34.0220
1306,31.0354,31.0424,31.0636,31.0989,31.1485,31.2124,31.2908,31.3839,31.4916,31.6144,31.7523,31.9056,32.0745,32.2592,32.4600,32.6771,32.9111,33.1624,33.4317,33.7200,34.0284
1307,31.0401,31.0472,31.0684,31.1037,31.1533,31.2173,31.2957,31.3888,31.4966,31.6194,31.7574,31.9107,32.0797,32.2644,32.4653,32.6825,32.9166,33.1680,33.4376,33.7261,34.0347
1308,31.0449,31.0519,31.0731,31.1085,31.1582,31.2221,31.3006,31.3937,31.5016,31.6244,31.7625,31.9159,32.0848,32.2697,32.4706,32.6879,32.9221,33.1737,33.4434,33.7321,34.0410
1309,31.0497,31.0567,31.0779,31.1133,31.1630,31.2270,31.3055,31.3986,31.5065,31.6294,31.7675,31.9210,32.0900,32.2749,32.4759,32.6933,32.9276,33.1793,33.4492,33.7382,34.0473
1310,31.0544,31.0615,31.0827,31.1181,31.1678,31.2318,31.3104,31.4035,31.5115,31.6345,31.7726,31.9261,32.0952,32.2801,32.4812,32.6987,32.9331,33.1850,33.4551,33.7443,34.0537
1311,31.0592,31.0663,31.0875,31.1229,31.1726,31.2367,31.3153,31.4085,31.5165,31.6395,31.7776,31.9312,32.1003,32.2853,32.4865,32.7041,32.9386,33.1907,33.4609,33.7503,34.0600
1312,31.0640,31.0711,31.0923,31.1277,31.1775,31.2416,31.3201,31.4134,31.5214,31.6445,31.7827,31.9363,32.1055,32.2906,32.4918,32.7095,32.9442,33.1963,33.4668,33.7564,34.0664
1313,31.0688,31.0758,31.0971,31.1325,31.1823,31.2464,31.3250,31.4183,31.5264,31.6495,31.7878,31.9414,32.1107,32.2958,32.4971,32.7149,32.9497,33.2020,33.4727,33.7625,34.0728
1314,31.0735,31.0806,31.1019,31.1374,31.1871,31.2513,31.3299,31.4232,31.5314,31.6545,31.7928,31.9465,32.1158,32.3010,32.5024,32.7203,32.9552,33.2077,33.4785,33.7686,34.0792
1315,31.0783,31.0854,31.1067,31.1422,31.1920,31.2561,31.3348,31.4282,31.5364,31.6595,31.7979,31.9516,32.1210,32.3063,32.5077,32.7257,32.9608,33.2134,33.4844,33.7748,34.0855
1316,31.0831,31.0902,31.1115,31.1470,31.1968,31.2610,31.3397,31.4331,31.5413,31.6645,31.8029,31.9568,32.1262,32.3115,32.5131,32.7312,32.9663,33.2191,33.4903,33.7809,34.0919
1317,31.0879,31.0950,31.1163,31.1518,31.2016,31.2659,31.3446,31.4381,31.5463,31.6696,31.8080,31.9619,32.1314,32.3168,32.5184,32.7366,32.9719,33.2248,33.4962,33.7870,34.0983
1318,31.0927,31.0998,31.1211,31.1566,31.2065,31.2707,31.3495,31.4430,31.5513,31.6746,31.8131,31.9670,32.1366,32.3220,32.5237,32.7420,32.9774,33.2306,33.5022,33.7932,34.1048
1319,31.0975,31.1046,31.1259,31.1614,31.2113,31.2756,31.3544,31.4479,31.5563,31.6796,31.8182,31.9721,32.1417,32.3273,32.5291,32.7475,32.9830,33.2363,33.5081,33.7993,34.1112
1320,31.1023,31.1094,31.1307,31.1663,31.2162,31.2805,31.3593,31.4529,31.5612,31.6846,31.8232,31.9773,32.1469,32.3325,32.5344,32.7529,32.9886,33.2420,33.5140,33.8055,34.1176
1321,31.1071,31.1142,31.1355,31.1711,31.2210,31.2853,31.3642,31.4578,31.5662,31.6897,31.8283,31.9824,32.1521,32.3378,32.5398,32.7584,32.9942,33.2478,33.5199,33.8117,34.1239
1322,31.1119,31.1190,31.1403,31.1759,31.2259,31.2902,31.3691,31.4628,31.5712,31.6947,31.8334,31.9875,32.1573,32.3431,32.5451,32.7638,32.9998,33.2535,33.5259,33.8178,34.1302
1323,31.1167,31.1238,31.1451,31.1807,31.2307,31.2951,31.3741,31.4677,31.5762,31.6997,31.8385,31.9927,32.1625,32.3483,32.5505,32.7693,33.0054,33.2593,33.5318,33.8239,34.1364
1324,31.1215,31.1286,31.1499,31.1856,31.2356,31.3000,31.3790,31.4726,31.5812,31.7047,31.8435,31.9978,32.1677,32.3536,32.5558,32.7748,33.0110,33.2650,33.5378,33.8301,34.1426
1325,31.1263,31.1334,31.1548,31.1904,31.2404,31.3049,31.3839,31.4776,31.5862,31.7098,31.8486,32.0029,32.1729,32.3589,32.5612,32.7803,33.0166,33.2708,33.5437,33.8362,34.1488
1326,31.1311,31.1382,31.1596,31.1952,31.2453,31.3097,31.3888,31.4825,31.5912,31.7148,31.8537,32.0081,32.1781,32.3642,32.5666,32.7857,33.0222,33.2766,33.5497,33.8422,34.1549
1327,31.1359,31.1430,31.1644,31.2001,31.2501,31.3146,31.3937,31.4875,31.5961,31.7199,31.8588,32.0132,32.1833,32.3695,32.5720,32.7912,33.0278,33.2824,33.5556,33.8483,34.1610
1328,31.1407,31.1478,31.1692,31.2049,31.2550,31.3195,31.3986,31.4924,31.6011,31.7249,31.8639,32.0184,32.1885,32.3748,32.5773,32.7967,33.0334,33.2881,33.5616,33.8544,34.1671
1329,31.1455,31.1527,31.1741,31.2098,31.2598,31.3244,31.4035,31.4974,31.6061,31.7299,31.8690,32.0235,32.1938,32.3800,32.5827,32.8022,33.0391,33.2939,33.5675,33.8604,34.1732
1330,31.1503,31.1575,31.1789,31.2146,31.2647,31.3293,31.4085,31.5024,31.6111,31.7350,31.8741,32.0287,32.1990,32.3853,32.5881,32.8077,33.0447,33.2997,33.5734,33.8665,34.1793
1331,31.1552,31.1623,31.1837,31.2194,31.2696,31.3342,31.4134,31.5073,31.6161,31.7400,31.8792,32.0338,32.2042,32.3906,32.5935,32.8132,33.0503,33.3055,33.5793,33.8725,34.1853
1332,31.1600,31.1671,31.1885,31.2243,31.2744,31.3391,31.4183,31.5123,31.6211,31.7451,31.8843,32.0390,32.2094,32.3959,32.5989,32.8187,33.0560,33.3113,33.5852,33.8785,34.1914
1333,31.1648,31.1719,31.1934,31.2291,31.2793,31.3440,31.4232,31.5172,31.6261,31.7501,31.8894,32.0441,32.2146,32.4012,32.6043,32.8243,33.0616,33.3171,33.5912,33.8845,34.1974
1334,31.1696,31.1768,31.1982,31.2340,31.2842,31.3489,31.4282,31.5222,31.6311,31.7552,31.8945,32.0493,32.2199,32.4066,32.6097,32.8298,33.0673,33.3228,33.5971,33.8905,34.2034
1335,31.1745,31.1816,31.2030,31.2388,31.2891,31.3538,31.4331,31.5272,31.6361,31.7602,31.8996,32.0544,32.2251,32.4119,32.6151,32.8353,33.0729,33.3286,33.6030,33.8965,34.2094
1336,31.1793,31.1864,31.2079,31.2437,31.2939,31.3587,31.4380,31.5321,31.6412,31.7653,31.9047,32.0596,32.2303,32.4172,32.6205,32.8408,33.0786,33.3344,33.6089,33.9024,34.2154
1337,31.1841,31.1913,31.2127,31.2486,31.2988,31.3636,31.4430,31.5371,31.6462,31.7703,31.9098,32.0648,32.2356,32.4225,32.6259,32.8464,33.0842,33.3402,33.6148,33.9084,34.2214
1338,31.1889,31.1961,31.2176,31.2534,31.3037,31.3685,31.4479,31.5421,31.6512,31.7754,31.9149,32.0699,32.2408,32.4278,32.6314,32.8519,33.0899,33.3460,33.6206,33.9144,34.2274
1339,31.1938,31.2009,31.2224,31.2583,31.3086,31.3734,31.4528,31.5470,31.6562,31.7804,31.9200,32.0751,32.2461,32.4332,32.6368,32.8574,33.0956,33.3517,33.6265,33.9203,34.2334
1340,31.1986,31.2058,31.2273,31.2631,31.3134,31.3783,31.4578,31.5520,31.6612,31.7855,31.9251,32.0803,32.2513,32.4385,32.6422,32.8630,33.1012,33.3575,33.6324,33.9263,34.2394
1341,31.2034,31.2106,31.2321,31.2680,31.3183,31.3832,31.4627,31.5570,31.6662,31.7906,31.9302,32.0855,32.2566,32.4438,32.6477,32.8685,33.1069,33.3633,33.6383,33.9322,34.2453
1342,31.2083,31.2155,31.2370,31.2729,31.3232,31.3881,31.4676,31.5620,31.6712,31.7956,31.9354,32.0907,32.2618,32.4492,32.6531,32.8740,33.1125,33.3691,33.6441,33.9381,34.2513
1343,31.2131,31.2203,31.2418,31.2777,31.3281,31.3930,31.4726,31.5670,31.6763,31.8007,31.9405,32.0958,32.2671,32.4545,32.6585,32.8796,33.1182,33.3748,33.6500,33.9441,34.2572
1344,31.2180,31.2251,31.2467,31.2826,31.3330,31.3979,31.4775,31.5719,31.6813,31.8058,31.9456,32.1010,32.2723,32.4599,32.6640,32.8851,33.1238,33.3806,33.6559,33.9500,34.2632
1345,31.2228,31.2300,31.2515,31.2875,31.3379,31.4029,31.4825,31.5769,31.6863,31.8108,31.9507,32.1062,32.2776,32.4652,32.6694,32.8907,33.1295,33.3864,33.6617,33.9559,34.2691
1346,31.2277,31.2348,31.2564,31.2924,31.3428,31.4078,31.4874,31.5819,31.6913,31.8159,31.9559,32.1114,32.2829,32.4706,32.6749,32.8962,33.1352,33.3921,33.6676,33.9618,34.2750
1347,31.2325,31.2397,31.2613,31.2972,31.3477,31.4127,31.4924,31.5869,31.6964,31.8210,31.9610,32.1166,32.2881,32.4759,32.6803,32.9018,33.1408,33.3979,33.6734,33.9677,34.2809
1348,31.2374,31.2446,31.2661,31.3021,31.3526,31.4176,31.4973,31.5919,31.7014,31.8261,31.9661,32.1218,32.2934,32.4813,32.6858,32.9074,33.1465,33.4037,33.6793,33.9736,34.2869
1349,31.2422,31.2494,31.2710,31.3070,31.3575,31.4225,31.5023,31.5969,31.7064,31.8312,31.9713,32.1270,32.2987,32.4866,32.6912,32.9129,33.1522,33.4094,33.6851,33.9795,34.2928
1350,31.2471,31.2543,31.2759,31.3119,31.3624,31.4275,31.5072,31.6019,31.7115,31.8362,31.9764,32.1322,32.3040,32.4920,32.6967,32.9185,33.1578,33.4152,33.6909,33.9854,34.2987
1351,31.2519,31.2591,31.2807,31.3168,31.3673,31.4324,31.5122,31.6069,31.7165,31.8413,31.9815,32.1374,32.3092,32.4974,32.7021,32.9240,33.1635,33.4209,33.6968,33.9913,34.3046
1352,31.2568,31.2640,31.2856,31.3216,31.3722,31.4373,31.5172,31.6119,31.7215,31.8464,31.9867,32.1426,32.3145,32.5027,32.7076,32.9296,33.1691,33.4267,33.7026,33.9971,34.3105
1353,31.2617,31.2689,31.2905,31.3265,31.3771,31.4423,31.5221,31.6169,31.7266,31.8515,31.9918,32.1478,32.3198,32.5081,32.7131,32.9352,33.1748,33.4324,33.7084,34.0030,34.3164
1354,31.2665,31.2737,31.2953,31.3314,31.3820,31.4472,31.5271,31.6219,31.7316,31.8566,31.9970,32.1531,32.3251,32.5135,32.7185,32.9407,33.1805,33.4382,33.7142,34.0089,34.3223
1355,31.2714,31.2786,31.3002,31.3363,31.3869,31.4521,31.5321,31.6269,31.7367,31.8617,32.0021,32.1583,32.3304,32.5188,32.7240,32.9463,33.1861,33.4439,33.7200,34.0147,34.3281
1356,31.2763,31.2835,31.3051,31.3412,31.3918,31.4571,31.5370,31.6319,31.7417,31.8668,32.0073,32.1635,32.3357,32.5242,32.7295,32.9518,33.1918,33.4497,33.7258,34.0206,34.3340
1357,31.2811,31.2883,31.3100,31.3461,31.3967,31.4620,31.5420,31.6369,31.7468,31.8719,32.0124,32.1687,32.3410,32.5296,32.7349,32.9574,33.1974,33.4554,33.7317,34.0264,34.3399
1358,31.2860,31.2932,31.3149,31.3510,31.4017,31.4669,31.5470,31.6419,31.7518,31.8770,32.0176,32.1739,32.3463,32.5350,32.7404,32.9630,33.2031,33.4611,33.7375,34.0323,34.3458
1359,31.2909,31.2981,31.3197,31.3559,31.4066,31.4719,31.5519,31.6469,31.7569,31.8821,32.0228,32.1792,32.3516,32.5404,32.7459,32.9685,33.2088,33.4669,33.7433,34.0381,34.3516
1360,31.2957,31.3030,31.3246,31.3608,31.4115,31.4768,31.5569,31.6519,31.7619,31.8872,32.0279,32.1844,32.3569,32.5458,32.7514,32.9741,33.2144,33.4726,33.7491,34.0440,34.3575
1361,31.3006,31.3078,31.3295,31.3657,31.4164,31.4818,31.5619,31.6569,31.7670,31.8923,32.0331,32.1896,32.3622,32.5512,32.7568,32.9797,33.2201,33.4784,33.7549,34.0498,34.3633
1362,31.3055,31.3127,31.3344,31.3706,31.4213,31.4867,31.5669,31.6619,31.7720,31.8974,32.0383,32.1949,32.3675,32.5565,32.7623,32.9853,33.2257,33.4841,33.7607,34.0557,34.3692
1363,31.3104,31.3176,31.3393,31.3755,31.4263,31.4917,31.5719,31.6669,31.7771,31.9025,32.0434,32.2001,32.3728,32.5619,32.7678,32.9908,33.2314,33.4898,33.7664,34.0615,34.3750
1364,31.3153,31.3225,31.3442,31.3804,31.4312,31.4966,31.5768,31.6720,31.7822,31.9076,32.0486,32.2053,32.3781,32.5673,32.7733,32.9964,33.2370,33.4955,33.7722,34.0673,34.3809
1365,31.3201,31.3274,31.3491,31.3853,31.4361,31.5016,31.5818,31.6770,31.7872,31.9128,32.0538,32.2106,32.3835,32.5727,32.7788,33.0020,33.2427,33.5013,33.7780,34.0731,34.3867
1366,31.3250,31.3323,31.3540,31.3902,31.4410,31.5065,31.5868,31.6820,31.7923,31.9179,32.0590,32.2158,32.3888,32.5781,32.7843,33.0075,33.2483,33.5070,33.7838,34.0790,34.3926
1367,31.3299,31.3372,31.3589,31.3951,31.4460,31.5115,31.5918,31.6870,31.7974,31.9230,32.0641,32.2211,32.3941,32.5835,32.7897,33.0131,33.2540,33.5127,33.7896,34.0848,34.3984
1368,31.3348,31.3421,31.3638,31.4001,31.4509,31.5165,31.5968,31.6921,31.8024,31.9281,32.0693,32.2263,32.3994,32.5889,32.7952,33.0187,33.2596,33.5184,33.7954,34.0906,34.4042
1369,31.3397,31.3469,31.3687,31.4050,31.4559,31.5214,31.6018,31.6971,31.8075,31.9333,32.0745,32.2316,32.4047,32.5943,32.8007,33.0242,33.2653,33.5242,33.8011,34.0964,34.4101
1370,31.3446,31.3518,31.3736,31.4099,31.4608,31.5264,31.6068,31.7021,31.8126,31.9384,32.0797,32.2368,32.4101,32.5997,32.8062,33.0298,33.2709,33.5299,33.8069,34.1022,34.4159
1371,31.3495,31.3567,31.3785,31.4148,31.4657,31.5314,31.6118,31.7072,31.8177,31.9435,32.0849,32.2421,32.4154,32.6052,32.8117,33.0354,33.2766,33.5356,33.8127,34.1080,34.4217
1372,31.3544,31.3616,31.3834,31.4197,31.4707,31.5363,31.6168,31.7122,31.8228,31.9486,32.0901,32.2473,32.4207,32.6106,32.8172,33.0410,33.2822,33.5413,33.8184,34.1138,34.4276
1373,31.3593,31.3665,31.3883,31.4247,31.4756,31.5413,31.6218,31.7173,31.8278,31.9538,32.0953,32.2526,32.4261,32.6160,32.8227,33.0465,33.2879,33.5470,33.8242,34.1196,34.4334
1374,31.3642,31.3714,31.3932,31.4296,31.4806,31.5463,31.6268,31.7223,31.8329,31.9589,32.1005,32.2579,32.4314,32.6214,32.8282,33.0521,33.2935,33.5527,33.8300,34.1254,34.4392
1375,31.3691,31.3764,31.3981,31.4345,31.4855,31.5512,31.6318,31.7273,31.8380,31.9641,32.1057,32.2631,32.4367,32.6268,32.8337,33.0577,33.2992,33.5584,33.8357,34.1312,34.4450
1376,31.3740,31.3813,31.4031,31.4394,31.4905,31.5562,31.6368,31.7324,31.8431,31.9692,32.1109,32.2684,32.4421,32.6322,32.8392,33.0632,33.3048,33.5641,33.8415,34.1370,34.4508
1377,31.3789,31.3862,31.4080,31.4444,31.4954,31.5612,31.6418,31.7374,31.8482,31.9743,32.1161,32.2737,32.4474,32.6376,32.8447,33.0688,33.3105,33.5698,33.8472,34.1428,34.4566
1378,31.3838,31.3911,31.4129,31.4493,31.5004,31.5662,31.6468,31.7425,31.8533,31.9795,32.1213,32.2789,32.4528,32.6431,32.8501,33.0744,33.3161,33.5756,33.8530,34.1486,34.4624
1379,31.3887,31.3960,31.4178,31.4543,31.5053,31.5712,31.6518,31.7475,31.8584,31.9846,32.1265,32.2842,32.4581,32.6485,32.8556,33.0800,33.3217,33.5813,33.8588,34.1544,34.4682
1380,31.3936,31.4009,31.4228,31.4592,31.5103,31.5761,31.6569,31.7526,31.8635,31.9898,32.1317,32.2895,32.4635,32.6539,32.8611,33.0855,33.3274,33.5870,33.8645,34.1602,34.4740
1381,31.3986,31.4058,31.4277,31.4641,31.5152,31.5811,31.6619,31.7576,31.8686,31.9949,32.1369,32.2948,32.4688,32.6593,32.8666,33.0911,33.3330,33.5927,33.8702,34.1659,34.4798
1382,31.4035,31.4108,31.4326,31.4691,31.5202,31.5861,31.6669,31.7627,31.8737,32.0001,32.1421,32.3001,32.4741,32.6647,32.8721,33.0967,33.3387,33.5984,33.8760,34.1717,34.4856
1383,31.4084,31.4157,31.4375,31.4740,31.5252,31.5911,31.6719,31.7678,31.8788,32.0053,32.1473,32.3053,32.4795,32.6702,32.8776,33.1022,33.3443,33.6041,33.8817,34.1775,34.4914
1384,31.4133,31.4206,31.4425,31.4790,31.5301,31.5961,31.6769,31.7728,31.8839,32.0104,32.1526,32.3106,32.4849,32.6756,32.8831,33.1078,33.3499,33.6097,33.8875,34.1833,34.4972
1385,31.4182,31.4255,31.4474,31.4839,31.5351,31.6011,31.6820,31.7779,31.8890,32.0156,32.1578,32.3159,32.4902,32.6810,32.8886,33.1134,33.3556,33.6154,33.8932,34.1890,34.5029
1386,31.4232,31.4304,31.4523,31.4889,31.5401,31.6061,31.6870,31.7830,31.8941,32.0208,32.1630,32.3212,32.4956,32.6864,32.8941,33.1190,33.3612,33.6211,33.8990,34.1948,34.5087
1387,31.4281,31.4354,31.4573,31.4938,31.5451,31.6111,31.6920,31.7880,31.8993,32.0259,32.1682,32.3265,32.5009,32.6919,32.8996,33.1245,33.3668,33.6268,33.9047,34.2005,34.5144
1388,31.4330,31.4403,31.4622,31.4988,31.5500,31.6161,31.6971,31.7931,31.9044,32.0311,32.1735,32.3318,32.5063,32.6973,32.9051,33.1301,33.3725,33.6325,33.9104,34.2063,34.5202
1389,31.4379,31.4452,31.4672,31.5037,31.5550,31.6211,31.7021,31.7982,31.9095,32.0363,32.1787,32.3371,32.5116,32.7027,32.9106,33.1357,33.3781,33.6382,33.9161,34.2120,34.5259
1390,31.4429,31.4502,31.4721,31.5087,31.5600,31.6261,31.7071,31.8033,31.9146,32.0414,32.1839,32.3424,32.5170,32.7082,32.9161,33.1412,33.3837,33.6439,33.9219,34.2178,34.5317
1391,31.4478,31.4551,31.4770,31.5136,31.5650,31.6311,31.7122,31.8083,31.9197,32.0466,32.1892,32.3476,32.5224,32.7136,32.9216,33.1468,33.3894,33.6496,33.9276,34.2235,34.5374
1392,31.4527,31.4601,31.4820,31.5186,31.5699,31.6361,31.7172,31.8134,31.9249,32.0518,32.1944,32.3529,32.5277,32.7190,32.9271,33.1524,33.3950,33.6552,33.9333,34.2293,34.5431
1393,31.4577,31.4650,31.4869,31.5236,31.5749,31.6411,31.7223,31.8185,31.9300,32.0570,32.1996,32.3582,32.5331,32.7245,32.9326,33.1579,33.4006,33.6609,33.9390,34.2350,34.5489
1394,31.4626,31.4699,31.4919,31.5285,31.5799,31.6461,31.7273,31.8236,31.9351,32.0621,32.2049,32.3635,32.5385,32.7299,32.9382,33.1635,33.4063,33.6666,33.9447,34.2407,34.5546
1395,31.4676,31.4749,31.4968,31.5335,31.5849,31.6511,31.7324,31.8287,31.9403,32.0673,32.2101,32.3688,32.5438,32.7353,32.9437,33.1691,33.4119,33.6723,33.9504,34.2465,34.5603
1396,31.4725,31.4798,31.5018,31.5385,31.5899,31.6562,31.7374,31.8338,31.9454,32.0725,32.2153,32.3741,32.5492,32.7408,32.9492,33.1747,33.4175,33.6780,33.9561,34.2522,34.5660
1397,31.4775,31.4848,31.5068,31.5434,31.5949,31.6612,31.7425,31.8388,31.9505,32.0777,32.2206,32.3795,32.5546,32.7462,32.9547,33.1802,33.4231,33.6836,33.9618,34.2579,34.5718
1398,31.4824,31.4897,31.5117,31.5484,31.5999,31.6662,31.7475,31.8439,31.9557,32.0829,32.2258,32.3848,32.5599,32.7516,32.9602,33.1858,33.4288,33.6893,33.9675,34.2636,34.5775
1399,31.4874,31.4947,31.5167,31.5534,31.6049,31.6712,31.7526,31.8490,31.9608,32.0881,32.2311,32.3901,32.5653,32.7571,32.9657,33.1914,33.4344,33.6950,33.9732,34.2693,34.5832
1400,31.4923,31.4996,31.5216,31.5584,31.6099,31.6763,31.7576,31.8541,31.9659,32.0933,32.2363,32.3954,32.5707,32.7625,32.9712,33.1969,33.4400,33.7006,33.9789,34.2750,34.5889
1401,31.4973,31.5046,31.5266,31.5633,31.6149,31.6813,31.7627,31.8592,31.9711,32.0985,32.2416,32.4007,32.5761,32.7680,32.9767,33.2025,33.4456,33.7063,33.9846,34.2807,34.5946
1402,31.5022,31.5095,31.5316,31.5683,31.6199,31.6863,31.7677,31.8643,31.9762,32.1037,32.2468,32.4060,32.5814,32.7734,32.9822,33.2081,33.4512,33.7120,33.9903,34.2865,34.6003
1403,31.5072,31.5145,31.5365,31.5733,31.6249,31.6913,31.7728,31.8694,31.9814,32.1089,32.2521,32.4113,32.5868,32.7788,32.9877,33.2136,33.4569,33.7176,33.9960,34.2922,34.6060
1404,31.5121,31.5195,31.5415,31.5783,31.6299,31.6964,31.7779,31.8745,31.9865,32.1141,32.2573,32.4166,32.5922,32.7843,32.9932,33.2192,33.4625,33.7233,34.0017,34.2979,34.6117
1405,31.5171,31.5244,31.5465,31.5833,31.6349,31.7014,31.7829,31.8796,31.9917,32.1193,32.2626,32.4220,32.5976,32.7897,32.9987,33.2247,33.4681,33.7289,34.0074,34.3036,34.6174
1406,31.5221,31.5294,31.5515,31.5883,31.6399,31.7064,31.7880,31.8847,31.9968,32.1245,32.2679,32.4273,32.6030,32.7952,33.0042,33.2303,33.4737,33.7346,34.0131,34.3092,34.6231
1407,31.5270,31.5344,31.5564,31.5933,31.6449,31.7115,31.7931,31.8899,32.0020,32.1297,32.2731,32.4326,32.6083,32.8006,33.0097,33.2359,33.4793,33.7402,34.0188,34.3149,34.6288
1408,31.5320,31.5393,31.5614,31.5983,31.6499,31.7165,31.7982,31.8950,32.0071,32.1349,32.2784,32.4379,32.6137,32.8061,33.0152,33.2414,33.4849,33.7459,34.0244,34.3206,34.6345
1409,31.5370,31.5443,31.5664,31.6033,31.6549,31.7216,31.8032,31.9001,32.0123,32.1401,32.2836,32.4432,32.6191,32.8115,33.0207,33.2470,33.4905,33.7515,34.0301,34.3263,34.6402
1410,31.5419,31.5493,31.5714,31.6083,31.6600,31.7266,31.8083,31.9052,32.0175,32.1453,32.2889,32.4486,32.6245,32.8170,33.0262,33.2526,33.4961,33.7572,34.0358,34.3320,34.6458
1411,31.5469,31.5543,31.5764,31.6133,31.6650,31.7317,31.8134,31.9103,32.0226,32.1505,32.2942,32.4539,32.6299,32.8224,33.0317,33.2581,33.5018,33.7628,34.0415,34.3377,34.6515
1412,31.5519,31.5592,31.5814,31.6183,31.6700,31.7367,31.8185,31.9154,32.0278,32.1557,32.2995,32.4592,32.6353,32.8279,33.0372,33.2637,33.5074,33.7685,34.0471,34.3434,34.6572
1413,31.5569,31.5642,31.5863,31.6233,31.6750,31.7418,31.8236,31.9206,32.0330,32.1609,32.3047,32.4645,32.6406,32.8333,33.0427,33.2692,33.5130,33.7741,34.0528,34.3490,34.6629
1414,31.5618,31.5692,31.5913,31.6283,31.6801,31.7468,31.8286,31.9257,32.0381,32.1662,32.3100,32.4699,32.6460,32.8387,33.0483,33.2748,33.5186,33.7797,34.0585,34.3547,34.6685
1415,31.5668,31.5742,31.5963,31.6333,31.6851,31.7519,31.8337,31.9308,32.0433,32.1714,32.3153,32.4752,32.6514,32.8442,33.0538,33.2803,33.5242,33.7854,34.0641,34.3604,34.6742
1416,31.5718,31.5792,31.6013,31.6383,31.6901,31.7569,31.8388,31.9359,32.0485,32.1766,32.3205,32.4805,32.6568,32.8496,33.0593,33.2859,33.5298,33.7910,34.0698,34.3661,34.6799
1417,31.5768,31.5842,31.6063,31.6433,31.6952,31.7620,31.8439,31.9411,32.0536,32.1818,32.3258,32.4859,32.6622,32.8551,33.0648,33.2915,33.5354,33.7967,34.0754,34.3717,34.6856
1418,31.5818,31.5892,31.6113,31.6483,31.7002,31.7670,31.8490,31.9462,32.0588,32.1870,32.3311,32.4912,32.6676,32.8605,33.0703,33.2970,33.5410,33.8023,34.0811,34.3774,34.6912
1419,31.5868,31.5941,31.6163,31.6533,31.7052,31.7721,31.8541,31.9513,32.0640,32.1923,32.3364,32.4965,32.6730,32.8660,33.0758,33.3026,33.5466,33.8079,34.0867,34.3831,34.6969
1420,31.5917,31.5991,31.6213,31.6583,31.7103,31.7772,31.8592,31.9565,32.0692,32.1975,32.3417,32.5019,32.6784,32.8714,33.0813,33.3081,33.5522,33.8136,34.0924,34.3887,34.7025
1421,31.5967,31.6041,31.6263,31.6634,31.7153,31.7822,31.8643,31.9616,32.0744,32.2027,32.3469,32.5072,32.6838,32.8769,33.0868,33.3137,33.5578,33.8192,34.0980,34.3944,34.7082
1422,31.6017,31.6091,31.6313,31.6684,31.7203,31.7873,31.8694,31.9668,32.0795,32.2080,32.3522,32.5125,32.6892,32.8823,33.0923,33.3192,33.5634,33.8248,34.1037,34.4001,34.7139
1423,31.6067,31.6141,31.6363,31.6734,31.7254,31.7924,31.8745,31.9719,32.0847,32.2132,32.3575,32.5179,32.6946,32.8878,33.0978,33.3248,33.5690,33.8304,34.1093,34.4057,34.7195
1424,31.6117,31.6191,31.6414,31.6784,31.7304,31.7975,31.8796,31.9770,32.0899,32.2184,32.3628,32.5232,32.7000,32.8932,33.1033,33.3303,33.5745,33.8361,34.1150,34.4114,34.7252
1425,31.6167,31.6241,31.6464,31.6835,31.7355,31.8025,31.8847,31.9822,32.0951,32.2237,32.3681,32.5286,32.7054,32.8987,33.1088,33.3359,33.5801,33.8417,34.1206,34.4170,34.7308
1426,31.6217,31.6291,31.6514,31.6885,31.7405,31.8076,31.8898,31.9873,32.1003,32.2289,32.3734,32.5339,32.7108,32.9041,33.1143,33.3414,33.5857,33.8473,34.1263,34.4227,34.7365
1427,31.6267,31.6342,31.6564,31.6935,31.7456,31.8127,31.8949,31.9925,32.1055,32.2341,32.3787,32.5393,32.7162,32.9096,33.1198,33.3470,33.5913,33.8529,34.1319,34.4283,34.7421
1428,31.6317,31.6392,31.6614,31.6986,31.7506,31.8178,31.9001,31.9976,32.1107,32.2394,32.3840,32.5446,32.7216,32.9151,33.1253,33.3525,33.5969,33.8585,34.1376,34.4340,34.7478
1429,31.6368,31.6442,31.6664,31.7036,31.7557,31.8229,31.9052,32.0028,32.1159,32.2446,32.3892,32.5499,32.7270,32.9205,33.1308,33.3581,33.6025,33.8642,34.1432,34.4396,34.7534
1430,31.6418,31.6492,31.6715,31.7086,31.7608,31.8279,31.9103,32.0079,32.1211,32.2499,32.3945,32.5553,32.7324,32.9260,33.1363,33.3636,33.6081,33.8698,34.1488,34.4453,34.7591
1431,31.6468,31.6542,31.6765,31.7137,31.7658,31.8330,31.9154,32.0131,32.1263,32.2551,32.3998,32.5606,32.7378,32.9314,33.1418,33.3692,33.6137,33.8754,34.1545,34.4509,34.7647
1432,31.6518,31.6592,31.6815,31.7187,31.7709,31.8381,31.9205,32.0183,32.1315,32.2604,32.4051,32.5660,32.7432,32.9369,33.1473,33.3747,33.6192,33.8810,34.1601,34.4565,34.7703
1433,31.6568,31.6642,31.6865,31.7238,31.7759,31.8432,31.9256,32.0234,32.1367,32.2656,32.4104,32.5713,32.7486,32.9423,33.1528,33.3803,33.6248,33.8866,34.1657,34.4622,34.7760
1434,31.6618,31.6693,31.6916,31.7288,31.7810,31.8483,31.9308,32.0286,32.1419,32.2709,32.4157,32.5767,32.7540,32.9478,33.1583,33.3858,33.6304,33.8922,34.1714,34.4678,34.7816
1435,31.6669,31.6743,31.6966,31.7339,31.7861,31.8534,31.9359,32.0337,32.1471,32.2761,32.4210,32.5820,32.7594,32.9532,33.1638,33.3914,33.6360,33.8978,34.1770,34.4735,34.7873
1436,31.6719,31.6793,31.7016,31.7389,31.7912,31.8585,31.9410,32.0389,32.1523,32.2814,32.4263,32.5874,32.7648,32.9587,33.1693,33.3969,33.6416,33.9034,34.1826,34.4791,34.7929
1437,31.6769,31.6843,31.7067,31.7440,31.7962,31.8636,31.9462,32.0441,32.1575,32.2866,32.4316,32.5927,32.7702,32.9641,33.1748,33.4024,33.6471,33.9090,34.1882,34.4847,34.7985
1438,31.6819,31.6894,31.7117,31.7490,31.8013,31.8687,31.9513,32.0492,32.1627,32.2919,32.4369,32.5981,32.7756,32.9696,33.1803,33.4080,33.6527,33.9147,34.1939,34.4904,34.8041
1439,31.6870,31.6944,31.7168,31.7541,31.8064,31.8738,31.9564,32.0544,32.1679,32.2971,32.4422,32.6035,32.7810,32.9750,33.1858,33.4135,33.6583,33.9203,34.1995,34.4960,34.8098
1440,31.6920,31.6994,31.7218,31.7591,31.8115,31.8789,31.9616,32.0596,32.1731,32.3024,32.4475,32.6088,32.7864,32.9805,33.1913,33.4191,33.6639,33.9259,34.2051,34.5016,34.8154
1441,31.6970,31.7045,31.7269,31.7642,31.8165,31.8840,31.9667,32.0648,32.1784,32.3077,32.4529,32.6142,32.7918,32.9859,33.1968,33.4246,33.6694,33.9315,34.2107,34.5072,34.8209
1442,31.7021,31.7095,31.7319,31.7692,31.8216,31.8891,31.9718,32.0699,32.1836,32.3129,32.4582,32.6195,32.7972,32.9914,33.2023,33.4302,33.6750,33.9371,34.2163,34.5128,34.8264
1443,31.7071,31.7146,31.7369,31.7743,31.8267,31.8942,31.9770,32.0751,32.1888,32.3182,32.4635,32.6249,32.8026,32.9969,33.2078,33.4357,33.6806,33.9427,34.2219,34.5184,34.8319
1444,31.7121,31.7196,31.7420,31.7794,31.8318,31.8993,31.9821,32.0803,32.1940,32.3234,32.4688,32.6302,32.8080,33.0023,33.2133,33.4412,33.6862,33.9482,34.2275,34.5240,34.8373
1445,31.7172,31.7246,31.7470,31.7844,31.8369,31.9044,31.9873,32.0855,32.1992,32.3287,32.4741,32.6356,32.8134,33.0078,33.2188,33.4468,33.6917,33.9538,34.2331,34.5295,34.8427
1446,31.7222,31.7297,31.7521,31.7895,31.8420,31.9096,31.9924,32.0907,32.2044,32.3340,32.4794,32.6410,32.8188,33.0132,33.2243,33.4523,33.6973,33.9594,34.2387,34.5351,34.8481
1447,31.7273,31.7347,31.7572,31.7946,31.8471,31.9147,31.9976,32.0958,32.2097,32.3392,32.4847,32.6463,32.8242,33.0187,33.2298,33.4578,33.7029,33.9650,34.2443,34.5406,34.8534
1448,31.7323,31.7398,31.7622,31.7997,31.8521,31.9198,32.0027,32.1010,32.2149,32.3445,32.4900,32.6517,32.8296,33.0241,33.2353,33.4634,33.7084,33.9706,34.2499,34.5461,34.8588
1449,31.7374,31.7448,31.7673,31.8047,31.8572,31.9249,32.0079,32.1062,32.2201,32.3498,32.4954,32.6570,32.8351,33.0296,33.2408,33.4689,33.7140,33.9762,34.2554,34.5516,34.8641
1450,31.7424,31.7499,31.7723,31.8098,31.8623,31.9300,32.0130,32.1114,32.2254,32.3550,32.5007,32.6624,32.8405,33.0350,33.2463,33.4744,33.7196,33.9817,34.2610,34.5570,34.8694
1451,31.7475,31.7549,31.7774,31.8149,31.8674,31.9352,32.0182,32.1166,32.2306,32.3603,32.5060,32.6678,32.8459,33.0405,33.2518,33.4800,33.7251,33.9873,34.2665,34.5625,34.8747
1452,31.7525,31.7600,31.7825,31.8200,31.8725,31.9403,32.0233,32.1218,32.2358,32.3656,32.5113,32.6731,32.8513,33.0460,33.2573,33.4855,33.7307,33.9929,34.2720,34.5679,34.8799
1453,31.7576,31.7651,31.7875,31.8250,31.8776,31.9454,32.0285,32.1270,32.2410,32.3709,32.5166,32.6785,32.8567,33.0514,33.2628,33.4910,33.7362,33.9984,34.2775,34.5733,34.8852
1454,31.7626,31.7701,31.7926,31.8301,31.8827,31.9505,32.0336,32.1322,32.2463,32.3761,32.5219,32.6839,32.8621,33.0569,33.2683,33.4966,33.7418,34.0040,34.2830,34.5787,34.8904
1455,31.7677,31.7752,31.7977,31.8352,31.8879,31.9557,32.0388,32.1374,32.2515,32.3814,32.5273,32.6892,32.8675,33.0623,33.2738,33.5021,33.7473,34.0095,34.2885,34.5841,34.8957
1456,31.7728,31.7803,31.8028,31.8403,31.8930,31.9608,32.0440,32.1426,32.2568,32.3867,32.5326,32.6946,32.8729,33.0678,33.2793,33.5076,33.7528,34.0150,34.2940,34.5895,34.9009
1457,31.7778,31.7853,31.8078,31.8454,31.8981,31.9659,32.0491,32.1478,32.2620,32.3920,32.5379,32.7000,32.8783,33.0732,33.2848,33.5131,33.7584,34.0205,34.2995,34.5949,34.9061
1458,31.7829,31.7904,31.8129,31.8505,31.9032,31.9711,32.0543,32.1530,32.2672,32.3973,32.5432,32.7053,32.8838,33.0787,33.2903,33.5186,33.7639,34.0261,34.3050,34.6002,34.9113
1459,31.7880,31.7955,31.8180,31.8556,31.9083,31.9762,32.0595,32.1582,32.2725,32.4025,32.5486,32.7107,32.8892,33.0841,33.2957,33.5242,33.7694,34.0316,34.3104,34.6056,34.9164
1460,31.7930,31.8005,31.8231,31.8607,31.9134,31.9814,32.0646,32.1634,32.2777,32.4078,32.5539,32.7161,32.8946,33.0896,33.3012,33.5297,33.7750,34.0371,34.3159,34.6109,34.9216
1461,31.7981,31.8056,31.8282,31.8658,31.9185,31.9865,32.0698,32.1686,32.2830,32.4131,32.5592,32.7214,32.9000,33.0950,33.3067,33.5352,33.7805,34.0426,34.3213,34.6162,34.9268
1462,31.8032,31.8107,31.8332,31.8709,31.9237,31.9917,32.0750,32.1738,32.2882,32.4184,32.5645,32.7268,32.9054,33.1005,33.3122,33.5407,33.7860,34.0481,34.3267,34.6216,34.9319
1463,31.8083,31.8158,31.8383,31.8760,31.9288,31.9968,32.0802,32.1790,32.2934,32.4237,32.5699,32.7322,32.9108,33.1059,33.3177,33.5462,33.7915,34.0535,34.3321,34.6269,34.9370
1464,31.8133,31.8209,31.8434,31.8811,31.9339,32.0019,32.0853,32.1842,32.2987,32.4290,32.5752,32.7376,32.9162,33.1114,33.3232,33.5517,33.7970,34.0590,34.3375,34.6322,34.9422
1465,31.8184,31.8259,31.8485,31.8862,31.9390,32.0071,32.0905,32.1894,32.3039,32.4343,32.5805,32.7429,32.9216,33.1168,33.3287,33.5572,33.8025,34.0645,34.3429,34.6374,34.9473
1466,31.8235,31.8310,31.8536,31.8913,31.9441,32.0122,32.0957,32.1946,32.3092,32.4395,32.5859,32.7483,32.9271,33.1223,33.3341,33.5627,33.8080,34.0700,34.3483,34.6427,34.9524
1467,31.8286,31.8361,31.8587,31.8964,31.9493,32.0174,32.1009,32.1998,32.3144,32.4448,32.5912,32.7537,32.9325,33.1277,33.3396,33.5682,33.8135,34.0754,34.3537,34.6480,34.9575
1468,31.8337,31.8412,31.8638,31.9015,31.9544,32.0226,32.1061,32.2051,32.3197,32.4501,32.5965,32.7591,32.9379,33.1332,33.3451,33.5737,33.8190,34.0809,34.3591,34.6532,34.9625
1469,31.8388,31.8463,31.8689,31.9066,31.9595,32.0277,32.1112,32.2103,32.3250,32.4554,32.6019,32.7644,32.9433,33.1386,33.3506,33.5792,33.8244,34.0863,34.3645,34.6585,34.9676
1470,31.8438,31.8514,31.8740,31.9117,31.9647,32.0329,32.1164,32.2155,32.3302,32.4607,32.6072,32.7698,32.9487,33.1441,33.3560,33.5846,33.8299,34.0917,34.3698,34.6637,34.9727
1471,31.8489,31.8565,31.8791,31.9169,31.9698,32.0380,32.1216,32.2207,32.3355,32.4660,32.6125,32.7752,32.9541,33.1495,33.3615,33.5901,33.8354,34.0971,34.3752,34.6689,34.9777
1472,31.8540,31.8616,31.8842,31.9220,31.9749,32.0432,32.1268,32.2259,32.3407,32.4713,32.6179,32.7805,32.9595,33.1550,33.3670,33.5956,33.8408,34.1026,34.3805,34.6741,34.9828
1473,31.8591,31.8667,31.8893,31.9271,31.9801,32.0483,32.1320,32.2312,32.3460,32.4766,32.6232,32.7859,32.9649,33.1604,33.3724,33.6011,33.8463,34.1080,34.3858,34.6793,34.9878
1474,31.8642,31.8718,31.8944,31.9322,31.9852,32.0535,32.1372,32.2364,32.3512,32.4819,32.6285,32.7913,32.9704,33.1659,33.3779,33.6065,33.8517,34.1134,34.3911,34.6845,34.9928
1475,31.8693,31.8769,31.8995,31.9373,31.9904,32.0587,32.1424,32.2416,32.3565,32.4872,32.6339,32.7967,32.9758,33.1713,33.3833,33.6120,33.8572,34.1188,34.3965,34.6897,34.9979
1476,31.8744,31.8820,31.9046,31.9425,31.9955,32.0638,32.1476,32.2468,32.3618,32.4925,32.6392,32.8020,32.9812,33.1767,33.3888,33.6175,33.8626,34.1242,34.4018,34.6949,35.0029
1477,31.8795,31.8871,31.9098,31.9476,32.0007,32.0690,32.1528,32.2521,32.3670,32.4978,32.6445,32.8074,32.9866,33.1822,33.3943,33.6229,33.8681,34.1296,34.4071,34.7001,35.0079
1478,31.8846,31.8922,31.9149,31.9527,32.0058,32.0742,32.1580,32.2573,32.3723,32.5031,32.6499,32.8128,32.9920,33.1876,33.3997,33.6284,33.8735,34.1349,34.4124,34.7052,35.0129
1479,31.8897,31.8973,31.9200,31.9579,32.0109,32.0794,32.1632,32.2625,32.3776,32.5084,32.6552,32.8182,32.9974,33.1930,33.4052,33.6338,33.8789,34.1403,34.4176,34.7104,35.0179
1480,31.8948,31.9024,31.9251,31.9630,32.0161,32.0845,32.1684,32.2678,32.3828,32.5137,32.6606,32.8235,33.0028,33.1985,33.4106,33.6393,33.8843,34.1457,34.4229,34.7155,35.0228
1481,31.8999,31.9075,31.9302,31.9681,32.0213,32.0897,32.1736,32.2730,32.3881,32.5190,32.6659,32.8289,33.0082,33.2039,33.4161,33.6447,33.8897,34.1510,34.4282,34.7207,35.0278
1482,31.9051,31.9126,31.9353,31.9733,32.0264,32.0949,32.1788,32.2782,32.3934,32.5243,32.6712,32.8343,33.0136,33.2093,33.4215,33.6501,33.8952,34.1564,34.4334,34.7258,35.0328
1483,31.9102,31.9177,31.9405,31.9784,32.0316,32.1001,32.1840,32.2835,32.3986,32.5296,32.6766,32.8397,33.0190,33.2148,33.4269,33.6556,33.9006,34.1617,34.4387,34.7309,35.0377
1484,31.9153,31.9229,31.9456,31.9835,32.0367,32.1052,32.1892,32.2887,32.4039,32.5349,32.6819,32.8450,33.0244,33.2202,33.4324,33.6610,33.9060,34.1671,34.4439,34.7360,35.0427
1485,31.9204,31.9280,31.9507,31.9887,32.0419,32.1104,32.1944,32.2939,32.4092,32.5402,32.6873,32.8504,33.0298,33.2256,33.4378,33.6664,33.9113,34.1724,34.4492,34.7412,35.0476
1486,31.9255,31.9331,31.9559,31.9938,32.0470,32.1156,32.1996,32.2992,32.4144,32.5455,32.6926,32.8558,33.0352,33.2310,33.4432,33.6718,33.9167,34.1777,34.4544,34.7463,35.0526
1487,31.9306,31.9382,31.9610,31.9990,32.0522,32.1208,32.2048,32.3044,32.4197,32.5508,32.6979,32.8612,33.0406,33.2364,33.4487,33.6772,33.9221,34.1830,34.4596,34.7513,35.0575
1488,31.9358,31.9434,31.9661,32.0041,32.0574,32.1260,32.2100,32.3097,32.4250,32.5561,32.7033,32.8665,33.0460,33.2419,33.4541,33.6827,33.9275,34.1883,34.4648,34.7564,35.0624
1489,31.9409,31.9485,31.9713,32.0093,32.0625,32.1312,32.2153,32.3149,32.4303,32.5615,32.7086,32.8719,33.0514,33.2473,33.4595,33.6881,33.9329,34.1937,34.4701,34.7615,35.0673
1490,31.9460,31.9536,31.9764,32.0144,32.0677,32.1364,32.2205,32.3202,32.4355,32.5668,32.7140,32.8773,33.0568,33.2527,33.4649,33.6935,33.9382,34.1990,34.4753,34.7666,35.0722
1491,31.9511,31.9587,31.9815,32.0196,32.0729,32.1415,32.2257,32.3254,32.4408,32.5721,32.7193,32.8827,33.0622,33.2581,33.4703,33.6989,33.9436,34.2043,34.4805,34.7716,35.0771
1492,31.9563,31.9639,31.9867,32.0247,32.0780,32.1467,32.2309,32.3306,32.4461,32.5774,32.7247,32.8880,33.0676,33.2635,33.4757,33.7043,33.9489,34.2095,34.4856,34.7767,35.0820
1493,31.9614,31.9690,31.9918,32.0299,32.0832,32.1519,32.2361,32.3359,32.4514,32.5827,32.7300,32.8934,33.0730,33.2689,33.4811,33.7097,33.9543,34.2148,34.4908,34.7818,35.0869
1494,31.9665,31.9741,31.9970,32.0350,32.0884,32.1571,32.2413,32.3411,32.4567,32.5880,32.7353,32.8988,33.0784,33.2743,33.4866,33.7150,33.9596,34.2201,34.4960,34.7868,35.0918
1495,31.9717,31.9793,32.0021,32.0402,32.0936,32.1623,32.2466,32.3464,32.4619,32.5933,32.7407,32.9041,33.0838,33.2797,33.4920,33.7204,33.9650,34.2254,34.5012,34.7918,35.0966
1496,31.9768,31.9844,32.0072,32.0453,32.0987,32.1675,32.2518,32.3516,32.4672,32.5986,32.7460,32.9095,33.0892,33.2851,33.4974,33.7258,33.9703,34.2306,34.5063,34.7969,35.1015
1497,31.9820,31.9896,32.0124,32.0505,32.1039,32.1727,32.2570,32.3569,32.4725,32.6039,32.7514,32.9149,33.0946,33.2905,33.5027,33.7312,33.9756,34.2359,34.5115,34.8019,35.1064
1498,31.9871,31.9947,32.0175,32.0557,32.1091,32.1779,32.2622,32.3621,32.4778,32.6093,32.7567,32.9202,33.1000,33.2959,33.5081,33.7365,33.9810,34.2411,34.5166,34.8069,35.1112
1499,31.9922,31.9998,32.0227,32.0608,32.1143,32.1831,32.2675,32.3674,32.4831,32.6146,32.7620,32.9256,33.1053,33.3013,33.5135,33.7419,33.9863,34.2464,34.5218,34.8119,35.1161
1500,31.9974,32.0050,32.0279,32.0660,32.1195,32.1883,32.2727,32.3727,32.4883,32.6199,32.7674,32.9310,33.1107,33.3067,33.5189,33.7473,33.9916,34.2516,34.5269,34.8169,35.1209
1501,32.0025,32.0101,32.0330,32.0712,32.1246,32.1935,32.2779,32.3779,32.4936,32.6252,32.7727,32.9363,33.1161,33.3121,33.5243,33.7526,33.9969,34.2569,34.5321,34.8219,35.1259
1502,32.0077,32.0153,32.0382,32.0763,32.1298,32.1987,32.2831,32.3832,32.4989,32.6305,32.7781,32.9417,33.1215,33.3175,33.5297,33.7580,34.0022,34.2621,34.5372,34.8270,35.1310
1503,32.0128,32.0204,32.0433,32.0815,32.1350,32.2039,32.2884,32.3884,32.5042,32.6358,32.7834,32.9471,33.1269,33.3229,33.5350,33.7633,34.0075,34.2673,34.5423,34.8320,35.1361
1504,32.0180,32.0256,32.0485,32.0867,32.1402,32.2091,32.2936,32.3937,32.5095,32.6411,32.7888,32.9524,33.1322,33.3283,33.5404,33.7687,34.0128,34.2725,34.5474,34.8371,35.1412
1505,32.0231,32.0307,32.0536,32.0918,32.1454,32.2144,32.2988,32.3989,32.5148,32.6465,32.7941,32.9578,33.1376,33.3336,33.5458,33.7740,34.0181,34.2778,34.5526,34.8422,35.1464
1506,32.0283,32.0359,32.0588,32.0970,32.1506,32.2196,32.3041,32.4042,32.5201,32.6518,32.7994,32.9632,33.1430,33.3390,33.5512,33.7793,34.0234,34.2830,34.5577,34.8473,35.1516
1507,32.0334,32.0411,32.0640,32.1022,32.1558,32.2248,32.3093,32.4095,32.5254,32.6571,32.8048,32.9685,33.1484,33.3444,33.5565,33.7847,34.0287,34.2882,34.5629,34.8524,35.1568
1508,32.0386,32.0462,32.0691,32.1074,32.1610,32.2300,32.3146,32.4147,32.5306,32.6624,32.8101,32.9739,33.1537,33.3498,33.5619,33.7900,34.0339,34.2934,34.5680,34.8576,35.1621
1509,32.0437,32.0514,32.0743,32.1125,32.1662,32.2352,32.3198,32.4200,32.5359,32.6677,32.8155,32.9792,33.1591,33.3551,33.5672,33.7953,34.0392,34.2986,34.5732,34.8628,35.1674
1510,32.0489,32.0565,32.0795,32.1177,32.1714,32.2404,32.3250,32.4253,32.5412,32.6730,32.8208,32.9846,33.1645,33.3605,33.5726,33.8006,34.0445,34.3038,34.5784,34.8680,35.1727
1511,32.0541,32.0617,32.0846,32.1229,32.1766,32.2456,32.3303,32.4305,32.5465,32.6783,32.8261,32.9899,33.1698,33.3659,33.5779,33.8060,34.0498,34.3091,34.5836,34.8732,35.1780
1512,32.0592,32.0669,32.0898,32.1281,32.1818,32.2509,32.3355,32.4358,32.5518,32.6837,32.8315,32.9953,33.1752,33.3712,33.5833,33.8113,34.0550,34.3143,34.5888,34.8784,35.1834
1513,32.0644,32.0720,32.0950,32.1333,32.1870,32.2561,32.3408,32.4411,32.5571,32.6890,32.8368,33.0006,33.1806,33.3766,33.5886,33.8166,34.0603,34.3195,34.5940,34.8836,35.1887
1514,32.0696,32.0772,32.1002,32.1385,32.1922,32.2613,32.3460,32.4463,32.5624,32.6943,32.8421,33.0060,33.1859,33.3819,33.5940,33.8219,34.0656,34.3247,34.5992,34.8889,35.1941
1515,32.0747,32.0824,32.1053,32.1437,32.1974,32.2665,32.3512,32.4516,32.5677,32.6996,32.8475,33.0114,33.1913,33.3873,33.5993,33.8272,34.0708,34.3300,34.6044,34.8942,35.1995
1516,32.0799,32.0875,32.1105,32.1488,32.2026,32.2718,32.3565,32.4569,32.5730,32.7049,32.8528,33.0167,33.1966,33.3926,33.6046,33.8325,34.0761,34.3352,34.6097,34.8994,35.2049
1517,32.0851,32.0927,32.1157,32.1540,32.2078,32.2770,32.3617,32.4621,32.5783,32.7102,32.8581,33.0221,33.2020,33.3980,33.6100,33.8378,34.0814,34.3405,34.6149,34.9047,35.2103
1518,32.0902,32.0979,32.1209,32.1592,32.2130,32.2822,32.3670,32.4674,32.5836,32.7156,32.8635,33.0274,33.2074,33.4033,33.6153,33.8431,34.0867,34.3457,34.6201,34.9101,35.2158
1519,32.0954,32.1031,32.1261,32.1644,32.2182,32.2874,32.3722,32.4727,32.5889,32.7209,32.8688,33.0327,33.2127,33.4087,33.6206,33.8484,34.0919,34.3510,34.6254,34.9154,35.2212
1520,32.1006,32.1083,32.1313,32.1696,32.2234,32.2927,32.3775,32.4779,32.5941,32.7262,32.8741,33.0381,33.2181,33.4140,33.6260,33.8537,34.0972,34.3562,34.6307,34.9207,35.2267
1521,32.1058,32.1134,32.1364,32.1748,32.2286,32.2979,32.3827,32.4832,32.5994,32.7315,32.8795,33.0434,33.2234,33.4194,33.6313,33.8590,34.1025,34.3615,34.6360,34.9261,35.2321
1522,32.1109,32.1186,32.1416,32.1800,32.2338,32.3031,32.3880,32.4885,32.6047,32.7368,32.8848,33.0488,33.2287,33.4247,33.6366,33.8643,34.1078,34.3667,34.6412,34.9314,35.2376
1523,32.1161,32.1238,32.1468,32.1852,32.2390,32.3083,32.3932,32.4938,32.6100,32.7421,32.8901,33.0541,33.2341,33.4301,33.6419,33.8696,34.1130,34.3720,34.6465,34.9368,35.2431
1524,32.1213,32.1290,32.1520,32.1904,32.2443,32.3136,32.3985,32.4990,32.6153,32.7474,32.8955,33.0595,33.2394,33.4354,33.6473,33.8749,34.1183,34.3773,34.6518,34.9422,35.2486
1525,32.1265,32.1342,32.1572,32.1956,32.2495,32.3188,32.4037,32.5043,32.6206,32.7528,32.9008,33.0648,33.2448,33.4407,33.6526,33.8802,34.1236,34.3826,34.6572,34.9475,35.2541
1526,32.1317,32.1393,32.1624,32.2008,32.2547,32.3240,32.4090,32.5096,32.6259,32.7581,32.9061,33.0701,33.2501,33.4461,33.6579,33.8855,34.1289,34.3879,34.6625,34.9529,35.2597
1527,32.1369,32.1445,32.1676,32.2060,32.2599,32.3293,32.4142,32.5149,32.6312,32.7634,32.9115,33.0755,33.2555,33.4514,33.6632,33.8908,34.1342,34.3932,34.6678,34.9583,35.2652
1528,32.1420,32.1497,32.1728,32.2112,32.2651,32.3345,32.4195,32.5201,32.6365,32.7687,32.9168,33.0808,33.2608,33.4567,33.6685,33.8962,34.1395,34.3985,34.6731,34.9638,35.2707
1529,32.1472,32.1549,32.1780,32.2164,32.2703,32.3398,32.4248,32.5254,32.6418,32.7740,32.9221,33.0861,33.2661,33.4621,33.6739,33.9015,34.1448,34.4038,34.6785,34.9692,35.2763
1530,32.1524,32.1601,32.1832,32.2216,32.2756,32.3450,32.4300,32.5307,32.6471,32.7793,32.9274,33.0915,33.2715,33.4674,33.6792,33.9068,34.1501,34.4091,34.6838,34.9746,35.2819
1531,32.1576,32.1653,32.1884,32.2269,32.2808,32.3502,32.4353,32.5360,32.6524,32.7846,32.9328,33.0968,33.2768,33.4727,33.6845,33.9121,34.1554,34.4144,34.6892,34.9801,35.2874
1532,32.1628,32.1705,32.1936,32.2321,32.2860,32.3555,32.4405,32.5412,32.6577,32.7899,32.9381,33.1021,33.2821,33.4780,33.6898,33.9174,34.1607,34.4197,34.6946,34.9855,35.2930
1533,32.1680,32.1757,32.1988,32.2373,32.2912,32.3607,32.4458,32.5465,32.6630,32.7953,32.9434,33.1075,33.2875,33.4834,33.6951,33.9227,34.1660,34.4250,34.6999,34.9910,35.2986
1534,32.1732,32.1809,32.2040,32.2425,32.2965,32.3660,32.4510,32.5518,32.6683,32.8006,32.9487,33.1128,33.2928,33.4887,33.7004,33.9280,34.1713,34.4304,34.7053,34.9964,35.3042
1535,32.1784,32.1861,32.2092,32.2477,32.3017,32.3712,32.4563,32.5571,32.6736,32.8059,32.9541,33.1181,33.2981,33.4940,33.7058,33.9333,34.1766,34.4357,34.7107,35.0019,35.3098
1536,32.1836,32.1913,32.2144,32.2529,32.3069,32.3764,32.4616,32.5623,32.6789,32.8112,32.9594,33.1235,33.3035,33.4993,33.7111,33.9386,34.1819,34.4410,34.7161,35.0074,35.3154
1537,32.1888,32.1965,32.2196,32.2581,32.3121,32.3817,32.4668,32.5676,32.6842,32.8165,32.9647,33.1288,33.3088,33.5047,33.7164,33.9439,34.1873,34.4464,34.7215,35.0129,35.3211
1538,32.1940,32.2017,32.2248,32.2634,32.3174,32.3869,32.4721,32.5729,32.6895,32.8218,32.9700,33.1341,33.3141,33.5100,33.7217,33.9492,34.1926,34.4517,34.7269,35.0184,35.3267
1539,32.1992,32.2069,32.2300,32.2686,32.3226,32.3922,32.4773,32.5782,32.6947,32.8271,32.9753,33.1394,33.3194,33.5153,33.7270,33.9546,34.1979,34.4571,34.7323,35.0239,35.3323
1540,32.2044,32.2121,32.2352,32.2738,32.3278,32.3974,32.4826,32.5835,32.7000,32.8324,32.9807,33.1448,33.3248,33.5206,33.7323,33.9599,34.2032,34.4625,34.7378,35.0294,35.3380
1541,32.2096,32.2173,32.2404,32.2790,32.3331,32.4027,32.4879,32.5887,32.7053,32.8377,32.9860,33.1501,33.3301,33.5260,33.7377,33.9652,34.2086,34.4678,34.7432,35.0349,35.3436
1542,32.2148,32.2225,32.2457,32.2842,32.3383,32.4079,32.4931,32.5940,32.7106,32.8430,32.9913,33.1554,33.3354,33.5313,33.7430,33.9705,34.2139,34.4732,34.7486,35.0405,35.3493
1543,32.2200,32.2277,32.2509,32.2895,32.3435,32.4132,32.4984,32.5993,32.7159,32.8483,32.9966,33.1607,33.3407,33.5366,33.7483,33.9759,34.2193,34.4786,34.7541,35.0460,35.3549
1544,32.2252,32.2329,32.2561,32.2947,32.3488,32.4184,32.5037,32.6046,32.7212,32.8537,33.0019,33.1660,33.3461,33.5419,33.7536,33.9812,34.2246,34.4840,34.7595,35.0515,35.3606
1545,32.2304,32.2382,32.2613,32.2999,32.3540,32.4237,32.5089,32.6099,32.7265,32.8590,33.0072,33.1714,33.3514,33.5472,33.7590,33.9865,34.2299,34.4894,34.7650,35.0571,35.3663
1546,32.2356,32.2434,32.2665,32.3051,32.3593,32.4289,32.5142,32.6151,32.7318,32.8643,33.0126,33.1767,33.3567,33.5526,33.7643,33.9918,34.2353,34.4948,34.7704,35.0626,35.3720
1547,32.2409,32.2486,32.2717,32.3104,32.3645,32.4342,32.5195,32.6204,32.7371,32.8696,33.0179,33.1820,33.3620,33.5579,33.7696,33.9972,34.2407,34.5001,34.7759,35.0682,35.3777
1548,32.2461,32.2538,32.2770,32.3156,32.3697,32.4394,32.5247,32.6257,32.7424,32.8749,33.0232,33.1873,33.3673,33.5632,33.7749,34.0025,34.2460,34.5056,34.7813,35.0738,35.3833
1549,32.2513,32.2590,32.2822,32.3208,32.3750,32.4447,32.5300,32.6310,32.7477,32.8802,33.0285,33.1927,33.3727,33.5685,33.7803,34.0079,34.2514,34.5110,34.7868,35.0793,35.3891
1550,32.2565,32.2642,32.2874,32.3261,32.3802,32.4499,32.5353,32.6363,32.7530,32.8855,33.0338,33.1980,33.3780,33.5739,33.7856,34.0132,34.2568,34.5164,34.7923,35.0849,35.3948
1551,32.2617,32.2694,32.2926,32.3313,32.3855,32.4552,32.5405,32.6415,32.7583,32.8908,33.0391,33.2033,33.3833,33.5792,33.7909,34.0185,34.2621,34.5218,34.7978,35.0905,35.4005
1552,32.2669,32.2747,32.2978,32.3365,32.3907,32.4604,32.5458,32.6468,32.7636,32.8961,33.0444,33.2086,33.3886,33.5845,33.7963,34.0239,34.2675,34.5272,34.8033,35.0961,35.4062
1553,32.2722,32.2799,32.3031,32.3417,32.3959,32.4657,32.5511,32.6521,32.7689,32.9014,33.0497,33.2139,33.3940,33.5898,33.8016,34.0292,34.2729,34.5326,34.8088,35.1017,35.4119
1554,32.2774,32.2851,32.3083,32.3470,32.4012,32.4710,32.5563,32.6574,32.7742,32.9067,33.0551,33.2192,33.3993,33.5952,33.8069,34.0346,34.2783,34.5381,34.8143,35.1073,35.4177
1555,32.2826,32.2903,32.3135,32.3522,32.4064,32.4762,32.5616,32.6627,32.7795,32.9120,33.0604,33.2246,33.4046,33.6005,33.8123,34.0400,34.2836,34.5435,34.8198,35.1129,35.4234
1556,32.2878,32.2956,32.3188,32.3575,32.4117,32.4815,32.5669,32.6680,32.7847,32.9173,33.0657,33.2299,33.4099,33.6058,33.8176,34.0453,34.2890,34.5489,34.8253,35.1185,35.4291
1557,32.2930,32.3008,32.3240,32.3627,32.4169,32.4867,32.5721,32.6732,32.7900,32.9226,33.0710,33.2352,33.4152,33.6112,33.8229,34.0507,34.2944,34.5544,34.8308,35.1242,35.4349
1558,32.2983,32.3060,32.3292,32.3679,32.4222,32.4920,32.5774,32.6785,32.7953,32.9279,33.0763,33.2405,33.4206,33.6165,33.8283,34.0560,34.2998,34.5598,34.8364,35.1298,35.4406
1559,32.3035,32.3112,32.3344,32.3732,32.4274,32.4972,32.5827,32.6838,32.8006,32.9332,33.0816,33.2458,33.4259,33.6218,33.8336,34.0614,34.3052,34.5653,34.8419,35.1354,35.4464
1560,32.3087,32.3165,32.3397,32.3784,32.4327,32.5025,32.5880,32.6891,32.8059,32.9385,33.0869,33.2511,33.4312,33.6271,33.8390,34.0668,34.3106,34.5707,34.8474,35.1410,35.4522
1561,32.3139,32.3217,32.3449,32.3836,32.4379,32.5078,32.5932,32.6944,32.8112,32.9438,33.0922,33.2565,33.4365,33.6325,33.8443,34.0721,34.3160,34.5762,34.8530,35.1467,35.4578
1562,32.3192,32.3269,32.3501,32.3889,32.4432,32.5130,32.5985,32.6996,32.8165,32.9491,33.0975,33.2618,33.4419,33.6378,33.8497,34.0775,34.3214,34.5817,34.8585,35.1523,35.4634
1563,32.3244,32.3321,32.3554,32.3941,32.4484,32.5183,32.6038,32.7049,32.8218,32.9544,33.1029,33.2671,33.4472,33.6431,33.8550,34.0829,34.3269,34.5871,34.8640,35.1579,35.4689
1564,32.3296,32.3374,32.3606,32.3994,32.4537,32.5235,32.6090,32.7102,32.8271,32.9597,33.1082,33.2724,33.4525,33.6485,33.8604,34.0883,34.3323,34.5926,34.8696,35.1635,35.4744
1565,32.3349,32.3426,32.3659,32.4046,32.4589,32.5288,32.6143,32.7155,32.8324,32.9650,33.1135,33.2777,33.4578,33.6538,33.8657,34.0936,34.3377,34.5981,34.8751,35.1690,35.4798
1566,32.3401,32.3478,32.3711,32.4099,32.4642,32.5341,32.6196,32.7208,32.8377,32.9703,33.1188,33.2831,33.4632,33.6592,33.8711,34.0990,34.3431,34.6036,34.8806,35.1745,35.4853
1567,32.3453,32.3531,32.3763,32.4151,32.4694,32.5393,32.6249,32.7261,32.8430,32.9756,33.1241,33.2884,33.4685,33.6645,33.8764,34.1044,34.3485,34.6090,34.8862,35.1801,35.4907
1568,32.3506,32.3583,32.3816,32.4204,32.4747,32.5446,32.6301,32.7314,32.8483,32.9810,33.1294,33.2937,33.4738,33.6698,33.8818,34.1098,34.3540,34.6145,34.8917,35.1856,35.4961
1569,32.3558,32.3636,32.3868,32.4256,32.4799,32.5499,32.6354,32.7366,32.8536,32.9863,33.1347,33.2990,33.4792,33.6752,33.8872,34.1152,34.3594,34.6200,34.8972,35.1910,35.5015
1570,32.3610,32.3688,32.3921,32.4308,32.4852,32.5551,32.6407,32.7419,32.8589,32.9916,33.1400,33.3043,33.4845,33.6805,33.8925,34.1206,34.3648,34.6255,34.9027,35.1965,35.5068
1571,32.3663,32.3740,32.3973,32.4361,32.4904,32.5604,32.6460,32.7472,32.8642,32.9969,33.1454,33.3097,33.4898,33.6859,33.8979,34.1260,34.3703,34.6309,34.9081,35.2020,35.5121
1572,32.3715,32.3793,32.4025,32.4413,32.4957,32.5657,32.6512,32.7525,32.8695,33.0022,33.1507,33.3150,33.4951,33.6912,33.9033,34.1314,34.3757,34.6364,34.9136,35.2074,35.5175
1573,32.3768,32.3845,32.4078,32.4466,32.5010,32.5709,32.6565,32.7578,32.8747,33.0075,33.1560,33.3203,33.5005,33.6966,33.9086,34.1368,34.3811,34.6419,34.9191,35.2128,35.5228
1574,32.3820,32.3897,32.4130,32.4518,32.5062,32.5762,32.6618,32.7631,32.8800,33.0128,33.1613,33.3256,33.5058,33.7019,33.9140,34.1422,34.3866,34.6473,34.9246,35.2182,35.5280
1575,32.3872,32.3950,32.4183,32.4571,32.5115,32.5815,32.6671,32.7683,32.8853,33.0181,33.1666,33.3309,33.5111,33.7073,33.9194,34.1476,34.3920,34.6528,34.9300,35.2236,35.5333
1576,32.3925,32.4002,32.4235,32.4623,32.5167,32.5867,32.6723,32.7736,32.8906,33.0234,33.1719,33.3363,33.5165,33.7126,33.9247,34.1530,34.3974,34.6582,34.9354,35.2290,35.5386
1577,32.3977,32.4055,32.4288,32.4676,32.5220,32.5920,32.6776,32.7789,32.8959,33.0287,33.1772,33.3416,33.5218,33.7180,33.9301,34.1584,34.4028,34.6637,34.9409,35.2344,35.5438
1578,32.4030,32.4107,32.4340,32.4728,32.5273,32.5973,32.6829,32.7842,32.9012,33.0340,33.1825,33.3469,33.5272,33.7233,33.9355,34.1638,34.4083,34.6691,34.9463,35.2398,35.5491
1579,32.4082,32.4160,32.4393,32.4781,32.5325,32.6025,32.6882,32.7895,32.9065,33.0393,33.1879,33.3522,33.5325,33.7287,33.9409,34.1692,34.4137,34.6745,34.9517,35.2451,35.5543
1580,32.4134,32.4212,32.4445,32.4834,32.5378,32.6078,32.6934,32.7948,32.9118,33.0446,33.1932,33.3576,33.5378,33.7340,33.9462,34.1746,34.4191,34.6800,34.9571,35.2504,35.5595
1581,32.4187,32.4265,32.4498,32.4886,32.5430,32.6131,32.6987,32.8001,32.9171,33.0499,33.1985,33.3629,33.5432,33.7394,33.9516,34.1800,34.4245,34.6854,34.9625,35.2558,35.5647
1582,32.4239,32.4317,32.4550,32.4939,32.5483,32.6183,32.7040,32.8053,32.9224,33.0552,33.2038,33.3682,33.5485,33.7447,33.9570,34.1854,34.4299,34.6908,34.9679,35.2611,35.5699
1583,32.4292,32.4369,32.4603,32.4991,32.5536,32.6236,32.7093,32.8106,32.9277,33.0605,33.2091,33.3735,33.5539,33.7501,33.9624,34.1908,34.4354,34.6962,34.9733,35.2664,35.5751
1584,32.4344,32.4422,32.4655,32.5044,32.5588,32.6289,32.7146,32.8159,32.9330,33.0658,33.2144,33.3789,33.5592,33.7555,33.9678,34.1962,34.4408,34.7016,34.9787,35.2717,35.5802
1585,32.4397,32.4474,32.4708,32.5096,32.5641,32.6341,32.7198,32.8212,32.9383,33.0711,33.2197,33.3842,33.5645,33.7608,33.9731,34.2016,34.4462,34.7070,34.9840,35.2770,35.5854
1586,32.4449,32.4527,32.4760,32.5149,32.5693,32.6394,32.7251,32.8265,32.9436,33.0764,33.2251,33.3895,33.5699,33.7662,33.9785,34.2070,34.4516,34.7124,34.9894,35.2823,35.5905
1587,32.4502,32.4579,32.4813,32.5201,32.5746,32.6447,32.7304,32.8318,32.9489,33.0817,33.2304,33.3949,33.5752,33.7715,33.9839,34.2124,34.4570,34.7178,34.9947,35.2875,35.5957
1588,32.4554,32.4632,32.4865,32.5254,32.5799,32.6500,32.7357,32.8371,32.9542,33.0870,33.2357,33.4002,33.5806,33.7769,33.9893,34.2177,34.4624,34.7232,35.0001,35.2928,35.6008
1589,32.4607,32.4684,32.4918,32.5307,32.5851,32.6552,32.7410,32.8424,32.9595,33.0924,33.2410,33.4055,33.5859,33.7823,33.9946,34.2231,34.4678,34.7286,35.0054,35.2980,35.6059
1590,32.4659,32.4737,32.4970,32.5359,32.5904,32.6605,32.7462,32.8477,32.9648,33.0977,33.2463,33.4108,33.5913,33.7876,34.0000,34.2285,34.4732,34.7340,35.0108,35.3033,35.6111
1591,32.4712,32.4790,32.5023,32.5412,32.5957,32.6658,32.7515,32.8529,32.9701,33.1030,33.2517,33.4162,33.5966,33.7930,34.0054,34.2339,34.4786,34.7393,35.0161,35.3085,35.6162
1592,32.4764,32.4842,32.5075,32.5464,32.6009,32.6710,32.7568,32.8582,32.9754,33.1083,33.2570,33.4215,33.6019,33.7983,34.0108,34.2393,34.4840,34.7447,35.0214,35.3138,35.6213
1593,32.4817,32.4895,32.5128,32.5517,32.6062,32.6763,32.7621,32.8635,32.9807,33.1136,33.2623,33.4268,33.6073,33.8037,34.0162,34.2447,34.4893,34.7501,35.0267,35.3190,35.6264
1594,32.4869,32.4947,32.5181,32.5570,32.6115,32.6816,32.7674,32.8688,32.9860,33.1189,33.2676,33.4322,33.6126,33.8091,34.0215,34.2501,34.4947,34.7554,35.0320,35.3242,35.6314
1595,32.4922,32.5000,32.5233,32.5622,32.6167,32.6869,32.7726,32.8741,32.9913,33.1242,33.2729,33.4375,33.6180,33.8144,34.0269,34.2555,34.5001,34.7608,35.0373,35.3294,35.6365
1596,32.4974,32.5052,32.5286,32.5675,32.6220,32.6921,32.7779,32.8794,32.9966,33.1295,33.2783,33.4428,33.6233,33.8198,34.0323,34.2608,34.5055,34.7661,35.0426,35.3346,35.6416
1597,32.5027,32.5105,32.5338,32.5728,32.6273,32.6974,32.7832,32.8847,33.0019,33.1348,33.2836,33.4482,33.6287,33.8252,34.0377,34.2662,34.5108,34.7714,35.0479,35.3398,35.6467
1598,32.5080,32.5157,32.5391,32.5780,32.6325,32.7027,32.7885,32.8900,33.0072,33.1401,33.2889,33.4535,33.6340,33.8305,34.0430,34.2716,34.5162,34.7768,35.0532,35.3450,35.6517
1599,32.5132,32.5210,32.5443,32.5833,32.6378,32.7080,32.7938,32.8953,33.0125,33.1454,33.2942,33.4588,33.6394,33.8359,34.0484,34.2770,34.5216,34.7821,35.0584,35.3501,35.6568
1600,32.5185,32.5263,32.5496,32.5885,32.6431,32.7132,32.7991,32.9006,33.0178,33.1508,33.2995,33.4642,33.6447,33.8412,34.0538,34.2823,34.5269,34.7874,35.0637,35.3553,35.6618
1601,32.5237,32.5315,32.5549,32.5938,32.6484,32.7185,32.8043,32.9059,33.0231,33.1561,33.3049,33.4695,33.6501,33.8466,34.0591,34.2877,34.5323,34.7928,35.0689,35.3605,35.6668
1602,32.5290,32.5368,32.5601,32.5991,32.6536,32.7238,32.8096,32.9111,33.0284,33.1614,33.3102,33.4749,33.6554,33.8520,34.0645,34.2931,34.5376,34.7981,35.0742,35.3656,35.6719
1603,32.5342,32.5420,32.5654,32.6043,32.6589,32.7291,32.8149,32.9164,33.0337,33.1667,33.3155,33.4802,33.6608,33.8573,34.0699,34.2984,34.5430,34.8034,35.0794,35.3708,35.6769
1604,32.5395,32.5473,32.5707,32.6096,32.6642,32.7344,32.8202,32.9217,33.0390,33.1720,33.3208,33.4855,33.6661,33.8627,34.0752,34.3038,34.5483,34.8087,35.0847,35.3759,35.6819
1605,32.5448,32.5526,32.5759,32.6149,32.6694,32.7396,32.8255,32.9270,33.0443,33.1773,33.3262,33.4909,33.6715,33.8680,34.0806,34.3091,34.5536,34.8140,35.0899,35.3811,35.6869
1606,32.5500,32.5578,32.5812,32.6201,32.6747,32.7449,32.8308,32.9323,33.0496,33.1826,33.3315,33.4962,33.6768,33.8734,34.0859,34.3145,34.5590,34.8193,35.0951,35.3862,35.6919
1607,32.5553,32.5631,32.5864,32.6254,32.6800,32.7502,32.8361,32.9376,33.0549,33.1880,33.3368,33.5015,33.6822,33.8787,34.0913,34.3198,34.5643,34.8246,35.1004,35.3913,35.6969
1608,32.5605,32.5683,32.5917,32.6307,32.6853,32.7555,32.8413,32.9429,33.0602,33.1933,33.3421,33.5069,33.6875,33.8841,34.0967,34.3252,34.5696,34.8299,35.1056,35.3964,35.7019
1609,32.5658,32.5736,32.5970,32.6359,32.6905,32.7608,32.8466,32.9482,33.0655,33.1986,33.3475,33.5122,33.6929,33.8895,34.1020,34.3305,34.5750,34.8351,35.1108,35.4016,35.7069
1610,32.5711,32.5789,32.6022,32.6412,32.6958,32.7660,32.8519,32.9535,33.0708,33.2039,33.3528,33.5175,33.6982,33.8948,34.1074,34.3359,34.5803,34.8404,35.1160,35.4067,35.7119
1611,32.5763,32.5841,32.6075,32.6465,32.7011,32.7713,32.8572,32.9588,33.0761,33.2092,33.3581,33.5229,33.7036,33.9002,34.1127,34.3412,34.5856,34.8457,35.1212,35.4118,35.7168
1612,32.5816,32.5894,32.6128,32.6518,32.7064,32.7766,32.8625,32.9641,33.0814,33.2145,33.3634,33.5282,33.7089,33.9055,34.1181,34.3466,34.5909,34.8509,35.1264,35.4169,35.7218
1613,32.5869,32.5947,32.6180,32.6570,32.7116,32.7819,32.8678,32.9694,33.0867,33.2198,33.3688,33.5336,33.7142,33.9109,34.1234,34.3519,34.5962,34.8562,35.1316,35.4219,35.7268
1614,32.5921,32.5999,32.6233,32.6623,32.7169,32.7872,32.8731,32.9747,33.0920,33.2252,33.3741,33.5389,33.7196,33.9162,34.1288,34.3572,34.6015,34.8615,35.1368,35.4270,35.7317
1615,32.5974,32.6052,32.6286,32.6676,32.7222,32.7924,32.8784,32.9800,33.0973,33.2305,33.3794,33.5442,33.7249,33.9216,34.1341,34.3626,34.6068,34.8667,35.1419,35.4321,35.7367
1616,32.6027,32.6105,32.6338,32.6728,32.7275,32.7977,32.8837,32.9853,33.1027,33.2358,33.3848,33.5496,33.7303,33.9269,34.1395,34.3679,34.6121,34.8720,35.1471,35.4372,35.7416
1617,32.6079,32.6157,32.6391,32.6781,32.7327,32.8030,32.8889,32.9906,33.1080,33.2411,33.3901,33.5549,33.7356,33.9323,34.1448,34.3732,34.6174,34.8772,35.1523,35.4422,35.7466
1618,32.6132,32.6210,32.6444,32.6834,32.7380,32.8083,32.8942,32.9959,33.1133,33.2464,33.3954,33.5602,33.7410,33.9376,34.1501,34.3785,34.6227,34.8824,35.1574,35.4473,35.7515
1619,32.6185,32.6263,32.6497,32.6887,32.7433,32.8136,32.8995,33.0012,33.1186,33.2517,33.4007,33.5656,33.7463,33.9429,34.1555,34.3839,34.6280,34.8877,35.1626,35.4524,35.7564
1620,32.6237,32.6315,32.6549,32.6939,32.7486,32.8189,32.9048,33.0065,33.1239,33.2571,33.4061,33.5709,33.7516,33.9483,34.1608,34.3892,34.6333,34.8929,35.1677,35.4574,35.7614
1621,32.6290,32.6368,32.6602,32.6992,32.7539,32.8241,32.9101,33.0118,33.1292,33.2624,33.4114,33.5762,33.7570,33.9536,34.1661,34.3945,34.6386,34.8981,35.1729,35.4625,35.7664
1622,32.6343,32.6421,32.6655,32.7045,32.7591,32.8294,32.9154,33.0171,33.1345,33.2677,33.4167,33.5816,33.7623,33.9590,34.1715,34.3998,34.6438,34.9033,35.1780,35.4675,35.7714
1623,32.6395,32.6473,32.6707,32.7098,32.7644,32.8347,32.9207,33.0224,33.1398,33.2730,33.4220,33.5869,33.7677,33.9643,34.1768,34.4051,34.6491,34.9086,35.1832,35.4726,35.7765
1624,32.6448,32.6526,32.6760,32.7150,32.7697,32.8400,32.9260,33.0277,33.1451,33.2783,33.4274,33.5922,33.7730,33.9696,34.1821,34.4104,34.6544,34.9138,35.1883,35.4777,35.7816
1625,32.6501,32.6579,32.6813,32.7203,32.7750,32.8453,32.9313,33.0330,33.1504,33.2837,33.4327,33.5976,33.7783,33.9750,34.1874,34.4157,34.6596,34.9190,35.1935,35.4828,35.7868
1626,32.6553,32.6631,32.6866,32.7256,32.7803,32.8506,32.9366,33.0383,33.1557,33.2890,33.4380,33.6029,33.7837,33.9803,34.1928,34.4210,34.6649,34.9242,35.1986,35.4879,35.7919
1627,32.6606,32.6684,32.6918,32.7309,32.7855,32.8559,32.9419,33.0436,33.1610,33.2943,33.4433,33.6082,33.7890,33.9856,34.1981,34.4263,34.6701,34.9294,35.2038,35.4930,35.7971
1628,32.6659,32.6737,32.6971,32.7361,32.7908,32.8612,32.9472,33.0489,33.1664,33.2996,33.4487,33.6136,33.7943,33.9910,34.2034,34.4316,34.6754,34.9346,35.2089,35.4982,35.8023
1629,32.6712,32.6790,32.7024,32.7414,32.7961,32.8664,32.9525,33.0542,33.1717,33.3049,33.4540,33.6189,33.7997,33.9963,34.2087,34.4369,34.6807,34.9398,35.2141,35.5033,35.8075
1630,32.6764,32.6842,32.7077,32.7467,32.8014,32.8717,32.9578,33.0595,33.1770,33.3102,33.4593,33.6242,33.8050,34.0016,34.2140,34.4422,34.6859,34.9450,35.2193,35.5085,35.8127
1631,32.6817,32.6895,32.7129,32.7520,32.8067,32.8770,32.9631,33.0648,33.1823,33.3156,33.4646,33.6296,33.8103,34.0069,34.2193,34.4475,34.6912,34.9502,35.2244,35.5137,35.8179
1632,32.6870,32.6948,32.7182,32.7573,32.8120,32.8823,32.9683,33.0701,33.1876,33.3209,33.4700,33.6349,33.8157,34.0123,34.2247,34.4527,34.6964,34.9554,35.2296,35.5188,35.8231
1633,32.6922,32.7001,32.7235,32.7625,32.8172,32.8876,32.9736,33.0754,33.1929,33.3262,33.4753,33.6402,33.8210,34.0176,34.2300,34.4580,34.7017,34.9606,35.2348,35.5240,35.8284
1634,32.6975,32.7053,32.7288,32.7678,32.8225,32.8929,32.9789,33.0807,33.1982,33.3315,33.4806,33.6455,33.8263,34.0229,34.2353,34.4633,34.7069,34.9659,35.2400,35.5292,35.8336
1635,32.7028,32.7106,32.7340,32.7731,32.8278,32.8982,32.9842,33.0860,33.2035,33.3368,33.4859,33.6509,33.8316,34.0282,34.2406,34.4686,34.7121,34.9711,35.2452,35.5344,35.8389
1636,32.7081,32.7159,32.7393,32.7784,32.8331,32.9035,32.9895,33.0913,33.2088,33.3422,33.4913,33.6562,33.8370,34.0335,34.2459,34.4739,34.7174,34.9763,35.2504,35.5396,35.8441
1637,32.7133,32.7212,32.7446,32.7837,32.8384,32.9088,32.9948,33.0966,33.2142,33.3475,33.4966,33.6615,33.8423,34.0389,34.2512,34.4791,34.7226,34.9815,35.2556,35.5449,35.8494
1638,32.7186,32.7264,32.7499,32.7889,32.8437,32.9140,33.0001,33.1019,33.2195,33.3528,33.5019,33.6669,33.8476,34.0442,34.2565,34.4844,34.7279,34.9867,35.2608,35.5501,35.8547
1639,32.7239,32.7317,32.7551,32.7942,32.8489,32.9193,33.0054,33.1072,33.2248,33.3581,33.5072,33.6722,33.8529,34.0495,34.2618,34.4897,34.7331,34.9919,35.2660,35.5553,35.8600
1640,32.7292,32.7370,32.7604,32.7995,32.8542,32.9246,33.0107,33.1125,33.2301,33.3634,33.5126,33.6775,33.8583,34.0548,34.2671,34.4950,34.7384,34.9972,35.2712,35.5605,35.8653
1641,32.7345,32.7423,32.7657,32.8048,32.8595,32.9299,33.0160,33.1178,33.2354,33.3687,33.5179,33.6828,33.8636,34.0601,34.2724,34.5002,34.7436,35.0024,35.2764,35.5658,35.8706
1642,32.7397,32.7475,32.7710,32.8101,32.8648,32.9352,33.0213,33.1231,33.2407,33.3741,33.5232,33.6881,33.8689,34.0654,34.2776,34.5055,34.7489,35.0076,35.2817,35.5710,35.8759
1643,32.7450,32.7528,32.7763,32.8154,32.8701,32.9405,33.0266,33.1284,33.2460,33.3794,33.5285,33.6935,33.8742,34.0707,34.2829,34.5108,34.7541,35.0128,35.2869,35.5763,35.8812
1644,32.7503,32.7581,32.7815,32.8206,32.8754,32.9458,33.0319,33.1338,33.2513,33.3847,33.5338,33.6988,33.8795,34.0760,34.2882,34.5160,34.7594,35.0181,35.2921,35.5816,35.8865
1645,32.7556,32.7634,32.7868,32.8259,32.8807,32.9511,33.0372,33.1391,33.2566,33.3900,33.5392,33.7041,33.8848,34.0813,34.2935,34.5213,34.7646,35.0233,35.2974,35.5868,35.8918
1646,32.7608,32.7687,32.7921,32.8312,32.8860,32.9564,33.0425,33.1444,33.2620,33.3953,33.5445,33.7094,33.8902,34.0866,34.2988,34.5266,34.7699,35.0286,35.3026,35.5921,35.8972
1647,32.7661,32.7739,32.7974,32.8365,32.8913,32.9617,33.0478,33.1497,33.2673,33.4006,33.5498,33.7147,33.8955,34.0919,34.3041,34.5319,34.7751,35.0338,35.3079,35.5974,35.9025
1648,32.7714,32.7792,32.8027,32.8418,32.8965,32.9670,33.0531,33.1550,33.2726,33.4060,33.5551,33.7201,33.9008,34.0972,34.3094,34.5371,34.7804,35.0390,35.3131,35.6027,35.9078
1649,32.7767,32.7845,32.8080,32.8471,32.9018,32.9723,33.0584,33.1603,33.2779,33.4113,33.5604,33.7254,33.9061,34.1025,34.3147,34.5424,34.7856,35.0443,35.3184,35.6079,35.9132
1650,32.7820,32.7898,32.8132,32.8524,32.9071,32.9776,33.0637,33.1656,33.2832,33.4166,33.5657,33.7307,33.9114,34.1078,34.3200,34.5477,34.7909,35.0495,35.3236,35.6132,35.9185
1651,32.7872,32.7951,32.8185,32.8576,32.9124,32.9829,33.0690,33.1709,33.2885,33.4219,33.5711,33.7360,33.9167,34.1131,34.3252,34.5529,34.7961,35.0548,35.3289,35.6185,35.9239
1652,32.7925,32.8003,32.8238,32.8629,32.9177,32.9882,33.0743,33.1762,33.2938,33.4272,33.5764,33.7413,33.9220,34.1184,34.3305,34.5582,34.8014,35.0601,35.3342,35.6238,35.9293
1653,32.7978,32.8056,32.8291,32.8682,32.9230,32.9935,33.0796,33.1815,33.2991,33.4325,33.5817,33.7466,33.9273,34.1237,34.3358,34.5635,34.8067,35.0653,35.3394,35.6291,35.9346
1654,32.8031,32.8109,32.8344,32.8735,32.9283,32.9988,33.0849,33.1868,33.3044,33.4378,33.5870,33.7519,33.9326,34.1290,34.3411,34.5687,34.8119,35.0706,35.3447,35.6345,35.9400
1655,32.8084,32.8162,32.8397,32.8788,32.9336,33.0040,33.0902,33.1921,33.3098,33.4432,33.5923,33.7573,33.9379,34.1343,34.3464,34.5740,34.8172,35.0758,35.3500,35.6398,35.9454
1656,32.8137,32.8215,32.8450,32.8841,32.9389,33.0093,33.0955,33.1974,33.3151,33.4485,33.5976,33.7626,33.9432,34.1396,34.3517,34.5793,34.8224,35.0811,35.3553,35.6451,35.9508
1657,32.8189,32.8268,32.8502,32.8894,32.9442,33.0146,33.1008,33.2027,33.3204,33.4538,33.6030,33.7679,33.9485,34.1449,34.3569,34.5846,34.8277,35.0864,35.3606,35.6504,35.9561
1658,32.8242,32.8321,32.8555,32.8947,32.9495,33.0199,33.1061,33.2080,33.3257,33.4591,33.6083,33.7732,33.9539,34.1502,34.3622,34.5898,34.8330,35.0916,35.3659,35.6557,35.9615
1659,32.8295,32.8373,32.8608,32.8999,32.9547,33.0252,33.1114,33.2133,33.3310,33.4644,33.6136,33.7785,33.9592,34.1555,34.3675,34.5951,34.8382,35.0969,35.3712,35.6611,35.9669
1660,32.8348,32.8426,32.8661,32.9052,32.9600,33.0305,33.1167,33.2186,33.3363,33.4697,33.6189,33.7838,33.9645,34.1608,34.3728,34.6004,34.8435,35.1022,35.3764,35.6664,35.9723
1661,32.8401,32.8479,32.8714,32.9105,32.9653,33.0358,33.1220,33.2240,33.3416,33.4750,33.6242,33.7891,33.9698,34.1661,34.3781,34.6057,34.8488,35.1075,35.3817,35.6718,35.9777
1662,32.8454,32.8532,32.8767,32.9158,32.9706,33.0411,33.1273,33.2293,33.3469,33.4803,33.6295,33.7944,33.9751,34.1714,34.3834,34.6109,34.8541,35.1128,35.3871,35.6771,35.9831
1663,32.8507,32.8585,32.8820,32.9211,32.9759,33.0464,33.1326,33.2346,33.3522,33.4857,33.6348,33.7997,33.9804,34.1767,34.3886,34.6162,34.8593,35.1180,35.3924,35.6824,35.9885
1664,32.8559,32.8638,32.8872,32.9264,32.9812,33.0517,33.1379,33.2399,33.3575,33.4910,33.6401,33.8050,33.9857,34.1820,34.3939,34.6215,34.8646,35.1233,35.3977,35.6878,35.9939
1665,32.8612,32.8691,32.8925,32.9317,32.9865,33.0570,33.1432,33.2452,33.3629,33.4963,33.6454,33.8103,33.9910,34.1873,34.3992,34.6268,34.8699,35.1286,35.4030,35.6931,35.9993
1666,32.8665,32.8743,32.8978,32.9370,32.9918,33.0623,33.1485,33.2505,33.3682,33.5016,33.6507,33.8157,33.9963,34.1926,34.4045,34.6320,34.8752,35.1339,35.4083,35.6985,36.0048
1667,32.8718,32.8796,32.9031,32.9423,32.9971,33.0676,33.1538,33.2558,33.3735,33.5069,33.6561,33.8210,34.0016,34.1979,34.4098,34.6373,34.8805,35.1392,35.4136,35.7039,36.0102
1668,32.8771,32.8849,32.9084,32.9476,33.0024,33.0729,33.1591,33.2611,33.3788,33.5122,33.6614,33.8263,34.0069,34.2031,34.4151,34.6426,34.8857,35.1445,35.4189,35.7092,36.0156
1669,32.8824,32.8902,32.9137,32.9529,33.0077,33.0782,33.1645,33.2664,33.3841,33.5175,33.6667,33.8316,34.0122,34.2084,34.4204,34.6479,34.8910,35.1498,35.4243,35.7146,36.0210
1670,32.8877,32.8955,32.9190,32.9581,33.0130,33.0835,33.1698,33.2717,33.3894,33.5228,33.6720,33.8369,34.0175,34.2137,34.4256,34.6532,34.8963,35.1551,35.4296,35.7200,36.0264
1671,32.8930,32.9008,32.9243,32.9634,33.0183,33.0888,33.1751,33.2770,33.3947,33.5281,33.6773,33.8422,34.0228,34.2190,34.4309,34.6585,34.9016,35.1604,35.4349,35.7253,36.0319
1672,32.8982,32.9061,32.9296,32.9687,33.0236,33.0941,33.1804,33.2823,33.4000,33.5334,33.6826,33.8475,34.0281,34.2243,34.4362,34.6638,34.9069,35.1657,35.4403,35.7307,36.0373
1673,32.9035,32.9114,32.9349,32.9740,33.0289,33.0994,33.1857,33.2876,33.4053,33.5387,33.6879,33.8528,34.0334,34.2296,34.4415,34.6690,34.9122,35.1710,35.4456,35.7361,36.0428
1674,32.9088,32.9167,32.9402,32.9793,33.0342,33.1047,33.1910,33.2929,33.4106,33.5440,33.6932,33.8581,34.0387,34.2349,34.4468,34.6743,34.9175,35.1763,35.4509,35.7415,36.0482
1675,32.9141,32.9219,32.9454,32.9846,33.0395,33.1100,33.1963,33.2982,33.4159,33.5494,33.6985,33.8634,34.0440,34.2402,34.4521,34.6796,34.9228,35.1816,35.4563,35.7469,36.0536
1676,32.9194,32.9272,32.9507,32.9899,33.0448,33.1153,33.2016,33.3035,33.4212,33.5547,33.7038,33.8687,34.0493,34.2455,34.4574,34.6849,34.9281,35.1870,35.4616,35.7523,36.0591
1677,32.9247,32.9325,32.9560,32.9952,33.0501,33.1206,33.2069,33.3088,33.4265,33.5600,33.7091,33.8740,34.0545,34.2508,34.4627,34.6902,34.9334,35.1923,35.4670,35.7576,36.0645
1678,32.9300,32.9378,32.9613,33.0005,33.0554,33.1259,33.2122,33.3141,33.4318,33.5653,33.7144,33.8793,34.0598,34.2561,34.4680,34.6955,34.9387,35.1976,35.4723,35.7630,36.0700
1679,32.9353,32.9431,32.9666,33.0058,33.0607,33.1312,33.2175,33.3195,33.4372,33.5706,33.7197,33.8846,34.0651,34.2614,34.4733,34.7008,34.9440,35.2029,35.4777,35.7684,36.0754
1680,32.9406,32.9484,32.9719,33.0111,33.0660,33.1365,33.2228,33.3248,33.4425,33.5759,33.7250,33.8899,34.0704,34.2667,34.4785,34.7061,34.9493,35.2082,35.4830,35.7738,36.0809
1681,32.9459,32.9537,32.9772,33.0164,33.0713,33.1418,33.2281,33.3301,33.4478,33.5812,33.7303,33.8952,34.0757,34.2720,34.4838,34.7114,34.9546,35.2136,35.4884,35.7792,36.0864
1682,32.9512,32.9590,32.9825,33.0217,33.0765,33.1471,33.2334,33.3354,33.4531,33.5865,33.7356,33.9005,34.0810,34.2773,34.4891,34.7167,34.9599,35.2189,35.4938,35.7847,36.0920
1683,32.9564,32.9643,32.9878,33.0270,33.0818,33.1524,33.2387,33.3407,33.4584,33.5918,33.7409,33.9058,34.0863,34.2826,34.4944,34.7220,34.9652,35.2242,35.4991,35.7901,36.0976
1684,32.9617,32.9696,32.9931,33.0323,33.0871,33.1577,33.2440,33.3460,33.4637,33.5971,33.7462,33.9111,34.0916,34.2878,34.4997,34.7273,34.9705,35.2296,35.5045,35.7956,36.1032
1685,32.9670,32.9749,32.9984,33.0376,33.0924,33.1630,33.2493,33.3513,33.4690,33.6024,33.7515,33.9164,34.0969,34.2931,34.5050,34.7326,34.9759,35.2349,35.5099,35.8010,36.1089
1686,32.9723,32.9802,33.0037,33.0429,33.0977,33.1683,33.2546,33.3566,33.4743,33.6077,33.7569,33.9217,34.1022,34.2984,34.5103,34.7379,34.9812,35.2403,35.5153,35.8065,36.1146
1687,32.9776,32.9855,33.0090,33.0482,33.1030,33.1736,33.2599,33.3619,33.4796,33.6130,33.7622,33.9270,34.1075,34.3037,34.5156,34.7432,34.9865,35.2456,35.5207,35.8120,36.1203
1688,32.9829,32.9907,33.0143,33.0535,33.1083,33.1789,33.2652,33.3672,33.4849,33.6183,33.7675,33.9323,34.1128,34.3090,34.5209,34.7485,34.9918,35.2510,35.5261,35.8176,36.1260
1689,32.9882,32.9960,33.0196,33.0588,33.1136,33.1842,33.2705,33.3725,33.4902,33.6236,33.7728,33.9376,34.1181,34.3143,34.5262,34.7538,34.9971,35.2563,35.5315,35.8231,36.1317
1690,32.9935,33.0013,33.0248,33.0640,33.1189,33.1895,33.2758,33.3778,33.4955,33.6289,33.7781,33.9429,34.1234,34.3196,34.5315,34.7591,35.0025,35.2617,35.5369,35.8286,36.1374
1691,32.9988,33.0066,33.0301,33.0693,33.1242,33.1948,33.2811,33.3831,33.5008,33.6342,33.7834,33.9482,34.1287,34.3249,34.5368,34.7644,35.0078,35.2670,35.5424,35.8342,36.1432
1692,33.0041,33.0119,33.0354,33.0746,33.1295,33.2001,33.2864,33.3884,33.5061,33.6395,33.7887,33.9535,34.1340,34.3302,34.5421,34.7697,35.0131,35.2724,35.5478,35.8398,36.1490
1693,33.0094,33.0172,33.0407,33.0799,33.1348,33.2054,33.2917,33.3937,33.5114,33.6448,33.7940,33.9588,34.1393,34.3355,34.5474,34.7751,35.0185,35.2778,35.5533,35.8454,36.1547
1694,33.0147,33.0225,33.0460,33.0852,33.1401,33.2107,33.2970,33.3990,33.5167,33.6501,33.7993,33.9641,34.1446,34.3408,34.5527,34.7804,35.0238,35.2832,35.5588,35.8510,36.1605
1695,33.0200,33.0278,33.0513,33.0905,33.1454,33.2160,33.3023,33.4043,33.5220,33.6554,33.8046,33.9694,34.1499,34.3461,34.5580,34.7857,35.0292,35.2886,35.5642,35.8566,36.1664
1696,33.0253,33.0331,33.0566,33.0958,33.1507,33.2213,33.3076,33.4096,33.5273,33.6607,33.8099,33.9747,34.1552,34.3514,34.5634,34.7910,35.0345,35.2940,35.5697,35.8622,36.1722
1697,33.0306,33.0384,33.0619,33.1011,33.1560,33.2266,33.3129,33.4149,33.5326,33.6660,33.8152,33.9800,34.1605,34.3567,34.5687,34.7963,35.0399,35.2994,35.5752,35.8678,36.1780
1698,33.0359,33.0437,33.0672,33.1064,33.1613,33.2319,33.3182,33.4202,33.5379,33.6714,33.8205,33.9853,34.1658,34.3620,34.5740,34.8017,35.0452,35.3048,35.5807,35.8735,36.1838
1699,33.0412,33.0490,33.0725,33.1117,33.1666,33.2372,33.3235,33.4255,33.5432,33.6767,33.8258,33.9906,34.1711,34.3673,34.5793,34.8070,35.0506,35.3102,35.5862,35.8791,36.1897
1700,33.0464,33.0543,33.0778,33.1170,33.1719,33.2425,33.3288,33.4308,33.5485,33.6820,33.8311,33.9959,34.1764,34.3727,34.5846,34.8123,35.0560,35.3157,35.5918,35.8848,36.1956
1701,33.0517,33.0596,33.0831,33.1223,33.1772,33.2478,33.3341,33.4361,33.5538,33.6873,33.8364,34.0012,34.1817,34.3780,34.5899,34.8177,35.0613,35.3211,35.5973,35.8905,36.2014
1702,33.0570,33.0649,33.0884,33.1276,33.1825,33.2531,33.3394,33.4414,33.5591,33.6926,33.8417,34.0065,34.1870,34.3833,34.5952,34.8230,35.0667,35.3265,35.6028,35.8962,36.2073
1703,33.0623,33.0702,33.0937,33.1329,33.1878,33.2584,33.3447,33.4467,33.5644,33.6979,33.8470,34.0118,34.1923,34.3886,34.6006,34.8284,35.0721,35.3320,35.6084,35.9019,36.2132
1704,33.0676,33.0755,33.0990,33.1382,33.1931,33.2637,33.3500,33.4520,33.5697,33.7032,33.8523,34.0171,34.1976,34.3939,34.6059,34.8337,35.0775,35.3374,35.6140,35.9076,36.2191
1705,33.0729,33.0808,33.1043,33.1435,33.1984,33.2690,33.3553,33.4573,33.5750,33.7085,33.8576,34.0224,34.2029,34.3992,34.6112,34.8391,35.0829,35.3429,35.6195,35.9133,36.2250
1706,33.0782,33.0861,33.1096,33.1488,33.2037,33.2743,33.3606,33.4626,33.5803,33.7138,33.8629,34.0277,34.2083,34.4045,34.6165,34.8444,35.0883,35.3484,35.6251,35.9190,36.2310
1707,33.0835,33.0914,33.1149,33.1541,33.2090,33.2796,33.3659,33.4679,33.5857,33.7191,33.8682,34.0330,34.2136,34.4098,34.6219,34.8498,35.0937,35.3538,35.6307,35.9248,36.2369
1708,33.0888,33.0967,33.1202,33.1594,33.2143,33.2849,33.3712,33.4732,33.5910,33.7244,33.8735,34.0383,34.2189,34.4151,34.6272,34.8551,35.0991,35.3593,35.6363,35.9305,36.2428
1709,33.0941,33.1020,33.1255,33.1647,33.2196,33.2902,33.3765,33.4785,33.5963,33.7297,33.8788,34.0436,34.2242,34.4205,34.6325,34.8605,35.1045,35.3648,35.6419,35.9363,36.2488
1710,33.0994,33.1073,33.1308,33.1700,33.2249,33.2955,33.3818,33.4838,33.6016,33.7350,33.8841,34.0489,34.2295,34.4258,34.6379,34.8659,35.1099,35.3703,35.6475,35.9420,36.2548
1711,33.1047,33.1126,33.1361,33.1753,33.2302,33.3008,33.3871,33.4891,33.6069,33.7403,33.8894,34.0542,34.2348,34.4311,34.6432,34.8712,35.1153,35.3758,35.6531,35.9478,36.2607
1712,33.1100,33.1179,33.1414,33.1806,33.2355,33.3061,33.3924,33.4944,33.6122,33.7456,33.8947,34.0595,34.2401,34.4364,34.6486,34.8766,35.1208,35.3813,35.6587,35.9536,36.2667
1713,33.1153,33.1231,33.1467,33.1859,33.2408,33.3114,33.3977,33.4997,33.6175,33.7509,33.9000,34.0648,34.2454,34.4417,34.6539,34.8820,35.1262,35.3869,35.6644,35.9594,36.2727
1714,33.1206,33.1284,33.1520,33.1912,33.2461,33.3167,33.4030,33.5051,33.6228,33.7562,33.9053,34.0702,34.2507,34.4471,34.6592,34.8874,35.1316,35.3924,35.6700,35.9652,36.2787
1715,33.1259,33.1337,33.1573,33.1965,33.2514,33.3220,33.4083,33.5104,33.6281,33.7615,33.9106,34.0755,34.2560,34.4524,34.6646,34.8928,35.1371,35.3979,35.6757,35.9710,36.2847
1716,33.1312,33.1390,33.1626,33.2018,33.2567,33.3273,33.4136,33.5157,33.6334,33.7668,33.9159,34.0808,34.2614,34.4577,34.6699,34.8982,35.1425,35.4034,35.6813,35.9768,36.2907
1717,33.1365,33.1443,33.1679,33.2071,33.2620,33.3326,33.4189,33.5210,33.6387,33.7721,33.9212,34.0861,34.2667,34.4631,34.6753,34.9035,35.1480,35.4090,35.6870,35.9826,36.2967
1718,33.1418,33.1496,33.1732,33.2124,33.2673,33.3379,33.4242,33.5263,33.6440,33.7774,33.9265,34.0914,34.2720,34.4684,34.6807,34.9089,35.1535,35.4145,35.6927,35.9884,36.3027
1719,33.1471,33.1549,33.1785,33.2177,33.2726,33.3432,33.4295,33.5316,33.6493,33.7827,33.9318,34.0967,34.2773,34.4737,34.6860,34.9144,35.1589,35.4201,35.6983,35.9943,36.3088
1720,33.1524,33.1602,33.1838,33.2230,33.2779,33.3485,33.4348,33.5369,33.6546,33.7880,33.9371,34.1020,34.2826,34.4791,34.6914,34.9198,35.1644,35.4257,35.7040,36.0001,36.3148
1721,33.1577,33.1655,33.1891,33.2283,33.2832,33.3538,33.4401,33.5422,33.6599,33.7933,33.9425,34.1073,34.2880,34.4844,34.6968,34.9252,35.1699,35.4312,35.7097,36.0060,36.3208
1722,33.1630,33.1708,33.1944,33.2336,33.2885,33.3591,33.4454,33.5475,33.6652,33.7986,33.9478,34.1126,34.2933,34.4897,34.7021,34.9306,35.1754,35.4368,35.7154,36.0118,36.3269
1723,33.1683,33.1761,33.1997,33.2389,33.2938,33.3644,33.4508,33.5528,33.6705,33.8039,33.9531,34.1180,34.2986,34.4951,34.7075,34.9360,35.1809,35.4424,35.7211,36.0177,36.3330
1724,33.1736,33.1814,33.2050,33.2442,33.2991,33.3697,33.4561,33.5581,33.6758,33.8092,33.9584,34.1233,34.3039,34.5004,34.7129,34.9414,35.1863,35.4480,35.7268,36.0236,36.3390
1725,33.1789,33.1867,33.2103,33.2495,33.3044,33.3750,33.4614,33.5634,33.6811,33.8145,33.9637,34.1286,34.3093,34.5058,34.7183,34.9469,35.1918,35.4536,35.7326,36.0295,36.3451
1726,33.1842,33.1920,33.2156,33.2548,33.3097,33.3803,33.4667,33.5687,33.6864,33.8198,33.9690,34.1339,34.3146,34.5111,34.7236,34.9523,35.1974,35.4592,35.7383,36.0354,36.3512
1727,33.1895,33.1973,33.2209,33.2601,33.3150,33.3856,33.4720,33.5740,33.6917,33.8251,33.9743,34.1392,34.3199,34.5165,34.7290,34.9577,35.2029,35.4648,35.7440,36.0412,36.3573
1728,33.1948,33.2026,33.2262,33.2654,33.3203,33.3909,33.4773,33.5793,33.6970,33.8304,33.9796,34.1445,34.3253,34.5218,34.7344,34.9632,35.2084,35.4704,35.7498,36.0472,36.3634
1729,33.2001,33.2079,33.2315,33.2707,33.3256,33.3962,33.4826,33.5846,33.7023,33.8358,33.9849,34.1499,34.3306,34.5272,34.7398,34.9686,35.2139,35.4760,35.7555,36.0531,36.3695
1730,33.2054,33.2132,33.2368,33.2760,33.3309,33.4015,33.4879,33.5899,33.7076,33.8411,33.9902,34.1552,34.3359,34.5326,34.7452,34.9741,35.2194,35.4817,35.7613,36.0590,36.3756
1731,33.2107,33.2185,33.2421,33.2813,33.3362,33.4068,33.4932,33.5952,33.7129,33.8464,33.9956,34.1605,34.3413,34.5379,34.7506,34.9795,35.2250,35.4873,35.7670,36.0649,36.3817
1732,33.2160,33.2238,33.2474,33.2866,33.3415,33.4121,33.4985,33.6005,33.7182,33.8517,34.0009,34.1658,34.3466,34.5433,34.7560,34.9850,35.2305,35.4929,35.7728,36.0708,36.3878
1733,33.2213,33.2291,33.2527,33.2919,33.3468,33.4174,33.5038,33.6058,33.7235,33.8570,34.0062,34.1712,34.3520,34.5487,34.7614,34.9905,35.2360,35.4986,35.7786,36.0768,36.3939
1734,33.2266,33.2344,33.2580,33.2972,33.3521,33.4227,33.5091,33.6111,33.7288,33.8623,34.0115,34.1765,34.3573,34.5540,34.7668,34.9959,35.2416,35.5042,35.7844,36.0827,36.4001
1735,33.2319,33.2397,33.2633,33.3025,33.3574,33.4280,33.5144,33.6164,33.7341,33.8676,34.0168,34.1818,34.3626,34.5594,34.7723,35.0014,35.2471,35.5099,35.7902,36.0887,36.4062
1736,33.2372,33.2450,33.2686,33.3078,33.3627,33.4333,33.5197,33.6217,33.7394,33.8729,34.0221,34.1871,34.3680,34.5648,34.7777,35.0069,35.2527,35.5155,35.7960,36.0946,36.4124
1737,33.2425,33.2503,33.2739,33.3131,33.3680,33.4386,33.5250,33.6270,33.7448,33.8782,34.0275,34.1925,34.3733,34.5702,34.7831,35.0124,35.2583,35.5212,35.8018,36.1006,36.4185
1738,33.2478,33.2556,33.2792,33.3184,33.3733,33.4439,33.5303,33.6323,33.7501,33.8835,34.0328,34.1978,34.3787,34.5756,34.7885,35.0178,35.2638,35.5269,35.8076,36.1066,36.4247
1739,33.2531,33.2609,33.2845,33.3237,33.3786,33.4493,33.5356,33.6376,33.7554,33.8889,34.0381,34.2031,34.3841,34.5809,34.7940,35.0233,35.2694,35.5326,35.8134,36.1125,36.4308
1740,33.2584,33.2662,33.2898,33.3290,33.3839,33.4546,33.5409,33.6429,33.7607,33.8942,34.0434,34.2085,34.3894,34.5863,34.7994,35.0288,35.2750,35.5382,35.8192,36.1185,36.4370
1741,33.2637,33.2715,33.2951,33.3343,33.3892,33.4599,33.5462,33.6482,33.7660,33.8995,34.0487,34.2138,34.3948,34.5917,34.8048,35.0343,35.2806,35.5439,35.8250,36.1245,36.4431
1742,33.2690,33.2768,33.3004,33.3396,33.3945,33.4652,33.5515,33.6535,33.7713,33.9048,34.0541,34.2192,34.4001,34.5971,34.8103,35.0398,35.2861,35.5496,35.8308,36.1305,36.4491
1743,33.2743,33.2821,33.3057,33.3449,33.3998,33.4705,33.5568,33.6588,33.7766,33.9101,34.0594,34.2245,34.4055,34.6025,34.8157,35.0453,35.2917,35.5553,35.8367,36.1364,36.4552
1744,33.2796,33.2874,33.3110,33.3502,33.4051,33.4758,33.5621,33.6641,33.7819,33.9154,34.0647,34.2298,34.4109,34.6079,34.8212,35.0508,35.2973,35.5610,35.8425,36.1424,36.4612
1745,33.2849,33.2927,33.3163,33.3555,33.4104,33.4811,33.5674,33.6695,33.7872,33.9207,34.0700,34.2352,34.4162,34.6133,34.8266,35.0564,35.3029,35.5667,35.8483,36.1483,36.4671
1746,33.2902,33.2980,33.3216,33.3608,33.4157,33.4864,33.5727,33.6748,33.7925,33.9261,34.0754,34.2405,34.4216,34.6187,34.8321,35.0619,35.3085,35.5725,35.8542,36.1542,36.4731
1747,33.2955,33.3033,33.3269,33.3661,33.4210,33.4917,33.5780,33.6801,33.7978,33.9314,34.0807,34.2459,34.4270,34.6241,34.8375,35.0674,35.3142,35.5782,35.8600,36.1602,36.4790
1748,33.3008,33.3086,33.3322,33.3714,33.4263,33.4970,33.5833,33.6854,33.8032,33.9367,34.0860,34.2512,34.4323,34.6295,34.8430,35.0729,35.3198,35.5839,35.8658,36.1661,36.4850
1749,33.3061,33.3139,33.3375,33.3767,33.4316,33.5023,33.5886,33.6907,33.8085,33.9420,34.0914,34.2566,34.4377,34.6349,34.8484,35.0785,35.3254,35.5896,35.8716,36.1720,36.4909
1750,33.3114,33.3192,33.3428,33.3820,33.4369,33.5076,33.5939,33.6960,33.8138,33.9473,34.0967,34.2619,34.4431,34.6404,34.8539,35.0840,35.3310,35.5953,35.8775,36.1779,36.4968
1751,33.3167,33.3245,33.3481,33.3873,33.4422,33.5129,33.5992,33.7013,33.8191,33.9527,34.1020,34.2673,34.4485,34.6458,34.8594,35.0895,35.3366,35.6011,35.8833,36.1837,36.5027
1752,33.3220,33.3298,33.3534,33.3926,33.4475,33.5182,33.6045,33.7066,33.8244,33.9580,34.1074,34.2726,34.4539,34.6512,34.8649,35.0951,35.3423,35.6068,35.8891,36.1896,36.5086
1753,33.3273,33.3351,33.3587,33.3979,33.4528,33.5235,33.6098,33.7119,33.8297,33.9633,34.1127,34.2780,34.4592,34.6566,34.8703,35.1006,35.3479,35.6125,35.8949,36.1955,36.5145
1754,33.3326,33.3404,33.3640,33.4032,33.4581,33.5288,33.6151,33.7172,33.8350,33.9686,34.1180,34.2833,34.4646,34.6621,34.8758,35.1062,35.3535,35.6182,35.9007,36.2013,36.5204
1755,33.3379,33.3457,33.3693,33.4085,33.4634,33.5341,33.6205,33.7225,33.8404,33.9740,34.1234,34.2887,34.4700,34.6675,34.8813,35.1117,35.3592,35.6239,35.9065,36.2072,36.5262
1756,33.3432,33.3510,33.3746,33.4138,33.4688,33.5394,33.6258,33.7278,33.8457,33.9793,34.1287,34.2941,34.4754,34.6729,34.8868,35.1173,35.3648,35.6297,35.9123,36.2130,36.5321
1757,33.3485,33.3563,33.3799,33.4191,33.4741,33.5447,33.6311,33.7332,33.8510,33.9846,34.1341,34.2994,34.4808,34.6784,34.8923,35.1229,35.3704,35.6354,35.9181,36.2189,36.5380
1758,33.3538,33.3616,33.3852,33.4244,33.4794,33.5500,33.6364,33.7385,33.8563,33.9899,34.1394,34.3048,34.4862,34.6838,34.8978,35.1284,35.3761,35.6411,35.9239,36.2247,36.5438
1759,33.3591,33.3669,33.3905,33.4297,33.4847,33.5553,33.6417,33.7438,33.8616,33.9953,34.1448,34.3102,34.4916,34.6892,34.9033,35.1340,35.3817,35.6468,35.9297,36.2306,36.5496
1760,33.3644,33.3722,33.3958,33.4350,33.4900,33.5606,33.6470,33.7491,33.8670,34.0006,34.1501,34.3155,34.4970,34.6947,34.9088,35.1396,35.3873,35.6525,35.9354,36.2364,36.5555
1761,33.3697,33.3775,33.4011,33.4403,33.4953,33.5659,33.6523,33.7544,33.8723,34.0059,34.1555,34.3209,34.5024,34.7001,34.9143,35.1451,35.3930,35.6582,35.9412,36.2422,36.5613
1762,33.3750,33.3828,33.4064,33.4456,33.5006,33.5712,33.6576,33.7597,33.8776,34.0113,34.1608,34.3263,34.5078,34.7056,34.9198,35.1507,35.3986,35.6640,35.9470,36.2480,36.5672
1763,33.3803,33.3881,33.4117,33.4509,33.5059,33.5765,33.6629,33.7650,33.8829,34.0166,34.1662,34.3317,34.5132,34.7110,34.9253,35.1563,35.4043,35.6697,35.9528,36.2538,36.5730
1764,33.3856,33.3934,33.4170,33.4562,33.5112,33.5818,33.6682,33.7704,33.8882,34.0219,34.1715,34.3370,34.5186,34.7165,34.9308,35.1618,35.4099,35.6754,35.9585,36.2596,36.5788
1765,33.3909,33.3987,33.4223,33.4615,33.5165,33.5872,33.6735,33.7757,33.8936,34.0273,34.1769,34.3424,34.5241,34.7219,34.9363,35.1674,35.4156,35.6811,35.9643,36.2654,36.5846
1766,33.3962,33.4040,33.4276,33.4668,33.5218,33.5925,33.6789,33.7810,33.8989,34.0326,34.1822,34.3478,34.5295,34.7274,34.9418,35.1730,35.4212,35.6868,35.9701,36.2712,36.5904
1767,33.4015,33.4093,33.4329,33.4721,33.5271,33.5978,33.6842,33.7863,33.9042,34.0380,34.1876,34.3532,34.5349,34.7329,34.9473,35.1786,35.4269,35.6925,35.9758,36.2770,36.5962
1768,33.4068,33.4146,33.4382,33.4774,33.5324,33.6031,33.6895,33.7916,33.9096,34.0433,34.1929,34.3586,34.5403,34.7383,34.9529,35.1841,35.4325,35.6982,35.9816,36.2828,36.6020
1769,33.4121,33.4199,33.4435,33.4827,33.5377,33.6084,33.6948,33.7969,33.9149,34.0486,34.1983,34.3640,34.5457,34.7438,34.9584,35.1897,35.4381,35.7039,35.9874,36.2886,36.6078
1770,33.4174,33.4252,33.4488,33.4880,33.5430,33.6137,33.7001,33.8023,33.9202,34.0540,34.2037,34.3693,34.5512,34.7493,34.9639,35.1953,35.4438,35.7096,35.9931,36.2944,36.6136
1771,33.4227,33.4305,33.4541,33.4934,33.5483,33.6190,33.7054,33.8076,33.9255,34.0593,34.2090,34.3747,34.5566,34.7547,34.9694,35.2009,35.4494,35.7153,35.9989,36.3002,36.6194
1772,33.4280,33.4358,33.4594,33.4987,33.5536,33.6243,33.7107,33.8129,33.9309,34.0647,34.2144,34.3801,34.5620,34.7602,34.9749,35.2065,35.4551,35.7210,36.0046,36.3060,36.6252
1773,33.4333,33.4412,33.4647,33.5040,33.5589,33.6296,33.7160,33.8182,33.9362,34.0700,34.2198,34.3855,34.5674,34.7657,34.9805,35.2121,35.4607,35.7267,36.0104,36.3117,36.6310
1774,33.4386,33.4465,33.4700,33.5093,33.5642,33.6349,33.7214,33.8236,33.9415,34.0754,34.2251,34.3909,34.5729,34.7712,34.9860,35.2177,35.4664,35.7324,36.0161,36.3175,36.6368
1775,33.4439,33.4518,33.4753,33.5146,33.5695,33.6402,33.7267,33.8289,33.9469,34.0807,34.2305,34.3963,34.5783,34.7766,34.9915,35.2232,35.4720,35.7381,36.0218,36.3233,36.6426
1776,33.4492,33.4571,33.4806,33.5199,33.5749,33.6456,33.7320,33.8342,33.9522,34.0861,34.2359,34.4017,34.5837,34.7821,34.9971,35.2288,35.4777,35.7438,36.0276,36.3291,36.6483
1777,33.4545,33.4624,33.4859,33.5252,33.5802,33.6509,33.7373,33.8395,33.9575,34.0914,34.2413,34.4071,34.5892,34.7876,35.0026,35.2344,35.4833,35.7495,36.0333,36.3348,36.6541
1778,33.4598,33.4677,33.4912,33.5305,33.5855,33.6562,33.7426,33.8448,33.9629,34.0968,34.2466,34.4125,34.5946,34.7931,35.0081,35.2400,35.4890,35.7552,36.0391,36.3406,36.6599
1779,33.4651,33.4730,33.4965,33.5358,33.5908,33.6615,33.7479,33.8502,33.9682,34.1021,34.2520,34.4179,34.6001,34.7986,35.0137,35.2456,35.4946,35.7609,36.0448,36.3463,36.6656
1780,33.4704,33.4783,33.5018,33.5411,33.5961,33.6668,33.7533,33.8555,33.9736,34.1075,34.2574,34.4233,34.6055,34.8041,35.0192,35.2512,35.5002,35.7666,36.0505,36.3521,36.6714
1781,33.4757,33.4836,33.5071,33.5464,33.6014,33.6721,33.7586,33.8608,33.9789,34.1129,34.2628,34.4288,34.6110,34.8096,35.0248,35.2568,35.5059,35.7723,36.0562,36.3578,36.6772
1782,33.4810,33.4889,33.5124,33.5517,33.6067,33.6774,33.7639,33.8662,33.9842,34.1182,34.2682,34.4342,34.6164,34.8150,35.0303,35.2624,35.5115,35.7780,36.0620,36.3636,36.6829
1783,33.4863,33.4942,33.5177,33.5570,33.6120,33.6827,33.7692,33.8715,33.9896,34.1236,34.2735,34.4396,34.6219,34.8205,35.0358,35.2680,35.5172,35.7837,36.0677,36.3693,36.6887
1784,33.4916,33.4995,33.5231,33.5623,33.6173,33.6881,33.7745,33.8768,33.9949,34.1289,34.2789,34.4450,34.6273,34.8260,35.0414,35.2736,35.5228,35.7894,36.0734,36.3751,36.6944
1785,33.4969,33.5048,33.5284,33.5676,33.6226,33.6934,33.7799,33.8822,34.0003,34.1343,34.2843,34.4504,34.6328,34.8315,35.0469,35.2792,35.5285,35.7951,36.0791,36.3808,36.7002
1786,33.5022,33.5101,33.5337,33.5729,33.6279,33.6987,33.7852,33.8875,34.0056,34.1397,34.2897,34.4558,34.6382,34.8370,35.0525,35.2847,35.5341,35.8007,36.0849,36.3866,36.7059
1787,33.5076,33.5154,33.5390,33.5783,33.6333,33.7040,33.7905,33.8928,34.0110,34.1450,34.2951,34.4612,34.6437,34.8425,35.0580,35.2903,35.5397,35.8064,36.0906,36.3923,36.7117
1788,33.5129,33.5207,33.5443,33.5836,33.6386,33.7093,33.7958,33.8982,34.0163,34.1504,34.3005,34.4667,34.6491,34.8480,35.0636,35.2959,35.5454,35.8121,36.0963,36.3981,36.7174
1789,33.5182,33.5260,33.5496,33.5889,33.6439,33.7146,33.8012,33.9035,34.0217,34.1558,34.3059,34.4721,34.6546,34.8535,35.0691,35.3015,35.5510,35.8178,36.1020,36.4038,36.7232
1790,33.5235,33.5313,33.5549,33.5942,33.6492,33.7200,33.8065,33.9088,34.0270,34.1611,34.3113,34.4775,34.6600,34.8590,35.0746,35.3071,35.5567,35.8235,36.1077,36.4095,36.7289
1791,33.5288,33.5366,33.5602,33.5995,33.6545,33.7253,33.8118,33.9142,34.0324,34.1665,34.3167,34.4829,34.6655,34.8645,35.0802,35.3127,35.5623,35.8292,36.1134,36.4153,36.7347
1792,33.5341,33.5419,33.5655,33.6048,33.6598,33.7306,33.8171,33.9195,34.0377,34.1719,34.3221,34.4884,34.6710,34.8700,35.0857,35.3183,35.5679,35.8348,36.1191,36.4210,36.7404
1793,33.5394,33.5472,33.5708,33.6101,33.6651,33.7359,33.8225,33.9248,34.0431,34.1772,34.3275,34.4938,34.6764,34.8755,35.0913,35.3239,35.5736,35.8405,36.1249,36.4267,36.7462
1794,33.5447,33.5526,33.5761,33.6154,33.6705,33.7412,33.8278,33.9302,34.0484,34.1826,34.3329,34.4992,34.6819,34.8810,35.0968,35.3295,35.5792,35.8462,36.1306,36.4324,36.7519
1795,33.5500,33.5579,33.5814,33.6207,33.6758,33.7466,33.8331,33.9355,34.0538,34.1880,34.3383,34.5047,34.6874,34.8866,35.1024,35.3351,35.5849,35.8519,36.1363,36.4382,36.7576
1796,33.5553,33.5632,33.5867,33.6260,33.6811,33.7519,33.8385,33.9409,34.0591,34.1934,34.3437,34.5101,34.6928,34.8921,35.1080,35.3407,35.5905,35.8575,36.1420,36.4439,36.7634
1797,33.5606,33.5685,33.5921,33.6314,33.6864,33.7572,33.8438,33.9462,34.0645,34.1988,34.3491,34.5155,34.6983,34.8976,35.1135,35.3463,35.5961,35.8632,36.1477,36.4496,36.7691
1798,33.5659,33.5738,33.5974,33.6367,33.6917,33.7625,33.8491,33.9516,34.0699,34.2041,34.3545,34.5210,34.7038,34.9031,35.1191,35.3519,35.6018,35.8689,36.1534,36.4553,36.7748
1799,33.5712,33.5791,33.6027,33.6420,33.6970,33.7679,33.8545,33.9569,34.0752,34.2095,34.3599,34.5264,34.7093,34.9086,35.1246,35.3575,35.6074,35.8746,36.1591,36.4611,36.7805
1800,33.5765,33.5844,33.6080,33.6473,33.7024,33.7732,33.8598,33.9622,34.0806,34.2149,34.3653,34.5318,34.7147,34.9141,35.1302,35.3631,35.6131,35.8802,36.1648,36.4668,36.7863
